2024-11-14 16:51:28,055 - werkzeug - WARNING -  * Debugger is active!
2024-11-14 16:51:28,060 - werkzeug - INFO -  * Debugger PIN: 218-150-673
2024-11-14 16:51:46,240 - werkzeug - INFO -  * Detected change in '/Applications/XAMPP/xamppfiles/htdocs/ss/app/__init__.py', reloading
2024-11-14 16:51:46,379 - werkzeug - WARNING -  * Debugger is active!
2024-11-14 16:51:46,383 - werkzeug - INFO -  * Debugger PIN: 218-150-673
2024-11-14 16:52:06,589 - werkzeug - INFO -  * Detected change in '/Applications/XAMPP/xamppfiles/htdocs/ss/app/routes.py', reloading
2024-11-14 16:52:06,747 - werkzeug - WARNING -  * Debugger is active!
2024-11-14 16:52:06,751 - werkzeug - INFO -  * Debugger PIN: 218-150-673
2024-11-14 16:53:15,488 - werkzeug - INFO -  * Detected change in '/Applications/XAMPP/xamppfiles/htdocs/ss/app/utils.py', reloading
2024-11-14 16:53:15,646 - werkzeug - WARNING -  * Debugger is active!
2024-11-14 16:53:15,650 - werkzeug - INFO -  * Debugger PIN: 856-842-152
2024-11-14 16:55:50,224 - werkzeug - INFO -  * Detected change in '/Applications/XAMPP/xamppfiles/htdocs/ss/app.py', reloading
2024-11-14 16:55:50,418 - werkzeug - WARNING -  * Debugger is active!
2024-11-14 16:55:50,423 - werkzeug - INFO -  * Debugger PIN: 856-842-152
2024-11-14 17:02:46,591 - werkzeug - INFO - [31m[1mWARNING: This is a development server. Do not use it in a production deployment. Use a production WSGI server instead.[0m
 * Running on http://127.0.0.1:5001
2024-11-14 17:02:46,591 - werkzeug - INFO - [33mPress CTRL+C to quit[0m
2024-11-14 17:02:46,592 - werkzeug - INFO -  * Restarting with stat
2024-11-14 17:02:46,697 - werkzeug - WARNING -  * Debugger is active!
2024-11-14 17:02:46,702 - werkzeug - INFO -  * Debugger PIN: 856-842-152
2024-11-14 17:03:06,504 - app.routes - ERROR - Erro na rota index: no such table: pacientes
Traceback (most recent call last):
  File "/Applications/XAMPP/xamppfiles/htdocs/ss/app/routes.py", line 19, in index
    cursor.execute('SELECT * FROM pacientes ORDER BY nome')
sqlite3.OperationalError: no such table: pacientes
2024-11-14 17:03:06,506 - werkzeug - INFO - 127.0.0.1 - - [14/Nov/2024 17:03:06] "[32mGET / HTTP/1.1[0m" 302 -
2024-11-14 17:03:06,519 - app.routes - ERROR - Erro na rota index: no such table: pacientes
Traceback (most recent call last):
  File "/Applications/XAMPP/xamppfiles/htdocs/ss/app/routes.py", line 19, in index
    cursor.execute('SELECT * FROM pacientes ORDER BY nome')
sqlite3.OperationalError: no such table: pacientes
2024-11-14 17:03:06,519 - werkzeug - INFO - 127.0.0.1 - - [14/Nov/2024 17:03:06] "[32mGET / HTTP/1.1[0m" 302 -
2024-11-14 17:03:06,523 - app.routes - ERROR - Erro na rota index: no such table: pacientes
Traceback (most recent call last):
  File "/Applications/XAMPP/xamppfiles/htdocs/ss/app/routes.py", line 19, in index
    cursor.execute('SELECT * FROM pacientes ORDER BY nome')
sqlite3.OperationalError: no such table: pacientes
2024-11-14 17:03:06,523 - werkzeug - INFO - 127.0.0.1 - - [14/Nov/2024 17:03:06] "[32mGET / HTTP/1.1[0m" 302 -
2024-11-14 17:03:06,528 - app.routes - ERROR - Erro na rota index: no such table: pacientes
Traceback (most recent call last):
  File "/Applications/XAMPP/xamppfiles/htdocs/ss/app/routes.py", line 19, in index
    cursor.execute('SELECT * FROM pacientes ORDER BY nome')
sqlite3.OperationalError: no such table: pacientes
2024-11-14 17:03:06,528 - werkzeug - INFO - 127.0.0.1 - - [14/Nov/2024 17:03:06] "[32mGET / HTTP/1.1[0m" 302 -
2024-11-14 17:03:06,535 - app.routes - ERROR - Erro na rota index: no such table: pacientes
Traceback (most recent call last):
  File "/Applications/XAMPP/xamppfiles/htdocs/ss/app/routes.py", line 19, in index
    cursor.execute('SELECT * FROM pacientes ORDER BY nome')
sqlite3.OperationalError: no such table: pacientes
2024-11-14 17:03:06,535 - werkzeug - INFO - 127.0.0.1 - - [14/Nov/2024 17:03:06] "[32mGET / HTTP/1.1[0m" 302 -
2024-11-14 17:03:06,539 - app.routes - ERROR - Erro na rota index: no such table: pacientes
Traceback (most recent call last):
  File "/Applications/XAMPP/xamppfiles/htdocs/ss/app/routes.py", line 19, in index
    cursor.execute('SELECT * FROM pacientes ORDER BY nome')
sqlite3.OperationalError: no such table: pacientes
2024-11-14 17:03:06,539 - werkzeug - INFO - 127.0.0.1 - - [14/Nov/2024 17:03:06] "[32mGET / HTTP/1.1[0m" 302 -
2024-11-14 17:03:06,543 - app.routes - ERROR - Erro na rota index: no such table: pacientes
Traceback (most recent call last):
  File "/Applications/XAMPP/xamppfiles/htdocs/ss/app/routes.py", line 19, in index
    cursor.execute('SELECT * FROM pacientes ORDER BY nome')
sqlite3.OperationalError: no such table: pacientes
2024-11-14 17:03:06,544 - werkzeug - INFO - 127.0.0.1 - - [14/Nov/2024 17:03:06] "[32mGET / HTTP/1.1[0m" 302 -
2024-11-14 17:03:06,548 - app.routes - ERROR - Erro na rota index: no such table: pacientes
Traceback (most recent call last):
  File "/Applications/XAMPP/xamppfiles/htdocs/ss/app/routes.py", line 19, in index
    cursor.execute('SELECT * FROM pacientes ORDER BY nome')
sqlite3.OperationalError: no such table: pacientes
2024-11-14 17:03:06,548 - werkzeug - INFO - 127.0.0.1 - - [14/Nov/2024 17:03:06] "[32mGET / HTTP/1.1[0m" 302 -
2024-11-14 17:03:06,553 - app.routes - ERROR - Erro na rota index: no such table: pacientes
Traceback (most recent call last):
  File "/Applications/XAMPP/xamppfiles/htdocs/ss/app/routes.py", line 19, in index
    cursor.execute('SELECT * FROM pacientes ORDER BY nome')
sqlite3.OperationalError: no such table: pacientes
2024-11-14 17:03:06,554 - werkzeug - INFO - 127.0.0.1 - - [14/Nov/2024 17:03:06] "[32mGET / HTTP/1.1[0m" 302 -
2024-11-14 17:03:06,558 - app.routes - ERROR - Erro na rota index: no such table: pacientes
Traceback (most recent call last):
  File "/Applications/XAMPP/xamppfiles/htdocs/ss/app/routes.py", line 19, in index
    cursor.execute('SELECT * FROM pacientes ORDER BY nome')
sqlite3.OperationalError: no such table: pacientes
2024-11-14 17:03:06,559 - werkzeug - INFO - 127.0.0.1 - - [14/Nov/2024 17:03:06] "[32mGET / HTTP/1.1[0m" 302 -
2024-11-14 17:03:06,563 - app.routes - ERROR - Erro na rota index: no such table: pacientes
Traceback (most recent call last):
  File "/Applications/XAMPP/xamppfiles/htdocs/ss/app/routes.py", line 19, in index
    cursor.execute('SELECT * FROM pacientes ORDER BY nome')
sqlite3.OperationalError: no such table: pacientes
2024-11-14 17:03:06,563 - werkzeug - INFO - 127.0.0.1 - - [14/Nov/2024 17:03:06] "[32mGET / HTTP/1.1[0m" 302 -
2024-11-14 17:03:06,567 - app.routes - ERROR - Erro na rota index: no such table: pacientes
Traceback (most recent call last):
  File "/Applications/XAMPP/xamppfiles/htdocs/ss/app/routes.py", line 19, in index
    cursor.execute('SELECT * FROM pacientes ORDER BY nome')
sqlite3.OperationalError: no such table: pacientes
2024-11-14 17:03:06,568 - werkzeug - INFO - 127.0.0.1 - - [14/Nov/2024 17:03:06] "[32mGET / HTTP/1.1[0m" 302 -
2024-11-14 17:03:06,572 - app.routes - ERROR - Erro na rota index: no such table: pacientes
Traceback (most recent call last):
  File "/Applications/XAMPP/xamppfiles/htdocs/ss/app/routes.py", line 19, in index
    cursor.execute('SELECT * FROM pacientes ORDER BY nome')
sqlite3.OperationalError: no such table: pacientes
2024-11-14 17:03:06,572 - werkzeug - INFO - 127.0.0.1 - - [14/Nov/2024 17:03:06] "[32mGET / HTTP/1.1[0m" 302 -
2024-11-14 17:03:06,576 - app.routes - ERROR - Erro na rota index: no such table: pacientes
Traceback (most recent call last):
  File "/Applications/XAMPP/xamppfiles/htdocs/ss/app/routes.py", line 19, in index
    cursor.execute('SELECT * FROM pacientes ORDER BY nome')
sqlite3.OperationalError: no such table: pacientes
2024-11-14 17:03:06,576 - werkzeug - INFO - 127.0.0.1 - - [14/Nov/2024 17:03:06] "[32mGET / HTTP/1.1[0m" 302 -
2024-11-14 17:03:06,579 - app.routes - ERROR - Erro na rota index: no such table: pacientes
Traceback (most recent call last):
  File "/Applications/XAMPP/xamppfiles/htdocs/ss/app/routes.py", line 19, in index
    cursor.execute('SELECT * FROM pacientes ORDER BY nome')
sqlite3.OperationalError: no such table: pacientes
2024-11-14 17:03:06,579 - werkzeug - INFO - 127.0.0.1 - - [14/Nov/2024 17:03:06] "[32mGET / HTTP/1.1[0m" 302 -
2024-11-14 17:03:06,584 - app.routes - ERROR - Erro na rota index: no such table: pacientes
Traceback (most recent call last):
  File "/Applications/XAMPP/xamppfiles/htdocs/ss/app/routes.py", line 19, in index
    cursor.execute('SELECT * FROM pacientes ORDER BY nome')
sqlite3.OperationalError: no such table: pacientes
2024-11-14 17:03:06,584 - werkzeug - INFO - 127.0.0.1 - - [14/Nov/2024 17:03:06] "[32mGET / HTTP/1.1[0m" 302 -
2024-11-14 17:03:06,587 - app.routes - ERROR - Erro na rota index: no such table: pacientes
Traceback (most recent call last):
  File "/Applications/XAMPP/xamppfiles/htdocs/ss/app/routes.py", line 19, in index
    cursor.execute('SELECT * FROM pacientes ORDER BY nome')
sqlite3.OperationalError: no such table: pacientes
2024-11-14 17:03:06,588 - werkzeug - INFO - 127.0.0.1 - - [14/Nov/2024 17:03:06] "[32mGET / HTTP/1.1[0m" 302 -
2024-11-14 17:03:06,591 - app.routes - ERROR - Erro na rota index: no such table: pacientes
Traceback (most recent call last):
  File "/Applications/XAMPP/xamppfiles/htdocs/ss/app/routes.py", line 19, in index
    cursor.execute('SELECT * FROM pacientes ORDER BY nome')
sqlite3.OperationalError: no such table: pacientes
2024-11-14 17:03:06,591 - werkzeug - INFO - 127.0.0.1 - - [14/Nov/2024 17:03:06] "[32mGET / HTTP/1.1[0m" 302 -
2024-11-14 17:03:06,594 - app.routes - ERROR - Erro na rota index: no such table: pacientes
Traceback (most recent call last):
  File "/Applications/XAMPP/xamppfiles/htdocs/ss/app/routes.py", line 19, in index
    cursor.execute('SELECT * FROM pacientes ORDER BY nome')
sqlite3.OperationalError: no such table: pacientes
2024-11-14 17:03:06,595 - werkzeug - INFO - 127.0.0.1 - - [14/Nov/2024 17:03:06] "[32mGET / HTTP/1.1[0m" 302 -
2024-11-14 17:03:06,600 - app.routes - ERROR - Erro na rota index: no such table: pacientes
Traceback (most recent call last):
  File "/Applications/XAMPP/xamppfiles/htdocs/ss/app/routes.py", line 19, in index
    cursor.execute('SELECT * FROM pacientes ORDER BY nome')
sqlite3.OperationalError: no such table: pacientes
2024-11-14 17:03:06,601 - werkzeug - INFO - 127.0.0.1 - - [14/Nov/2024 17:03:06] "[32mGET / HTTP/1.1[0m" 302 -
2024-11-14 17:03:06,605 - app.routes - ERROR - Erro na rota index: no such table: pacientes
Traceback (most recent call last):
  File "/Applications/XAMPP/xamppfiles/htdocs/ss/app/routes.py", line 19, in index
    cursor.execute('SELECT * FROM pacientes ORDER BY nome')
sqlite3.OperationalError: no such table: pacientes
2024-11-14 17:03:06,605 - werkzeug - INFO - 127.0.0.1 - - [14/Nov/2024 17:03:06] "[32mGET / HTTP/1.1[0m" 302 -
2024-11-14 17:03:18,513 - app.routes - ERROR - Erro na rota index: no such table: pacientes
Traceback (most recent call last):
  File "/Applications/XAMPP/xamppfiles/htdocs/ss/app/routes.py", line 19, in index
    cursor.execute('SELECT * FROM pacientes ORDER BY nome')
sqlite3.OperationalError: no such table: pacientes
2024-11-14 17:03:18,514 - werkzeug - INFO - 127.0.0.1 - - [14/Nov/2024 17:03:18] "[32mPOST / HTTP/1.1[0m" 302 -
2024-11-14 17:03:18,518 - app.routes - ERROR - Erro na rota index: no such table: pacientes
Traceback (most recent call last):
  File "/Applications/XAMPP/xamppfiles/htdocs/ss/app/routes.py", line 19, in index
    cursor.execute('SELECT * FROM pacientes ORDER BY nome')
sqlite3.OperationalError: no such table: pacientes
2024-11-14 17:03:18,519 - werkzeug - INFO - 127.0.0.1 - - [14/Nov/2024 17:03:18] "[32mGET / HTTP/1.1[0m" 302 -
2024-11-14 17:03:18,524 - app.routes - ERROR - Erro na rota index: no such table: pacientes
Traceback (most recent call last):
  File "/Applications/XAMPP/xamppfiles/htdocs/ss/app/routes.py", line 19, in index
    cursor.execute('SELECT * FROM pacientes ORDER BY nome')
sqlite3.OperationalError: no such table: pacientes
2024-11-14 17:03:18,525 - werkzeug - INFO - 127.0.0.1 - - [14/Nov/2024 17:03:18] "[32mGET / HTTP/1.1[0m" 302 -
2024-11-14 17:03:18,530 - app.routes - ERROR - Erro na rota index: no such table: pacientes
Traceback (most recent call last):
  File "/Applications/XAMPP/xamppfiles/htdocs/ss/app/routes.py", line 19, in index
    cursor.execute('SELECT * FROM pacientes ORDER BY nome')
sqlite3.OperationalError: no such table: pacientes
2024-11-14 17:03:18,531 - werkzeug - INFO - 127.0.0.1 - - [14/Nov/2024 17:03:18] "[32mGET / HTTP/1.1[0m" 302 -
2024-11-14 17:03:18,536 - app.routes - ERROR - Erro na rota index: no such table: pacientes
Traceback (most recent call last):
  File "/Applications/XAMPP/xamppfiles/htdocs/ss/app/routes.py", line 19, in index
    cursor.execute('SELECT * FROM pacientes ORDER BY nome')
sqlite3.OperationalError: no such table: pacientes
2024-11-14 17:03:18,537 - werkzeug - INFO - 127.0.0.1 - - [14/Nov/2024 17:03:18] "[32mGET / HTTP/1.1[0m" 302 -
2024-11-14 17:03:18,541 - app.routes - ERROR - Erro na rota index: no such table: pacientes
Traceback (most recent call last):
  File "/Applications/XAMPP/xamppfiles/htdocs/ss/app/routes.py", line 19, in index
    cursor.execute('SELECT * FROM pacientes ORDER BY nome')
sqlite3.OperationalError: no such table: pacientes
2024-11-14 17:03:18,542 - werkzeug - INFO - 127.0.0.1 - - [14/Nov/2024 17:03:18] "[32mGET / HTTP/1.1[0m" 302 -
2024-11-14 17:03:18,545 - app.routes - ERROR - Erro na rota index: no such table: pacientes
Traceback (most recent call last):
  File "/Applications/XAMPP/xamppfiles/htdocs/ss/app/routes.py", line 19, in index
    cursor.execute('SELECT * FROM pacientes ORDER BY nome')
sqlite3.OperationalError: no such table: pacientes
2024-11-14 17:03:18,546 - werkzeug - INFO - 127.0.0.1 - - [14/Nov/2024 17:03:18] "[32mGET / HTTP/1.1[0m" 302 -
2024-11-14 17:03:18,551 - app.routes - ERROR - Erro na rota index: no such table: pacientes
Traceback (most recent call last):
  File "/Applications/XAMPP/xamppfiles/htdocs/ss/app/routes.py", line 19, in index
    cursor.execute('SELECT * FROM pacientes ORDER BY nome')
sqlite3.OperationalError: no such table: pacientes
2024-11-14 17:03:18,553 - werkzeug - INFO - 127.0.0.1 - - [14/Nov/2024 17:03:18] "[32mGET / HTTP/1.1[0m" 302 -
2024-11-14 17:03:18,557 - app.routes - ERROR - Erro na rota index: no such table: pacientes
Traceback (most recent call last):
  File "/Applications/XAMPP/xamppfiles/htdocs/ss/app/routes.py", line 19, in index
    cursor.execute('SELECT * FROM pacientes ORDER BY nome')
sqlite3.OperationalError: no such table: pacientes
2024-11-14 17:03:18,558 - werkzeug - INFO - 127.0.0.1 - - [14/Nov/2024 17:03:18] "[32mGET / HTTP/1.1[0m" 302 -
2024-11-14 17:03:18,562 - app.routes - ERROR - Erro na rota index: no such table: pacientes
Traceback (most recent call last):
  File "/Applications/XAMPP/xamppfiles/htdocs/ss/app/routes.py", line 19, in index
    cursor.execute('SELECT * FROM pacientes ORDER BY nome')
sqlite3.OperationalError: no such table: pacientes
2024-11-14 17:03:18,563 - werkzeug - INFO - 127.0.0.1 - - [14/Nov/2024 17:03:18] "[32mGET / HTTP/1.1[0m" 302 -
2024-11-14 17:03:18,567 - app.routes - ERROR - Erro na rota index: no such table: pacientes
Traceback (most recent call last):
  File "/Applications/XAMPP/xamppfiles/htdocs/ss/app/routes.py", line 19, in index
    cursor.execute('SELECT * FROM pacientes ORDER BY nome')
sqlite3.OperationalError: no such table: pacientes
2024-11-14 17:03:18,568 - werkzeug - INFO - 127.0.0.1 - - [14/Nov/2024 17:03:18] "[32mGET / HTTP/1.1[0m" 302 -
2024-11-14 17:03:18,572 - app.routes - ERROR - Erro na rota index: no such table: pacientes
Traceback (most recent call last):
  File "/Applications/XAMPP/xamppfiles/htdocs/ss/app/routes.py", line 19, in index
    cursor.execute('SELECT * FROM pacientes ORDER BY nome')
sqlite3.OperationalError: no such table: pacientes
2024-11-14 17:03:18,573 - werkzeug - INFO - 127.0.0.1 - - [14/Nov/2024 17:03:18] "[32mGET / HTTP/1.1[0m" 302 -
2024-11-14 17:03:18,576 - app.routes - ERROR - Erro na rota index: no such table: pacientes
Traceback (most recent call last):
  File "/Applications/XAMPP/xamppfiles/htdocs/ss/app/routes.py", line 19, in index
    cursor.execute('SELECT * FROM pacientes ORDER BY nome')
sqlite3.OperationalError: no such table: pacientes
2024-11-14 17:03:18,577 - werkzeug - INFO - 127.0.0.1 - - [14/Nov/2024 17:03:18] "[32mGET / HTTP/1.1[0m" 302 -
2024-11-14 17:03:18,580 - app.routes - ERROR - Erro na rota index: no such table: pacientes
Traceback (most recent call last):
  File "/Applications/XAMPP/xamppfiles/htdocs/ss/app/routes.py", line 19, in index
    cursor.execute('SELECT * FROM pacientes ORDER BY nome')
sqlite3.OperationalError: no such table: pacientes
2024-11-14 17:03:18,581 - werkzeug - INFO - 127.0.0.1 - - [14/Nov/2024 17:03:18] "[32mGET / HTTP/1.1[0m" 302 -
2024-11-14 17:03:18,585 - app.routes - ERROR - Erro na rota index: no such table: pacientes
Traceback (most recent call last):
  File "/Applications/XAMPP/xamppfiles/htdocs/ss/app/routes.py", line 19, in index
    cursor.execute('SELECT * FROM pacientes ORDER BY nome')
sqlite3.OperationalError: no such table: pacientes
2024-11-14 17:03:18,586 - werkzeug - INFO - 127.0.0.1 - - [14/Nov/2024 17:03:18] "[32mGET / HTTP/1.1[0m" 302 -
2024-11-14 17:03:18,589 - app.routes - ERROR - Erro na rota index: no such table: pacientes
Traceback (most recent call last):
  File "/Applications/XAMPP/xamppfiles/htdocs/ss/app/routes.py", line 19, in index
    cursor.execute('SELECT * FROM pacientes ORDER BY nome')
sqlite3.OperationalError: no such table: pacientes
2024-11-14 17:03:18,590 - werkzeug - INFO - 127.0.0.1 - - [14/Nov/2024 17:03:18] "[32mGET / HTTP/1.1[0m" 302 -
2024-11-14 17:03:18,594 - app.routes - ERROR - Erro na rota index: no such table: pacientes
Traceback (most recent call last):
  File "/Applications/XAMPP/xamppfiles/htdocs/ss/app/routes.py", line 19, in index
    cursor.execute('SELECT * FROM pacientes ORDER BY nome')
sqlite3.OperationalError: no such table: pacientes
2024-11-14 17:03:18,595 - werkzeug - INFO - 127.0.0.1 - - [14/Nov/2024 17:03:18] "[32mGET / HTTP/1.1[0m" 302 -
2024-11-14 17:03:18,598 - app.routes - ERROR - Erro na rota index: no such table: pacientes
Traceback (most recent call last):
  File "/Applications/XAMPP/xamppfiles/htdocs/ss/app/routes.py", line 19, in index
    cursor.execute('SELECT * FROM pacientes ORDER BY nome')
sqlite3.OperationalError: no such table: pacientes
2024-11-14 17:03:18,598 - werkzeug - INFO - 127.0.0.1 - - [14/Nov/2024 17:03:18] "[32mGET / HTTP/1.1[0m" 302 -
2024-11-14 17:03:18,603 - app.routes - ERROR - Erro na rota index: no such table: pacientes
Traceback (most recent call last):
  File "/Applications/XAMPP/xamppfiles/htdocs/ss/app/routes.py", line 19, in index
    cursor.execute('SELECT * FROM pacientes ORDER BY nome')
sqlite3.OperationalError: no such table: pacientes
2024-11-14 17:03:18,604 - werkzeug - INFO - 127.0.0.1 - - [14/Nov/2024 17:03:18] "[32mGET / HTTP/1.1[0m" 302 -
2024-11-14 17:03:18,607 - app.routes - ERROR - Erro na rota index: no such table: pacientes
Traceback (most recent call last):
  File "/Applications/XAMPP/xamppfiles/htdocs/ss/app/routes.py", line 19, in index
    cursor.execute('SELECT * FROM pacientes ORDER BY nome')
sqlite3.OperationalError: no such table: pacientes
2024-11-14 17:03:18,608 - werkzeug - INFO - 127.0.0.1 - - [14/Nov/2024 17:03:18] "[32mGET / HTTP/1.1[0m" 302 -
2024-11-14 17:03:19,633 - app.routes - ERROR - Erro na rota index: no such table: pacientes
Traceback (most recent call last):
  File "/Applications/XAMPP/xamppfiles/htdocs/ss/app/routes.py", line 19, in index
    cursor.execute('SELECT * FROM pacientes ORDER BY nome')
sqlite3.OperationalError: no such table: pacientes
2024-11-14 17:03:19,634 - werkzeug - INFO - 127.0.0.1 - - [14/Nov/2024 17:03:19] "[32mGET / HTTP/1.1[0m" 302 -
2024-11-14 17:03:19,637 - app.routes - ERROR - Erro na rota index: no such table: pacientes
Traceback (most recent call last):
  File "/Applications/XAMPP/xamppfiles/htdocs/ss/app/routes.py", line 19, in index
    cursor.execute('SELECT * FROM pacientes ORDER BY nome')
sqlite3.OperationalError: no such table: pacientes
2024-11-14 17:03:19,638 - werkzeug - INFO - 127.0.0.1 - - [14/Nov/2024 17:03:19] "[32mGET / HTTP/1.1[0m" 302 -
2024-11-14 17:03:19,641 - app.routes - ERROR - Erro na rota index: no such table: pacientes
Traceback (most recent call last):
  File "/Applications/XAMPP/xamppfiles/htdocs/ss/app/routes.py", line 19, in index
    cursor.execute('SELECT * FROM pacientes ORDER BY nome')
sqlite3.OperationalError: no such table: pacientes
2024-11-14 17:03:19,642 - werkzeug - INFO - 127.0.0.1 - - [14/Nov/2024 17:03:19] "[32mGET / HTTP/1.1[0m" 302 -
2024-11-14 17:03:19,644 - app.routes - ERROR - Erro na rota index: no such table: pacientes
Traceback (most recent call last):
  File "/Applications/XAMPP/xamppfiles/htdocs/ss/app/routes.py", line 19, in index
    cursor.execute('SELECT * FROM pacientes ORDER BY nome')
sqlite3.OperationalError: no such table: pacientes
2024-11-14 17:03:19,645 - werkzeug - INFO - 127.0.0.1 - - [14/Nov/2024 17:03:19] "[32mGET / HTTP/1.1[0m" 302 -
2024-11-14 17:03:19,648 - app.routes - ERROR - Erro na rota index: no such table: pacientes
Traceback (most recent call last):
  File "/Applications/XAMPP/xamppfiles/htdocs/ss/app/routes.py", line 19, in index
    cursor.execute('SELECT * FROM pacientes ORDER BY nome')
sqlite3.OperationalError: no such table: pacientes
2024-11-14 17:03:19,648 - werkzeug - INFO - 127.0.0.1 - - [14/Nov/2024 17:03:19] "[32mGET / HTTP/1.1[0m" 302 -
2024-11-14 17:03:19,651 - app.routes - ERROR - Erro na rota index: no such table: pacientes
Traceback (most recent call last):
  File "/Applications/XAMPP/xamppfiles/htdocs/ss/app/routes.py", line 19, in index
    cursor.execute('SELECT * FROM pacientes ORDER BY nome')
sqlite3.OperationalError: no such table: pacientes
2024-11-14 17:03:19,652 - werkzeug - INFO - 127.0.0.1 - - [14/Nov/2024 17:03:19] "[32mGET / HTTP/1.1[0m" 302 -
2024-11-14 17:03:19,654 - app.routes - ERROR - Erro na rota index: no such table: pacientes
Traceback (most recent call last):
  File "/Applications/XAMPP/xamppfiles/htdocs/ss/app/routes.py", line 19, in index
    cursor.execute('SELECT * FROM pacientes ORDER BY nome')
sqlite3.OperationalError: no such table: pacientes
2024-11-14 17:03:19,655 - werkzeug - INFO - 127.0.0.1 - - [14/Nov/2024 17:03:19] "[32mGET / HTTP/1.1[0m" 302 -
2024-11-14 17:03:19,657 - app.routes - ERROR - Erro na rota index: no such table: pacientes
Traceback (most recent call last):
  File "/Applications/XAMPP/xamppfiles/htdocs/ss/app/routes.py", line 19, in index
    cursor.execute('SELECT * FROM pacientes ORDER BY nome')
sqlite3.OperationalError: no such table: pacientes
2024-11-14 17:03:19,658 - werkzeug - INFO - 127.0.0.1 - - [14/Nov/2024 17:03:19] "[32mGET / HTTP/1.1[0m" 302 -
2024-11-14 17:03:19,660 - app.routes - ERROR - Erro na rota index: no such table: pacientes
Traceback (most recent call last):
  File "/Applications/XAMPP/xamppfiles/htdocs/ss/app/routes.py", line 19, in index
    cursor.execute('SELECT * FROM pacientes ORDER BY nome')
sqlite3.OperationalError: no such table: pacientes
2024-11-14 17:03:19,661 - werkzeug - INFO - 127.0.0.1 - - [14/Nov/2024 17:03:19] "[32mGET / HTTP/1.1[0m" 302 -
2024-11-14 17:03:19,663 - app.routes - ERROR - Erro na rota index: no such table: pacientes
Traceback (most recent call last):
  File "/Applications/XAMPP/xamppfiles/htdocs/ss/app/routes.py", line 19, in index
    cursor.execute('SELECT * FROM pacientes ORDER BY nome')
sqlite3.OperationalError: no such table: pacientes
2024-11-14 17:03:19,664 - werkzeug - INFO - 127.0.0.1 - - [14/Nov/2024 17:03:19] "[32mGET / HTTP/1.1[0m" 302 -
2024-11-14 17:03:19,667 - app.routes - ERROR - Erro na rota index: no such table: pacientes
Traceback (most recent call last):
  File "/Applications/XAMPP/xamppfiles/htdocs/ss/app/routes.py", line 19, in index
    cursor.execute('SELECT * FROM pacientes ORDER BY nome')
sqlite3.OperationalError: no such table: pacientes
2024-11-14 17:03:19,668 - werkzeug - INFO - 127.0.0.1 - - [14/Nov/2024 17:03:19] "[32mGET / HTTP/1.1[0m" 302 -
2024-11-14 17:03:19,671 - app.routes - ERROR - Erro na rota index: no such table: pacientes
Traceback (most recent call last):
  File "/Applications/XAMPP/xamppfiles/htdocs/ss/app/routes.py", line 19, in index
    cursor.execute('SELECT * FROM pacientes ORDER BY nome')
sqlite3.OperationalError: no such table: pacientes
2024-11-14 17:03:19,671 - werkzeug - INFO - 127.0.0.1 - - [14/Nov/2024 17:03:19] "[32mGET / HTTP/1.1[0m" 302 -
2024-11-14 17:03:19,674 - app.routes - ERROR - Erro na rota index: no such table: pacientes
Traceback (most recent call last):
  File "/Applications/XAMPP/xamppfiles/htdocs/ss/app/routes.py", line 19, in index
    cursor.execute('SELECT * FROM pacientes ORDER BY nome')
sqlite3.OperationalError: no such table: pacientes
2024-11-14 17:03:19,675 - werkzeug - INFO - 127.0.0.1 - - [14/Nov/2024 17:03:19] "[32mGET / HTTP/1.1[0m" 302 -
2024-11-14 17:03:19,677 - app.routes - ERROR - Erro na rota index: no such table: pacientes
Traceback (most recent call last):
  File "/Applications/XAMPP/xamppfiles/htdocs/ss/app/routes.py", line 19, in index
    cursor.execute('SELECT * FROM pacientes ORDER BY nome')
sqlite3.OperationalError: no such table: pacientes
2024-11-14 17:03:19,678 - werkzeug - INFO - 127.0.0.1 - - [14/Nov/2024 17:03:19] "[32mGET / HTTP/1.1[0m" 302 -
2024-11-14 17:03:19,681 - app.routes - ERROR - Erro na rota index: no such table: pacientes
Traceback (most recent call last):
  File "/Applications/XAMPP/xamppfiles/htdocs/ss/app/routes.py", line 19, in index
    cursor.execute('SELECT * FROM pacientes ORDER BY nome')
sqlite3.OperationalError: no such table: pacientes
2024-11-14 17:03:19,681 - werkzeug - INFO - 127.0.0.1 - - [14/Nov/2024 17:03:19] "[32mGET / HTTP/1.1[0m" 302 -
2024-11-14 17:03:19,685 - app.routes - ERROR - Erro na rota index: no such table: pacientes
Traceback (most recent call last):
  File "/Applications/XAMPP/xamppfiles/htdocs/ss/app/routes.py", line 19, in index
    cursor.execute('SELECT * FROM pacientes ORDER BY nome')
sqlite3.OperationalError: no such table: pacientes
2024-11-14 17:03:19,686 - werkzeug - INFO - 127.0.0.1 - - [14/Nov/2024 17:03:19] "[32mGET / HTTP/1.1[0m" 302 -
2024-11-14 17:03:19,688 - app.routes - ERROR - Erro na rota index: no such table: pacientes
Traceback (most recent call last):
  File "/Applications/XAMPP/xamppfiles/htdocs/ss/app/routes.py", line 19, in index
    cursor.execute('SELECT * FROM pacientes ORDER BY nome')
sqlite3.OperationalError: no such table: pacientes
2024-11-14 17:03:19,689 - werkzeug - INFO - 127.0.0.1 - - [14/Nov/2024 17:03:19] "[32mGET / HTTP/1.1[0m" 302 -
2024-11-14 17:03:19,691 - app.routes - ERROR - Erro na rota index: no such table: pacientes
Traceback (most recent call last):
  File "/Applications/XAMPP/xamppfiles/htdocs/ss/app/routes.py", line 19, in index
    cursor.execute('SELECT * FROM pacientes ORDER BY nome')
sqlite3.OperationalError: no such table: pacientes
2024-11-14 17:03:19,692 - werkzeug - INFO - 127.0.0.1 - - [14/Nov/2024 17:03:19] "[32mGET / HTTP/1.1[0m" 302 -
2024-11-14 17:03:19,694 - app.routes - ERROR - Erro na rota index: no such table: pacientes
Traceback (most recent call last):
  File "/Applications/XAMPP/xamppfiles/htdocs/ss/app/routes.py", line 19, in index
    cursor.execute('SELECT * FROM pacientes ORDER BY nome')
sqlite3.OperationalError: no such table: pacientes
2024-11-14 17:03:19,694 - werkzeug - INFO - 127.0.0.1 - - [14/Nov/2024 17:03:19] "[32mGET / HTTP/1.1[0m" 302 -
2024-11-14 17:03:19,696 - app.routes - ERROR - Erro na rota index: no such table: pacientes
Traceback (most recent call last):
  File "/Applications/XAMPP/xamppfiles/htdocs/ss/app/routes.py", line 19, in index
    cursor.execute('SELECT * FROM pacientes ORDER BY nome')
sqlite3.OperationalError: no such table: pacientes
2024-11-14 17:03:19,697 - werkzeug - INFO - 127.0.0.1 - - [14/Nov/2024 17:03:19] "[32mGET / HTTP/1.1[0m" 302 -
2024-11-14 17:03:24,725 - app.routes - ERROR - Erro na rota index: no such table: pacientes
Traceback (most recent call last):
  File "/Applications/XAMPP/xamppfiles/htdocs/ss/app/routes.py", line 19, in index
    cursor.execute('SELECT * FROM pacientes ORDER BY nome')
sqlite3.OperationalError: no such table: pacientes
2024-11-14 17:03:24,726 - werkzeug - INFO - 127.0.0.1 - - [14/Nov/2024 17:03:24] "[32mGET / HTTP/1.1[0m" 302 -
2024-11-14 17:03:24,730 - app.routes - ERROR - Erro na rota index: no such table: pacientes
Traceback (most recent call last):
  File "/Applications/XAMPP/xamppfiles/htdocs/ss/app/routes.py", line 19, in index
    cursor.execute('SELECT * FROM pacientes ORDER BY nome')
sqlite3.OperationalError: no such table: pacientes
2024-11-14 17:03:24,731 - werkzeug - INFO - 127.0.0.1 - - [14/Nov/2024 17:03:24] "[32mGET / HTTP/1.1[0m" 302 -
2024-11-14 17:03:24,735 - app.routes - ERROR - Erro na rota index: no such table: pacientes
Traceback (most recent call last):
  File "/Applications/XAMPP/xamppfiles/htdocs/ss/app/routes.py", line 19, in index
    cursor.execute('SELECT * FROM pacientes ORDER BY nome')
sqlite3.OperationalError: no such table: pacientes
2024-11-14 17:03:24,736 - werkzeug - INFO - 127.0.0.1 - - [14/Nov/2024 17:03:24] "[32mGET / HTTP/1.1[0m" 302 -
2024-11-14 17:03:24,739 - app.routes - ERROR - Erro na rota index: no such table: pacientes
Traceback (most recent call last):
  File "/Applications/XAMPP/xamppfiles/htdocs/ss/app/routes.py", line 19, in index
    cursor.execute('SELECT * FROM pacientes ORDER BY nome')
sqlite3.OperationalError: no such table: pacientes
2024-11-14 17:03:24,740 - werkzeug - INFO - 127.0.0.1 - - [14/Nov/2024 17:03:24] "[32mGET / HTTP/1.1[0m" 302 -
2024-11-14 17:03:24,743 - app.routes - ERROR - Erro na rota index: no such table: pacientes
Traceback (most recent call last):
  File "/Applications/XAMPP/xamppfiles/htdocs/ss/app/routes.py", line 19, in index
    cursor.execute('SELECT * FROM pacientes ORDER BY nome')
sqlite3.OperationalError: no such table: pacientes
2024-11-14 17:03:24,744 - werkzeug - INFO - 127.0.0.1 - - [14/Nov/2024 17:03:24] "[32mGET / HTTP/1.1[0m" 302 -
2024-11-14 17:03:24,747 - app.routes - ERROR - Erro na rota index: no such table: pacientes
Traceback (most recent call last):
  File "/Applications/XAMPP/xamppfiles/htdocs/ss/app/routes.py", line 19, in index
    cursor.execute('SELECT * FROM pacientes ORDER BY nome')
sqlite3.OperationalError: no such table: pacientes
2024-11-14 17:03:24,748 - werkzeug - INFO - 127.0.0.1 - - [14/Nov/2024 17:03:24] "[32mGET / HTTP/1.1[0m" 302 -
2024-11-14 17:03:24,752 - app.routes - ERROR - Erro na rota index: no such table: pacientes
Traceback (most recent call last):
  File "/Applications/XAMPP/xamppfiles/htdocs/ss/app/routes.py", line 19, in index
    cursor.execute('SELECT * FROM pacientes ORDER BY nome')
sqlite3.OperationalError: no such table: pacientes
2024-11-14 17:03:24,753 - werkzeug - INFO - 127.0.0.1 - - [14/Nov/2024 17:03:24] "[32mGET / HTTP/1.1[0m" 302 -
2024-11-14 17:03:24,756 - app.routes - ERROR - Erro na rota index: no such table: pacientes
Traceback (most recent call last):
  File "/Applications/XAMPP/xamppfiles/htdocs/ss/app/routes.py", line 19, in index
    cursor.execute('SELECT * FROM pacientes ORDER BY nome')
sqlite3.OperationalError: no such table: pacientes
2024-11-14 17:03:24,757 - werkzeug - INFO - 127.0.0.1 - - [14/Nov/2024 17:03:24] "[32mGET / HTTP/1.1[0m" 302 -
2024-11-14 17:03:24,760 - app.routes - ERROR - Erro na rota index: no such table: pacientes
Traceback (most recent call last):
  File "/Applications/XAMPP/xamppfiles/htdocs/ss/app/routes.py", line 19, in index
    cursor.execute('SELECT * FROM pacientes ORDER BY nome')
sqlite3.OperationalError: no such table: pacientes
2024-11-14 17:03:24,760 - werkzeug - INFO - 127.0.0.1 - - [14/Nov/2024 17:03:24] "[32mGET / HTTP/1.1[0m" 302 -
2024-11-14 17:03:24,763 - app.routes - ERROR - Erro na rota index: no such table: pacientes
Traceback (most recent call last):
  File "/Applications/XAMPP/xamppfiles/htdocs/ss/app/routes.py", line 19, in index
    cursor.execute('SELECT * FROM pacientes ORDER BY nome')
sqlite3.OperationalError: no such table: pacientes
2024-11-14 17:03:24,764 - werkzeug - INFO - 127.0.0.1 - - [14/Nov/2024 17:03:24] "[32mGET / HTTP/1.1[0m" 302 -
2024-11-14 17:03:24,767 - app.routes - ERROR - Erro na rota index: no such table: pacientes
Traceback (most recent call last):
  File "/Applications/XAMPP/xamppfiles/htdocs/ss/app/routes.py", line 19, in index
    cursor.execute('SELECT * FROM pacientes ORDER BY nome')
sqlite3.OperationalError: no such table: pacientes
2024-11-14 17:03:24,768 - werkzeug - INFO - 127.0.0.1 - - [14/Nov/2024 17:03:24] "[32mGET / HTTP/1.1[0m" 302 -
2024-11-14 17:03:24,770 - app.routes - ERROR - Erro na rota index: no such table: pacientes
Traceback (most recent call last):
  File "/Applications/XAMPP/xamppfiles/htdocs/ss/app/routes.py", line 19, in index
    cursor.execute('SELECT * FROM pacientes ORDER BY nome')
sqlite3.OperationalError: no such table: pacientes
2024-11-14 17:03:24,771 - werkzeug - INFO - 127.0.0.1 - - [14/Nov/2024 17:03:24] "[32mGET / HTTP/1.1[0m" 302 -
2024-11-14 17:03:24,773 - app.routes - ERROR - Erro na rota index: no such table: pacientes
Traceback (most recent call last):
  File "/Applications/XAMPP/xamppfiles/htdocs/ss/app/routes.py", line 19, in index
    cursor.execute('SELECT * FROM pacientes ORDER BY nome')
sqlite3.OperationalError: no such table: pacientes
2024-11-14 17:03:24,774 - werkzeug - INFO - 127.0.0.1 - - [14/Nov/2024 17:03:24] "[32mGET / HTTP/1.1[0m" 302 -
2024-11-14 17:03:24,776 - app.routes - ERROR - Erro na rota index: no such table: pacientes
Traceback (most recent call last):
  File "/Applications/XAMPP/xamppfiles/htdocs/ss/app/routes.py", line 19, in index
    cursor.execute('SELECT * FROM pacientes ORDER BY nome')
sqlite3.OperationalError: no such table: pacientes
2024-11-14 17:03:24,777 - werkzeug - INFO - 127.0.0.1 - - [14/Nov/2024 17:03:24] "[32mGET / HTTP/1.1[0m" 302 -
2024-11-14 17:03:24,780 - app.routes - ERROR - Erro na rota index: no such table: pacientes
Traceback (most recent call last):
  File "/Applications/XAMPP/xamppfiles/htdocs/ss/app/routes.py", line 19, in index
    cursor.execute('SELECT * FROM pacientes ORDER BY nome')
sqlite3.OperationalError: no such table: pacientes
2024-11-14 17:03:24,780 - werkzeug - INFO - 127.0.0.1 - - [14/Nov/2024 17:03:24] "[32mGET / HTTP/1.1[0m" 302 -
2024-11-14 17:03:24,784 - app.routes - ERROR - Erro na rota index: no such table: pacientes
Traceback (most recent call last):
  File "/Applications/XAMPP/xamppfiles/htdocs/ss/app/routes.py", line 19, in index
    cursor.execute('SELECT * FROM pacientes ORDER BY nome')
sqlite3.OperationalError: no such table: pacientes
2024-11-14 17:03:24,784 - werkzeug - INFO - 127.0.0.1 - - [14/Nov/2024 17:03:24] "[32mGET / HTTP/1.1[0m" 302 -
2024-11-14 17:03:24,787 - app.routes - ERROR - Erro na rota index: no such table: pacientes
Traceback (most recent call last):
  File "/Applications/XAMPP/xamppfiles/htdocs/ss/app/routes.py", line 19, in index
    cursor.execute('SELECT * FROM pacientes ORDER BY nome')
sqlite3.OperationalError: no such table: pacientes
2024-11-14 17:03:24,788 - werkzeug - INFO - 127.0.0.1 - - [14/Nov/2024 17:03:24] "[32mGET / HTTP/1.1[0m" 302 -
2024-11-14 17:03:24,791 - app.routes - ERROR - Erro na rota index: no such table: pacientes
Traceback (most recent call last):
  File "/Applications/XAMPP/xamppfiles/htdocs/ss/app/routes.py", line 19, in index
    cursor.execute('SELECT * FROM pacientes ORDER BY nome')
sqlite3.OperationalError: no such table: pacientes
2024-11-14 17:03:24,791 - werkzeug - INFO - 127.0.0.1 - - [14/Nov/2024 17:03:24] "[32mGET / HTTP/1.1[0m" 302 -
2024-11-14 17:03:24,794 - app.routes - ERROR - Erro na rota index: no such table: pacientes
Traceback (most recent call last):
  File "/Applications/XAMPP/xamppfiles/htdocs/ss/app/routes.py", line 19, in index
    cursor.execute('SELECT * FROM pacientes ORDER BY nome')
sqlite3.OperationalError: no such table: pacientes
2024-11-14 17:03:24,794 - werkzeug - INFO - 127.0.0.1 - - [14/Nov/2024 17:03:24] "[32mGET / HTTP/1.1[0m" 302 -
2024-11-14 17:03:24,796 - app.routes - ERROR - Erro na rota index: no such table: pacientes
Traceback (most recent call last):
  File "/Applications/XAMPP/xamppfiles/htdocs/ss/app/routes.py", line 19, in index
    cursor.execute('SELECT * FROM pacientes ORDER BY nome')
sqlite3.OperationalError: no such table: pacientes
2024-11-14 17:03:24,796 - werkzeug - INFO - 127.0.0.1 - - [14/Nov/2024 17:03:24] "[32mGET / HTTP/1.1[0m" 302 -
2024-11-14 17:03:29,388 - app.routes - ERROR - Erro na rota index: no such table: pacientes
Traceback (most recent call last):
  File "/Applications/XAMPP/xamppfiles/htdocs/ss/app/routes.py", line 19, in index
    cursor.execute('SELECT * FROM pacientes ORDER BY nome')
sqlite3.OperationalError: no such table: pacientes
2024-11-14 17:03:29,391 - werkzeug - INFO - 127.0.0.1 - - [14/Nov/2024 17:03:29] "[32mGET / HTTP/1.1[0m" 302 -
2024-11-14 17:03:29,398 - app.routes - ERROR - Erro na rota index: no such table: pacientes
Traceback (most recent call last):
  File "/Applications/XAMPP/xamppfiles/htdocs/ss/app/routes.py", line 19, in index
    cursor.execute('SELECT * FROM pacientes ORDER BY nome')
sqlite3.OperationalError: no such table: pacientes
2024-11-14 17:03:29,400 - werkzeug - INFO - 127.0.0.1 - - [14/Nov/2024 17:03:29] "[32mGET / HTTP/1.1[0m" 302 -
2024-11-14 17:03:29,404 - app.routes - ERROR - Erro na rota index: no such table: pacientes
Traceback (most recent call last):
  File "/Applications/XAMPP/xamppfiles/htdocs/ss/app/routes.py", line 19, in index
    cursor.execute('SELECT * FROM pacientes ORDER BY nome')
sqlite3.OperationalError: no such table: pacientes
2024-11-14 17:03:29,405 - werkzeug - INFO - 127.0.0.1 - - [14/Nov/2024 17:03:29] "[32mGET / HTTP/1.1[0m" 302 -
2024-11-14 17:03:29,409 - app.routes - ERROR - Erro na rota index: no such table: pacientes
Traceback (most recent call last):
  File "/Applications/XAMPP/xamppfiles/htdocs/ss/app/routes.py", line 19, in index
    cursor.execute('SELECT * FROM pacientes ORDER BY nome')
sqlite3.OperationalError: no such table: pacientes
2024-11-14 17:03:29,410 - werkzeug - INFO - 127.0.0.1 - - [14/Nov/2024 17:03:29] "[32mGET / HTTP/1.1[0m" 302 -
2024-11-14 17:03:29,413 - app.routes - ERROR - Erro na rota index: no such table: pacientes
Traceback (most recent call last):
  File "/Applications/XAMPP/xamppfiles/htdocs/ss/app/routes.py", line 19, in index
    cursor.execute('SELECT * FROM pacientes ORDER BY nome')
sqlite3.OperationalError: no such table: pacientes
2024-11-14 17:03:29,414 - werkzeug - INFO - 127.0.0.1 - - [14/Nov/2024 17:03:29] "[32mGET / HTTP/1.1[0m" 302 -
2024-11-14 17:03:29,418 - app.routes - ERROR - Erro na rota index: no such table: pacientes
Traceback (most recent call last):
  File "/Applications/XAMPP/xamppfiles/htdocs/ss/app/routes.py", line 19, in index
    cursor.execute('SELECT * FROM pacientes ORDER BY nome')
sqlite3.OperationalError: no such table: pacientes
2024-11-14 17:03:29,419 - werkzeug - INFO - 127.0.0.1 - - [14/Nov/2024 17:03:29] "[32mGET / HTTP/1.1[0m" 302 -
2024-11-14 17:03:29,422 - app.routes - ERROR - Erro na rota index: no such table: pacientes
Traceback (most recent call last):
  File "/Applications/XAMPP/xamppfiles/htdocs/ss/app/routes.py", line 19, in index
    cursor.execute('SELECT * FROM pacientes ORDER BY nome')
sqlite3.OperationalError: no such table: pacientes
2024-11-14 17:03:29,423 - werkzeug - INFO - 127.0.0.1 - - [14/Nov/2024 17:03:29] "[32mGET / HTTP/1.1[0m" 302 -
2024-11-14 17:03:29,426 - app.routes - ERROR - Erro na rota index: no such table: pacientes
Traceback (most recent call last):
  File "/Applications/XAMPP/xamppfiles/htdocs/ss/app/routes.py", line 19, in index
    cursor.execute('SELECT * FROM pacientes ORDER BY nome')
sqlite3.OperationalError: no such table: pacientes
2024-11-14 17:03:29,426 - werkzeug - INFO - 127.0.0.1 - - [14/Nov/2024 17:03:29] "[32mGET / HTTP/1.1[0m" 302 -
2024-11-14 17:03:29,429 - app.routes - ERROR - Erro na rota index: no such table: pacientes
Traceback (most recent call last):
  File "/Applications/XAMPP/xamppfiles/htdocs/ss/app/routes.py", line 19, in index
    cursor.execute('SELECT * FROM pacientes ORDER BY nome')
sqlite3.OperationalError: no such table: pacientes
2024-11-14 17:03:29,430 - werkzeug - INFO - 127.0.0.1 - - [14/Nov/2024 17:03:29] "[32mGET / HTTP/1.1[0m" 302 -
2024-11-14 17:03:29,433 - app.routes - ERROR - Erro na rota index: no such table: pacientes
Traceback (most recent call last):
  File "/Applications/XAMPP/xamppfiles/htdocs/ss/app/routes.py", line 19, in index
    cursor.execute('SELECT * FROM pacientes ORDER BY nome')
sqlite3.OperationalError: no such table: pacientes
2024-11-14 17:03:29,434 - werkzeug - INFO - 127.0.0.1 - - [14/Nov/2024 17:03:29] "[32mGET / HTTP/1.1[0m" 302 -
2024-11-14 17:03:29,436 - app.routes - ERROR - Erro na rota index: no such table: pacientes
Traceback (most recent call last):
  File "/Applications/XAMPP/xamppfiles/htdocs/ss/app/routes.py", line 19, in index
    cursor.execute('SELECT * FROM pacientes ORDER BY nome')
sqlite3.OperationalError: no such table: pacientes
2024-11-14 17:03:29,437 - werkzeug - INFO - 127.0.0.1 - - [14/Nov/2024 17:03:29] "[32mGET / HTTP/1.1[0m" 302 -
2024-11-14 17:03:29,440 - app.routes - ERROR - Erro na rota index: no such table: pacientes
Traceback (most recent call last):
  File "/Applications/XAMPP/xamppfiles/htdocs/ss/app/routes.py", line 19, in index
    cursor.execute('SELECT * FROM pacientes ORDER BY nome')
sqlite3.OperationalError: no such table: pacientes
2024-11-14 17:03:29,440 - werkzeug - INFO - 127.0.0.1 - - [14/Nov/2024 17:03:29] "[32mGET / HTTP/1.1[0m" 302 -
2024-11-14 17:03:29,443 - app.routes - ERROR - Erro na rota index: no such table: pacientes
Traceback (most recent call last):
  File "/Applications/XAMPP/xamppfiles/htdocs/ss/app/routes.py", line 19, in index
    cursor.execute('SELECT * FROM pacientes ORDER BY nome')
sqlite3.OperationalError: no such table: pacientes
2024-11-14 17:03:29,444 - werkzeug - INFO - 127.0.0.1 - - [14/Nov/2024 17:03:29] "[32mGET / HTTP/1.1[0m" 302 -
2024-11-14 17:03:29,446 - app.routes - ERROR - Erro na rota index: no such table: pacientes
Traceback (most recent call last):
  File "/Applications/XAMPP/xamppfiles/htdocs/ss/app/routes.py", line 19, in index
    cursor.execute('SELECT * FROM pacientes ORDER BY nome')
sqlite3.OperationalError: no such table: pacientes
2024-11-14 17:03:29,447 - werkzeug - INFO - 127.0.0.1 - - [14/Nov/2024 17:03:29] "[32mGET / HTTP/1.1[0m" 302 -
2024-11-14 17:03:29,451 - app.routes - ERROR - Erro na rota index: no such table: pacientes
Traceback (most recent call last):
  File "/Applications/XAMPP/xamppfiles/htdocs/ss/app/routes.py", line 19, in index
    cursor.execute('SELECT * FROM pacientes ORDER BY nome')
sqlite3.OperationalError: no such table: pacientes
2024-11-14 17:03:29,452 - werkzeug - INFO - 127.0.0.1 - - [14/Nov/2024 17:03:29] "[32mGET / HTTP/1.1[0m" 302 -
2024-11-14 17:03:29,454 - app.routes - ERROR - Erro na rota index: no such table: pacientes
Traceback (most recent call last):
  File "/Applications/XAMPP/xamppfiles/htdocs/ss/app/routes.py", line 19, in index
    cursor.execute('SELECT * FROM pacientes ORDER BY nome')
sqlite3.OperationalError: no such table: pacientes
2024-11-14 17:03:29,455 - werkzeug - INFO - 127.0.0.1 - - [14/Nov/2024 17:03:29] "[32mGET / HTTP/1.1[0m" 302 -
2024-11-14 17:03:29,456 - app.routes - ERROR - Erro na rota index: no such table: pacientes
Traceback (most recent call last):
  File "/Applications/XAMPP/xamppfiles/htdocs/ss/app/routes.py", line 19, in index
    cursor.execute('SELECT * FROM pacientes ORDER BY nome')
sqlite3.OperationalError: no such table: pacientes
2024-11-14 17:03:29,457 - werkzeug - INFO - 127.0.0.1 - - [14/Nov/2024 17:03:29] "[32mGET / HTTP/1.1[0m" 302 -
2024-11-14 17:03:29,459 - app.routes - ERROR - Erro na rota index: no such table: pacientes
Traceback (most recent call last):
  File "/Applications/XAMPP/xamppfiles/htdocs/ss/app/routes.py", line 19, in index
    cursor.execute('SELECT * FROM pacientes ORDER BY nome')
sqlite3.OperationalError: no such table: pacientes
2024-11-14 17:03:29,460 - werkzeug - INFO - 127.0.0.1 - - [14/Nov/2024 17:03:29] "[32mGET / HTTP/1.1[0m" 302 -
2024-11-14 17:03:29,461 - app.routes - ERROR - Erro na rota index: no such table: pacientes
Traceback (most recent call last):
  File "/Applications/XAMPP/xamppfiles/htdocs/ss/app/routes.py", line 19, in index
    cursor.execute('SELECT * FROM pacientes ORDER BY nome')
sqlite3.OperationalError: no such table: pacientes
2024-11-14 17:03:29,462 - werkzeug - INFO - 127.0.0.1 - - [14/Nov/2024 17:03:29] "[32mGET / HTTP/1.1[0m" 302 -
2024-11-14 17:03:29,464 - app.routes - ERROR - Erro na rota index: no such table: pacientes
Traceback (most recent call last):
  File "/Applications/XAMPP/xamppfiles/htdocs/ss/app/routes.py", line 19, in index
    cursor.execute('SELECT * FROM pacientes ORDER BY nome')
sqlite3.OperationalError: no such table: pacientes
2024-11-14 17:03:29,465 - werkzeug - INFO - 127.0.0.1 - - [14/Nov/2024 17:03:29] "[32mGET / HTTP/1.1[0m" 302 -
2024-11-14 17:03:51,476 - werkzeug - INFO - [31m[1mWARNING: This is a development server. Do not use it in a production deployment. Use a production WSGI server instead.[0m
 * Running on http://127.0.0.1:5001
2024-11-14 17:03:51,476 - werkzeug - INFO - [33mPress CTRL+C to quit[0m
2024-11-14 17:03:51,477 - werkzeug - INFO -  * Restarting with stat
2024-11-14 17:03:51,581 - werkzeug - WARNING -  * Debugger is active!
2024-11-14 17:03:51,585 - werkzeug - INFO -  * Debugger PIN: 856-842-152
2024-11-14 17:03:59,491 - app.routes - ERROR - Erro na rota index: no such table: pacientes
Traceback (most recent call last):
  File "/Applications/XAMPP/xamppfiles/htdocs/ss/app/routes.py", line 19, in index
    cursor.execute('SELECT * FROM pacientes ORDER BY nome')
sqlite3.OperationalError: no such table: pacientes
2024-11-14 17:03:59,495 - werkzeug - INFO - 127.0.0.1 - - [14/Nov/2024 17:03:59] "[32mGET / HTTP/1.1[0m" 302 -
2024-11-14 17:03:59,498 - app.routes - ERROR - Erro na rota index: no such table: pacientes
Traceback (most recent call last):
  File "/Applications/XAMPP/xamppfiles/htdocs/ss/app/routes.py", line 19, in index
    cursor.execute('SELECT * FROM pacientes ORDER BY nome')
sqlite3.OperationalError: no such table: pacientes
2024-11-14 17:03:59,500 - werkzeug - INFO - 127.0.0.1 - - [14/Nov/2024 17:03:59] "[32mGET / HTTP/1.1[0m" 302 -
2024-11-14 17:03:59,506 - app.routes - ERROR - Erro na rota index: no such table: pacientes
Traceback (most recent call last):
  File "/Applications/XAMPP/xamppfiles/htdocs/ss/app/routes.py", line 19, in index
    cursor.execute('SELECT * FROM pacientes ORDER BY nome')
sqlite3.OperationalError: no such table: pacientes
2024-11-14 17:03:59,507 - werkzeug - INFO - 127.0.0.1 - - [14/Nov/2024 17:03:59] "[32mGET / HTTP/1.1[0m" 302 -
2024-11-14 17:03:59,511 - app.routes - ERROR - Erro na rota index: no such table: pacientes
Traceback (most recent call last):
  File "/Applications/XAMPP/xamppfiles/htdocs/ss/app/routes.py", line 19, in index
    cursor.execute('SELECT * FROM pacientes ORDER BY nome')
sqlite3.OperationalError: no such table: pacientes
2024-11-14 17:03:59,511 - werkzeug - INFO - 127.0.0.1 - - [14/Nov/2024 17:03:59] "[32mGET / HTTP/1.1[0m" 302 -
2024-11-14 17:03:59,515 - app.routes - ERROR - Erro na rota index: no such table: pacientes
Traceback (most recent call last):
  File "/Applications/XAMPP/xamppfiles/htdocs/ss/app/routes.py", line 19, in index
    cursor.execute('SELECT * FROM pacientes ORDER BY nome')
sqlite3.OperationalError: no such table: pacientes
2024-11-14 17:03:59,516 - werkzeug - INFO - 127.0.0.1 - - [14/Nov/2024 17:03:59] "[32mGET / HTTP/1.1[0m" 302 -
2024-11-14 17:03:59,519 - app.routes - ERROR - Erro na rota index: no such table: pacientes
Traceback (most recent call last):
  File "/Applications/XAMPP/xamppfiles/htdocs/ss/app/routes.py", line 19, in index
    cursor.execute('SELECT * FROM pacientes ORDER BY nome')
sqlite3.OperationalError: no such table: pacientes
2024-11-14 17:03:59,520 - werkzeug - INFO - 127.0.0.1 - - [14/Nov/2024 17:03:59] "[32mGET / HTTP/1.1[0m" 302 -
2024-11-14 17:03:59,523 - app.routes - ERROR - Erro na rota index: no such table: pacientes
Traceback (most recent call last):
  File "/Applications/XAMPP/xamppfiles/htdocs/ss/app/routes.py", line 19, in index
    cursor.execute('SELECT * FROM pacientes ORDER BY nome')
sqlite3.OperationalError: no such table: pacientes
2024-11-14 17:03:59,524 - werkzeug - INFO - 127.0.0.1 - - [14/Nov/2024 17:03:59] "[32mGET / HTTP/1.1[0m" 302 -
2024-11-14 17:03:59,527 - app.routes - ERROR - Erro na rota index: no such table: pacientes
Traceback (most recent call last):
  File "/Applications/XAMPP/xamppfiles/htdocs/ss/app/routes.py", line 19, in index
    cursor.execute('SELECT * FROM pacientes ORDER BY nome')
sqlite3.OperationalError: no such table: pacientes
2024-11-14 17:03:59,528 - werkzeug - INFO - 127.0.0.1 - - [14/Nov/2024 17:03:59] "[32mGET / HTTP/1.1[0m" 302 -
2024-11-14 17:03:59,530 - app.routes - ERROR - Erro na rota index: no such table: pacientes
Traceback (most recent call last):
  File "/Applications/XAMPP/xamppfiles/htdocs/ss/app/routes.py", line 19, in index
    cursor.execute('SELECT * FROM pacientes ORDER BY nome')
sqlite3.OperationalError: no such table: pacientes
2024-11-14 17:03:59,531 - werkzeug - INFO - 127.0.0.1 - - [14/Nov/2024 17:03:59] "[32mGET / HTTP/1.1[0m" 302 -
2024-11-14 17:03:59,534 - app.routes - ERROR - Erro na rota index: no such table: pacientes
Traceback (most recent call last):
  File "/Applications/XAMPP/xamppfiles/htdocs/ss/app/routes.py", line 19, in index
    cursor.execute('SELECT * FROM pacientes ORDER BY nome')
sqlite3.OperationalError: no such table: pacientes
2024-11-14 17:03:59,535 - werkzeug - INFO - 127.0.0.1 - - [14/Nov/2024 17:03:59] "[32mGET / HTTP/1.1[0m" 302 -
2024-11-14 17:03:59,537 - app.routes - ERROR - Erro na rota index: no such table: pacientes
Traceback (most recent call last):
  File "/Applications/XAMPP/xamppfiles/htdocs/ss/app/routes.py", line 19, in index
    cursor.execute('SELECT * FROM pacientes ORDER BY nome')
sqlite3.OperationalError: no such table: pacientes
2024-11-14 17:03:59,537 - werkzeug - INFO - 127.0.0.1 - - [14/Nov/2024 17:03:59] "[32mGET / HTTP/1.1[0m" 302 -
2024-11-14 17:03:59,539 - app.routes - ERROR - Erro na rota index: no such table: pacientes
Traceback (most recent call last):
  File "/Applications/XAMPP/xamppfiles/htdocs/ss/app/routes.py", line 19, in index
    cursor.execute('SELECT * FROM pacientes ORDER BY nome')
sqlite3.OperationalError: no such table: pacientes
2024-11-14 17:03:59,540 - werkzeug - INFO - 127.0.0.1 - - [14/Nov/2024 17:03:59] "[32mGET / HTTP/1.1[0m" 302 -
2024-11-14 17:03:59,542 - app.routes - ERROR - Erro na rota index: no such table: pacientes
Traceback (most recent call last):
  File "/Applications/XAMPP/xamppfiles/htdocs/ss/app/routes.py", line 19, in index
    cursor.execute('SELECT * FROM pacientes ORDER BY nome')
sqlite3.OperationalError: no such table: pacientes
2024-11-14 17:03:59,543 - werkzeug - INFO - 127.0.0.1 - - [14/Nov/2024 17:03:59] "[32mGET / HTTP/1.1[0m" 302 -
2024-11-14 17:03:59,546 - app.routes - ERROR - Erro na rota index: no such table: pacientes
Traceback (most recent call last):
  File "/Applications/XAMPP/xamppfiles/htdocs/ss/app/routes.py", line 19, in index
    cursor.execute('SELECT * FROM pacientes ORDER BY nome')
sqlite3.OperationalError: no such table: pacientes
2024-11-14 17:03:59,546 - werkzeug - INFO - 127.0.0.1 - - [14/Nov/2024 17:03:59] "[32mGET / HTTP/1.1[0m" 302 -
2024-11-14 17:03:59,549 - app.routes - ERROR - Erro na rota index: no such table: pacientes
Traceback (most recent call last):
  File "/Applications/XAMPP/xamppfiles/htdocs/ss/app/routes.py", line 19, in index
    cursor.execute('SELECT * FROM pacientes ORDER BY nome')
sqlite3.OperationalError: no such table: pacientes
2024-11-14 17:03:59,550 - werkzeug - INFO - 127.0.0.1 - - [14/Nov/2024 17:03:59] "[32mGET / HTTP/1.1[0m" 302 -
2024-11-14 17:03:59,553 - app.routes - ERROR - Erro na rota index: no such table: pacientes
Traceback (most recent call last):
  File "/Applications/XAMPP/xamppfiles/htdocs/ss/app/routes.py", line 19, in index
    cursor.execute('SELECT * FROM pacientes ORDER BY nome')
sqlite3.OperationalError: no such table: pacientes
2024-11-14 17:03:59,553 - werkzeug - INFO - 127.0.0.1 - - [14/Nov/2024 17:03:59] "[32mGET / HTTP/1.1[0m" 302 -
2024-11-14 17:03:59,555 - app.routes - ERROR - Erro na rota index: no such table: pacientes
Traceback (most recent call last):
  File "/Applications/XAMPP/xamppfiles/htdocs/ss/app/routes.py", line 19, in index
    cursor.execute('SELECT * FROM pacientes ORDER BY nome')
sqlite3.OperationalError: no such table: pacientes
2024-11-14 17:03:59,556 - werkzeug - INFO - 127.0.0.1 - - [14/Nov/2024 17:03:59] "[32mGET / HTTP/1.1[0m" 302 -
2024-11-14 17:03:59,557 - app.routes - ERROR - Erro na rota index: no such table: pacientes
Traceback (most recent call last):
  File "/Applications/XAMPP/xamppfiles/htdocs/ss/app/routes.py", line 19, in index
    cursor.execute('SELECT * FROM pacientes ORDER BY nome')
sqlite3.OperationalError: no such table: pacientes
2024-11-14 17:03:59,558 - werkzeug - INFO - 127.0.0.1 - - [14/Nov/2024 17:03:59] "[32mGET / HTTP/1.1[0m" 302 -
2024-11-14 17:03:59,560 - app.routes - ERROR - Erro na rota index: no such table: pacientes
Traceback (most recent call last):
  File "/Applications/XAMPP/xamppfiles/htdocs/ss/app/routes.py", line 19, in index
    cursor.execute('SELECT * FROM pacientes ORDER BY nome')
sqlite3.OperationalError: no such table: pacientes
2024-11-14 17:03:59,560 - werkzeug - INFO - 127.0.0.1 - - [14/Nov/2024 17:03:59] "[32mGET / HTTP/1.1[0m" 302 -
2024-11-14 17:03:59,562 - app.routes - ERROR - Erro na rota index: no such table: pacientes
Traceback (most recent call last):
  File "/Applications/XAMPP/xamppfiles/htdocs/ss/app/routes.py", line 19, in index
    cursor.execute('SELECT * FROM pacientes ORDER BY nome')
sqlite3.OperationalError: no such table: pacientes
2024-11-14 17:03:59,562 - werkzeug - INFO - 127.0.0.1 - - [14/Nov/2024 17:03:59] "[32mGET / HTTP/1.1[0m" 302 -
2024-11-14 17:04:00,860 - app.routes - ERROR - Erro na rota index: no such table: pacientes
Traceback (most recent call last):
  File "/Applications/XAMPP/xamppfiles/htdocs/ss/app/routes.py", line 19, in index
    cursor.execute('SELECT * FROM pacientes ORDER BY nome')
sqlite3.OperationalError: no such table: pacientes
2024-11-14 17:04:00,861 - werkzeug - INFO - 127.0.0.1 - - [14/Nov/2024 17:04:00] "[32mGET / HTTP/1.1[0m" 302 -
2024-11-14 17:04:00,869 - app.routes - ERROR - Erro na rota index: no such table: pacientes
Traceback (most recent call last):
  File "/Applications/XAMPP/xamppfiles/htdocs/ss/app/routes.py", line 19, in index
    cursor.execute('SELECT * FROM pacientes ORDER BY nome')
sqlite3.OperationalError: no such table: pacientes
2024-11-14 17:04:00,871 - werkzeug - INFO - 127.0.0.1 - - [14/Nov/2024 17:04:00] "[32mGET / HTTP/1.1[0m" 302 -
2024-11-14 17:04:00,876 - app.routes - ERROR - Erro na rota index: no such table: pacientes
Traceback (most recent call last):
  File "/Applications/XAMPP/xamppfiles/htdocs/ss/app/routes.py", line 19, in index
    cursor.execute('SELECT * FROM pacientes ORDER BY nome')
sqlite3.OperationalError: no such table: pacientes
2024-11-14 17:04:00,877 - werkzeug - INFO - 127.0.0.1 - - [14/Nov/2024 17:04:00] "[32mGET / HTTP/1.1[0m" 302 -
2024-11-14 17:04:00,881 - app.routes - ERROR - Erro na rota index: no such table: pacientes
Traceback (most recent call last):
  File "/Applications/XAMPP/xamppfiles/htdocs/ss/app/routes.py", line 19, in index
    cursor.execute('SELECT * FROM pacientes ORDER BY nome')
sqlite3.OperationalError: no such table: pacientes
2024-11-14 17:04:00,881 - werkzeug - INFO - 127.0.0.1 - - [14/Nov/2024 17:04:00] "[32mGET / HTTP/1.1[0m" 302 -
2024-11-14 17:04:00,885 - app.routes - ERROR - Erro na rota index: no such table: pacientes
Traceback (most recent call last):
  File "/Applications/XAMPP/xamppfiles/htdocs/ss/app/routes.py", line 19, in index
    cursor.execute('SELECT * FROM pacientes ORDER BY nome')
sqlite3.OperationalError: no such table: pacientes
2024-11-14 17:04:00,886 - werkzeug - INFO - 127.0.0.1 - - [14/Nov/2024 17:04:00] "[32mGET / HTTP/1.1[0m" 302 -
2024-11-14 17:04:00,890 - app.routes - ERROR - Erro na rota index: no such table: pacientes
Traceback (most recent call last):
  File "/Applications/XAMPP/xamppfiles/htdocs/ss/app/routes.py", line 19, in index
    cursor.execute('SELECT * FROM pacientes ORDER BY nome')
sqlite3.OperationalError: no such table: pacientes
2024-11-14 17:04:00,891 - werkzeug - INFO - 127.0.0.1 - - [14/Nov/2024 17:04:00] "[32mGET / HTTP/1.1[0m" 302 -
2024-11-14 17:04:00,894 - app.routes - ERROR - Erro na rota index: no such table: pacientes
Traceback (most recent call last):
  File "/Applications/XAMPP/xamppfiles/htdocs/ss/app/routes.py", line 19, in index
    cursor.execute('SELECT * FROM pacientes ORDER BY nome')
sqlite3.OperationalError: no such table: pacientes
2024-11-14 17:04:00,895 - werkzeug - INFO - 127.0.0.1 - - [14/Nov/2024 17:04:00] "[32mGET / HTTP/1.1[0m" 302 -
2024-11-14 17:04:00,899 - app.routes - ERROR - Erro na rota index: no such table: pacientes
Traceback (most recent call last):
  File "/Applications/XAMPP/xamppfiles/htdocs/ss/app/routes.py", line 19, in index
    cursor.execute('SELECT * FROM pacientes ORDER BY nome')
sqlite3.OperationalError: no such table: pacientes
2024-11-14 17:04:00,899 - werkzeug - INFO - 127.0.0.1 - - [14/Nov/2024 17:04:00] "[32mGET / HTTP/1.1[0m" 302 -
2024-11-14 17:04:00,903 - app.routes - ERROR - Erro na rota index: no such table: pacientes
Traceback (most recent call last):
  File "/Applications/XAMPP/xamppfiles/htdocs/ss/app/routes.py", line 19, in index
    cursor.execute('SELECT * FROM pacientes ORDER BY nome')
sqlite3.OperationalError: no such table: pacientes
2024-11-14 17:04:00,904 - werkzeug - INFO - 127.0.0.1 - - [14/Nov/2024 17:04:00] "[32mGET / HTTP/1.1[0m" 302 -
2024-11-14 17:04:00,907 - app.routes - ERROR - Erro na rota index: no such table: pacientes
Traceback (most recent call last):
  File "/Applications/XAMPP/xamppfiles/htdocs/ss/app/routes.py", line 19, in index
    cursor.execute('SELECT * FROM pacientes ORDER BY nome')
sqlite3.OperationalError: no such table: pacientes
2024-11-14 17:04:00,908 - werkzeug - INFO - 127.0.0.1 - - [14/Nov/2024 17:04:00] "[32mGET / HTTP/1.1[0m" 302 -
2024-11-14 17:04:00,911 - app.routes - ERROR - Erro na rota index: no such table: pacientes
Traceback (most recent call last):
  File "/Applications/XAMPP/xamppfiles/htdocs/ss/app/routes.py", line 19, in index
    cursor.execute('SELECT * FROM pacientes ORDER BY nome')
sqlite3.OperationalError: no such table: pacientes
2024-11-14 17:04:00,912 - werkzeug - INFO - 127.0.0.1 - - [14/Nov/2024 17:04:00] "[32mGET / HTTP/1.1[0m" 302 -
2024-11-14 17:04:00,915 - app.routes - ERROR - Erro na rota index: no such table: pacientes
Traceback (most recent call last):
  File "/Applications/XAMPP/xamppfiles/htdocs/ss/app/routes.py", line 19, in index
    cursor.execute('SELECT * FROM pacientes ORDER BY nome')
sqlite3.OperationalError: no such table: pacientes
2024-11-14 17:04:00,915 - werkzeug - INFO - 127.0.0.1 - - [14/Nov/2024 17:04:00] "[32mGET / HTTP/1.1[0m" 302 -
2024-11-14 17:04:00,918 - app.routes - ERROR - Erro na rota index: no such table: pacientes
Traceback (most recent call last):
  File "/Applications/XAMPP/xamppfiles/htdocs/ss/app/routes.py", line 19, in index
    cursor.execute('SELECT * FROM pacientes ORDER BY nome')
sqlite3.OperationalError: no such table: pacientes
2024-11-14 17:04:00,919 - werkzeug - INFO - 127.0.0.1 - - [14/Nov/2024 17:04:00] "[32mGET / HTTP/1.1[0m" 302 -
2024-11-14 17:04:00,922 - app.routes - ERROR - Erro na rota index: no such table: pacientes
Traceback (most recent call last):
  File "/Applications/XAMPP/xamppfiles/htdocs/ss/app/routes.py", line 19, in index
    cursor.execute('SELECT * FROM pacientes ORDER BY nome')
sqlite3.OperationalError: no such table: pacientes
2024-11-14 17:04:00,922 - werkzeug - INFO - 127.0.0.1 - - [14/Nov/2024 17:04:00] "[32mGET / HTTP/1.1[0m" 302 -
2024-11-14 17:04:00,925 - app.routes - ERROR - Erro na rota index: no such table: pacientes
Traceback (most recent call last):
  File "/Applications/XAMPP/xamppfiles/htdocs/ss/app/routes.py", line 19, in index
    cursor.execute('SELECT * FROM pacientes ORDER BY nome')
sqlite3.OperationalError: no such table: pacientes
2024-11-14 17:04:00,926 - werkzeug - INFO - 127.0.0.1 - - [14/Nov/2024 17:04:00] "[32mGET / HTTP/1.1[0m" 302 -
2024-11-14 17:04:00,929 - app.routes - ERROR - Erro na rota index: no such table: pacientes
Traceback (most recent call last):
  File "/Applications/XAMPP/xamppfiles/htdocs/ss/app/routes.py", line 19, in index
    cursor.execute('SELECT * FROM pacientes ORDER BY nome')
sqlite3.OperationalError: no such table: pacientes
2024-11-14 17:04:00,929 - werkzeug - INFO - 127.0.0.1 - - [14/Nov/2024 17:04:00] "[32mGET / HTTP/1.1[0m" 302 -
2024-11-14 17:04:00,932 - app.routes - ERROR - Erro na rota index: no such table: pacientes
Traceback (most recent call last):
  File "/Applications/XAMPP/xamppfiles/htdocs/ss/app/routes.py", line 19, in index
    cursor.execute('SELECT * FROM pacientes ORDER BY nome')
sqlite3.OperationalError: no such table: pacientes
2024-11-14 17:04:00,933 - werkzeug - INFO - 127.0.0.1 - - [14/Nov/2024 17:04:00] "[32mGET / HTTP/1.1[0m" 302 -
2024-11-14 17:04:00,936 - app.routes - ERROR - Erro na rota index: no such table: pacientes
Traceback (most recent call last):
  File "/Applications/XAMPP/xamppfiles/htdocs/ss/app/routes.py", line 19, in index
    cursor.execute('SELECT * FROM pacientes ORDER BY nome')
sqlite3.OperationalError: no such table: pacientes
2024-11-14 17:04:00,937 - werkzeug - INFO - 127.0.0.1 - - [14/Nov/2024 17:04:00] "[32mGET / HTTP/1.1[0m" 302 -
2024-11-14 17:04:00,940 - app.routes - ERROR - Erro na rota index: no such table: pacientes
Traceback (most recent call last):
  File "/Applications/XAMPP/xamppfiles/htdocs/ss/app/routes.py", line 19, in index
    cursor.execute('SELECT * FROM pacientes ORDER BY nome')
sqlite3.OperationalError: no such table: pacientes
2024-11-14 17:04:00,940 - werkzeug - INFO - 127.0.0.1 - - [14/Nov/2024 17:04:00] "[32mGET / HTTP/1.1[0m" 302 -
2024-11-14 17:04:00,944 - app.routes - ERROR - Erro na rota index: no such table: pacientes
Traceback (most recent call last):
  File "/Applications/XAMPP/xamppfiles/htdocs/ss/app/routes.py", line 19, in index
    cursor.execute('SELECT * FROM pacientes ORDER BY nome')
sqlite3.OperationalError: no such table: pacientes
2024-11-14 17:04:00,946 - werkzeug - INFO - 127.0.0.1 - - [14/Nov/2024 17:04:00] "[32mGET / HTTP/1.1[0m" 302 -
2024-11-14 17:04:00,948 - app.routes - ERROR - Erro na rota index: no such table: pacientes
Traceback (most recent call last):
  File "/Applications/XAMPP/xamppfiles/htdocs/ss/app/routes.py", line 19, in index
    cursor.execute('SELECT * FROM pacientes ORDER BY nome')
sqlite3.OperationalError: no such table: pacientes
2024-11-14 17:04:00,949 - werkzeug - INFO - 127.0.0.1 - - [14/Nov/2024 17:04:00] "[32mGET / HTTP/1.1[0m" 302 -
2024-11-14 17:05:14,835 - app.routes - ERROR - Erro na rota index: no such table: pacientes
Traceback (most recent call last):
  File "/Applications/XAMPP/xamppfiles/htdocs/ss/app/routes.py", line 19, in index
    cursor.execute('SELECT * FROM pacientes ORDER BY nome')
sqlite3.OperationalError: no such table: pacientes
2024-11-14 17:05:14,837 - werkzeug - INFO - 127.0.0.1 - - [14/Nov/2024 17:05:14] "[32mGET / HTTP/1.1[0m" 302 -
2024-11-14 17:05:14,844 - app.routes - ERROR - Erro na rota index: no such table: pacientes
Traceback (most recent call last):
  File "/Applications/XAMPP/xamppfiles/htdocs/ss/app/routes.py", line 19, in index
    cursor.execute('SELECT * FROM pacientes ORDER BY nome')
sqlite3.OperationalError: no such table: pacientes
2024-11-14 17:05:14,846 - werkzeug - INFO - 127.0.0.1 - - [14/Nov/2024 17:05:14] "[32mGET / HTTP/1.1[0m" 302 -
2024-11-14 17:05:14,851 - app.routes - ERROR - Erro na rota index: no such table: pacientes
Traceback (most recent call last):
  File "/Applications/XAMPP/xamppfiles/htdocs/ss/app/routes.py", line 19, in index
    cursor.execute('SELECT * FROM pacientes ORDER BY nome')
sqlite3.OperationalError: no such table: pacientes
2024-11-14 17:05:14,852 - werkzeug - INFO - 127.0.0.1 - - [14/Nov/2024 17:05:14] "[32mGET / HTTP/1.1[0m" 302 -
2024-11-14 17:05:14,858 - app.routes - ERROR - Erro na rota index: no such table: pacientes
Traceback (most recent call last):
  File "/Applications/XAMPP/xamppfiles/htdocs/ss/app/routes.py", line 19, in index
    cursor.execute('SELECT * FROM pacientes ORDER BY nome')
sqlite3.OperationalError: no such table: pacientes
2024-11-14 17:05:14,860 - werkzeug - INFO - 127.0.0.1 - - [14/Nov/2024 17:05:14] "[32mGET / HTTP/1.1[0m" 302 -
2024-11-14 17:05:14,864 - app.routes - ERROR - Erro na rota index: no such table: pacientes
Traceback (most recent call last):
  File "/Applications/XAMPP/xamppfiles/htdocs/ss/app/routes.py", line 19, in index
    cursor.execute('SELECT * FROM pacientes ORDER BY nome')
sqlite3.OperationalError: no such table: pacientes
2024-11-14 17:05:14,864 - werkzeug - INFO - 127.0.0.1 - - [14/Nov/2024 17:05:14] "[32mGET / HTTP/1.1[0m" 302 -
2024-11-14 17:05:14,870 - app.routes - ERROR - Erro na rota index: no such table: pacientes
Traceback (most recent call last):
  File "/Applications/XAMPP/xamppfiles/htdocs/ss/app/routes.py", line 19, in index
    cursor.execute('SELECT * FROM pacientes ORDER BY nome')
sqlite3.OperationalError: no such table: pacientes
2024-11-14 17:05:14,870 - werkzeug - INFO - 127.0.0.1 - - [14/Nov/2024 17:05:14] "[32mGET / HTTP/1.1[0m" 302 -
2024-11-14 17:05:14,874 - app.routes - ERROR - Erro na rota index: no such table: pacientes
Traceback (most recent call last):
  File "/Applications/XAMPP/xamppfiles/htdocs/ss/app/routes.py", line 19, in index
    cursor.execute('SELECT * FROM pacientes ORDER BY nome')
sqlite3.OperationalError: no such table: pacientes
2024-11-14 17:05:14,874 - werkzeug - INFO - 127.0.0.1 - - [14/Nov/2024 17:05:14] "[32mGET / HTTP/1.1[0m" 302 -
2024-11-14 17:05:14,878 - app.routes - ERROR - Erro na rota index: no such table: pacientes
Traceback (most recent call last):
  File "/Applications/XAMPP/xamppfiles/htdocs/ss/app/routes.py", line 19, in index
    cursor.execute('SELECT * FROM pacientes ORDER BY nome')
sqlite3.OperationalError: no such table: pacientes
2024-11-14 17:05:14,879 - werkzeug - INFO - 127.0.0.1 - - [14/Nov/2024 17:05:14] "[32mGET / HTTP/1.1[0m" 302 -
2024-11-14 17:05:14,883 - app.routes - ERROR - Erro na rota index: no such table: pacientes
Traceback (most recent call last):
  File "/Applications/XAMPP/xamppfiles/htdocs/ss/app/routes.py", line 19, in index
    cursor.execute('SELECT * FROM pacientes ORDER BY nome')
sqlite3.OperationalError: no such table: pacientes
2024-11-14 17:05:14,884 - werkzeug - INFO - 127.0.0.1 - - [14/Nov/2024 17:05:14] "[32mGET / HTTP/1.1[0m" 302 -
2024-11-14 17:05:14,887 - app.routes - ERROR - Erro na rota index: no such table: pacientes
Traceback (most recent call last):
  File "/Applications/XAMPP/xamppfiles/htdocs/ss/app/routes.py", line 19, in index
    cursor.execute('SELECT * FROM pacientes ORDER BY nome')
sqlite3.OperationalError: no such table: pacientes
2024-11-14 17:05:14,888 - werkzeug - INFO - 127.0.0.1 - - [14/Nov/2024 17:05:14] "[32mGET / HTTP/1.1[0m" 302 -
2024-11-14 17:05:14,893 - app.routes - ERROR - Erro na rota index: no such table: pacientes
Traceback (most recent call last):
  File "/Applications/XAMPP/xamppfiles/htdocs/ss/app/routes.py", line 19, in index
    cursor.execute('SELECT * FROM pacientes ORDER BY nome')
sqlite3.OperationalError: no such table: pacientes
2024-11-14 17:05:14,894 - werkzeug - INFO - 127.0.0.1 - - [14/Nov/2024 17:05:14] "[32mGET / HTTP/1.1[0m" 302 -
2024-11-14 17:05:14,897 - app.routes - ERROR - Erro na rota index: no such table: pacientes
Traceback (most recent call last):
  File "/Applications/XAMPP/xamppfiles/htdocs/ss/app/routes.py", line 19, in index
    cursor.execute('SELECT * FROM pacientes ORDER BY nome')
sqlite3.OperationalError: no such table: pacientes
2024-11-14 17:05:14,898 - werkzeug - INFO - 127.0.0.1 - - [14/Nov/2024 17:05:14] "[32mGET / HTTP/1.1[0m" 302 -
2024-11-14 17:05:14,902 - app.routes - ERROR - Erro na rota index: no such table: pacientes
Traceback (most recent call last):
  File "/Applications/XAMPP/xamppfiles/htdocs/ss/app/routes.py", line 19, in index
    cursor.execute('SELECT * FROM pacientes ORDER BY nome')
sqlite3.OperationalError: no such table: pacientes
2024-11-14 17:05:14,903 - werkzeug - INFO - 127.0.0.1 - - [14/Nov/2024 17:05:14] "[32mGET / HTTP/1.1[0m" 302 -
2024-11-14 17:05:14,907 - app.routes - ERROR - Erro na rota index: no such table: pacientes
Traceback (most recent call last):
  File "/Applications/XAMPP/xamppfiles/htdocs/ss/app/routes.py", line 19, in index
    cursor.execute('SELECT * FROM pacientes ORDER BY nome')
sqlite3.OperationalError: no such table: pacientes
2024-11-14 17:05:14,908 - werkzeug - INFO - 127.0.0.1 - - [14/Nov/2024 17:05:14] "[32mGET / HTTP/1.1[0m" 302 -
2024-11-14 17:05:14,912 - app.routes - ERROR - Erro na rota index: no such table: pacientes
Traceback (most recent call last):
  File "/Applications/XAMPP/xamppfiles/htdocs/ss/app/routes.py", line 19, in index
    cursor.execute('SELECT * FROM pacientes ORDER BY nome')
sqlite3.OperationalError: no such table: pacientes
2024-11-14 17:05:14,912 - werkzeug - INFO - 127.0.0.1 - - [14/Nov/2024 17:05:14] "[32mGET / HTTP/1.1[0m" 302 -
2024-11-14 17:05:14,917 - app.routes - ERROR - Erro na rota index: no such table: pacientes
Traceback (most recent call last):
  File "/Applications/XAMPP/xamppfiles/htdocs/ss/app/routes.py", line 19, in index
    cursor.execute('SELECT * FROM pacientes ORDER BY nome')
sqlite3.OperationalError: no such table: pacientes
2024-11-14 17:05:14,917 - werkzeug - INFO - 127.0.0.1 - - [14/Nov/2024 17:05:14] "[32mGET / HTTP/1.1[0m" 302 -
2024-11-14 17:05:14,920 - app.routes - ERROR - Erro na rota index: no such table: pacientes
Traceback (most recent call last):
  File "/Applications/XAMPP/xamppfiles/htdocs/ss/app/routes.py", line 19, in index
    cursor.execute('SELECT * FROM pacientes ORDER BY nome')
sqlite3.OperationalError: no such table: pacientes
2024-11-14 17:05:14,921 - werkzeug - INFO - 127.0.0.1 - - [14/Nov/2024 17:05:14] "[32mGET / HTTP/1.1[0m" 302 -
2024-11-14 17:05:14,925 - app.routes - ERROR - Erro na rota index: no such table: pacientes
Traceback (most recent call last):
  File "/Applications/XAMPP/xamppfiles/htdocs/ss/app/routes.py", line 19, in index
    cursor.execute('SELECT * FROM pacientes ORDER BY nome')
sqlite3.OperationalError: no such table: pacientes
2024-11-14 17:05:14,926 - werkzeug - INFO - 127.0.0.1 - - [14/Nov/2024 17:05:14] "[32mGET / HTTP/1.1[0m" 302 -
2024-11-14 17:05:14,929 - app.routes - ERROR - Erro na rota index: no such table: pacientes
Traceback (most recent call last):
  File "/Applications/XAMPP/xamppfiles/htdocs/ss/app/routes.py", line 19, in index
    cursor.execute('SELECT * FROM pacientes ORDER BY nome')
sqlite3.OperationalError: no such table: pacientes
2024-11-14 17:05:14,930 - werkzeug - INFO - 127.0.0.1 - - [14/Nov/2024 17:05:14] "[32mGET / HTTP/1.1[0m" 302 -
2024-11-14 17:05:14,934 - app.routes - ERROR - Erro na rota index: no such table: pacientes
Traceback (most recent call last):
  File "/Applications/XAMPP/xamppfiles/htdocs/ss/app/routes.py", line 19, in index
    cursor.execute('SELECT * FROM pacientes ORDER BY nome')
sqlite3.OperationalError: no such table: pacientes
2024-11-14 17:05:14,935 - werkzeug - INFO - 127.0.0.1 - - [14/Nov/2024 17:05:14] "[32mGET / HTTP/1.1[0m" 302 -
2024-11-14 17:05:14,938 - app.routes - ERROR - Erro na rota index: no such table: pacientes
Traceback (most recent call last):
  File "/Applications/XAMPP/xamppfiles/htdocs/ss/app/routes.py", line 19, in index
    cursor.execute('SELECT * FROM pacientes ORDER BY nome')
sqlite3.OperationalError: no such table: pacientes
2024-11-14 17:05:14,939 - werkzeug - INFO - 127.0.0.1 - - [14/Nov/2024 17:05:14] "[32mGET / HTTP/1.1[0m" 302 -
2024-11-14 17:06:16,060 - werkzeug - INFO -  * Detected change in '/Applications/XAMPP/xamppfiles/htdocs/ss/app/database.py', reloading
2024-11-14 17:06:16,093 - werkzeug - INFO -  * Restarting with stat
2024-11-14 17:06:16,260 - werkzeug - WARNING -  * Debugger is active!
2024-11-14 17:06:16,265 - werkzeug - INFO -  * Debugger PIN: 856-842-152
2024-11-14 17:06:29,851 - app.routes - ERROR - Erro na rota index: no such table: pacientes
Traceback (most recent call last):
  File "/Applications/XAMPP/xamppfiles/htdocs/ss/app/routes.py", line 19, in index
    cursor.execute('SELECT * FROM pacientes ORDER BY nome')
sqlite3.OperationalError: no such table: pacientes
2024-11-14 17:06:29,854 - werkzeug - INFO - 127.0.0.1 - - [14/Nov/2024 17:06:29] "[32mGET / HTTP/1.1[0m" 302 -
2024-11-14 17:06:29,867 - app.routes - ERROR - Erro na rota index: no such table: pacientes
Traceback (most recent call last):
  File "/Applications/XAMPP/xamppfiles/htdocs/ss/app/routes.py", line 19, in index
    cursor.execute('SELECT * FROM pacientes ORDER BY nome')
sqlite3.OperationalError: no such table: pacientes
2024-11-14 17:06:29,868 - werkzeug - INFO - 127.0.0.1 - - [14/Nov/2024 17:06:29] "[32mGET / HTTP/1.1[0m" 302 -
2024-11-14 17:06:29,875 - app.routes - ERROR - Erro na rota index: no such table: pacientes
Traceback (most recent call last):
  File "/Applications/XAMPP/xamppfiles/htdocs/ss/app/routes.py", line 19, in index
    cursor.execute('SELECT * FROM pacientes ORDER BY nome')
sqlite3.OperationalError: no such table: pacientes
2024-11-14 17:06:29,875 - werkzeug - INFO - 127.0.0.1 - - [14/Nov/2024 17:06:29] "[32mGET / HTTP/1.1[0m" 302 -
2024-11-14 17:06:29,881 - app.routes - ERROR - Erro na rota index: no such table: pacientes
Traceback (most recent call last):
  File "/Applications/XAMPP/xamppfiles/htdocs/ss/app/routes.py", line 19, in index
    cursor.execute('SELECT * FROM pacientes ORDER BY nome')
sqlite3.OperationalError: no such table: pacientes
2024-11-14 17:06:29,882 - werkzeug - INFO - 127.0.0.1 - - [14/Nov/2024 17:06:29] "[32mGET / HTTP/1.1[0m" 302 -
2024-11-14 17:06:29,888 - app.routes - ERROR - Erro na rota index: no such table: pacientes
Traceback (most recent call last):
  File "/Applications/XAMPP/xamppfiles/htdocs/ss/app/routes.py", line 19, in index
    cursor.execute('SELECT * FROM pacientes ORDER BY nome')
sqlite3.OperationalError: no such table: pacientes
2024-11-14 17:06:29,889 - werkzeug - INFO - 127.0.0.1 - - [14/Nov/2024 17:06:29] "[32mGET / HTTP/1.1[0m" 302 -
2024-11-14 17:06:29,894 - app.routes - ERROR - Erro na rota index: no such table: pacientes
Traceback (most recent call last):
  File "/Applications/XAMPP/xamppfiles/htdocs/ss/app/routes.py", line 19, in index
    cursor.execute('SELECT * FROM pacientes ORDER BY nome')
sqlite3.OperationalError: no such table: pacientes
2024-11-14 17:06:29,895 - werkzeug - INFO - 127.0.0.1 - - [14/Nov/2024 17:06:29] "[32mGET / HTTP/1.1[0m" 302 -
2024-11-14 17:06:29,901 - app.routes - ERROR - Erro na rota index: no such table: pacientes
Traceback (most recent call last):
  File "/Applications/XAMPP/xamppfiles/htdocs/ss/app/routes.py", line 19, in index
    cursor.execute('SELECT * FROM pacientes ORDER BY nome')
sqlite3.OperationalError: no such table: pacientes
2024-11-14 17:06:29,901 - werkzeug - INFO - 127.0.0.1 - - [14/Nov/2024 17:06:29] "[32mGET / HTTP/1.1[0m" 302 -
2024-11-14 17:06:29,907 - app.routes - ERROR - Erro na rota index: no such table: pacientes
Traceback (most recent call last):
  File "/Applications/XAMPP/xamppfiles/htdocs/ss/app/routes.py", line 19, in index
    cursor.execute('SELECT * FROM pacientes ORDER BY nome')
sqlite3.OperationalError: no such table: pacientes
2024-11-14 17:06:29,908 - werkzeug - INFO - 127.0.0.1 - - [14/Nov/2024 17:06:29] "[32mGET / HTTP/1.1[0m" 302 -
2024-11-14 17:06:29,914 - app.routes - ERROR - Erro na rota index: no such table: pacientes
Traceback (most recent call last):
  File "/Applications/XAMPP/xamppfiles/htdocs/ss/app/routes.py", line 19, in index
    cursor.execute('SELECT * FROM pacientes ORDER BY nome')
sqlite3.OperationalError: no such table: pacientes
2024-11-14 17:06:29,915 - werkzeug - INFO - 127.0.0.1 - - [14/Nov/2024 17:06:29] "[32mGET / HTTP/1.1[0m" 302 -
2024-11-14 17:06:29,920 - app.routes - ERROR - Erro na rota index: no such table: pacientes
Traceback (most recent call last):
  File "/Applications/XAMPP/xamppfiles/htdocs/ss/app/routes.py", line 19, in index
    cursor.execute('SELECT * FROM pacientes ORDER BY nome')
sqlite3.OperationalError: no such table: pacientes
2024-11-14 17:06:29,921 - werkzeug - INFO - 127.0.0.1 - - [14/Nov/2024 17:06:29] "[32mGET / HTTP/1.1[0m" 302 -
2024-11-14 17:06:29,926 - app.routes - ERROR - Erro na rota index: no such table: pacientes
Traceback (most recent call last):
  File "/Applications/XAMPP/xamppfiles/htdocs/ss/app/routes.py", line 19, in index
    cursor.execute('SELECT * FROM pacientes ORDER BY nome')
sqlite3.OperationalError: no such table: pacientes
2024-11-14 17:06:29,926 - werkzeug - INFO - 127.0.0.1 - - [14/Nov/2024 17:06:29] "[32mGET / HTTP/1.1[0m" 302 -
2024-11-14 17:06:29,931 - app.routes - ERROR - Erro na rota index: no such table: pacientes
Traceback (most recent call last):
  File "/Applications/XAMPP/xamppfiles/htdocs/ss/app/routes.py", line 19, in index
    cursor.execute('SELECT * FROM pacientes ORDER BY nome')
sqlite3.OperationalError: no such table: pacientes
2024-11-14 17:06:29,933 - werkzeug - INFO - 127.0.0.1 - - [14/Nov/2024 17:06:29] "[32mGET / HTTP/1.1[0m" 302 -
2024-11-14 17:06:29,937 - app.routes - ERROR - Erro na rota index: no such table: pacientes
Traceback (most recent call last):
  File "/Applications/XAMPP/xamppfiles/htdocs/ss/app/routes.py", line 19, in index
    cursor.execute('SELECT * FROM pacientes ORDER BY nome')
sqlite3.OperationalError: no such table: pacientes
2024-11-14 17:06:29,938 - werkzeug - INFO - 127.0.0.1 - - [14/Nov/2024 17:06:29] "[32mGET / HTTP/1.1[0m" 302 -
2024-11-14 17:06:29,942 - app.routes - ERROR - Erro na rota index: no such table: pacientes
Traceback (most recent call last):
  File "/Applications/XAMPP/xamppfiles/htdocs/ss/app/routes.py", line 19, in index
    cursor.execute('SELECT * FROM pacientes ORDER BY nome')
sqlite3.OperationalError: no such table: pacientes
2024-11-14 17:06:29,943 - werkzeug - INFO - 127.0.0.1 - - [14/Nov/2024 17:06:29] "[32mGET / HTTP/1.1[0m" 302 -
2024-11-14 17:06:29,947 - app.routes - ERROR - Erro na rota index: no such table: pacientes
Traceback (most recent call last):
  File "/Applications/XAMPP/xamppfiles/htdocs/ss/app/routes.py", line 19, in index
    cursor.execute('SELECT * FROM pacientes ORDER BY nome')
sqlite3.OperationalError: no such table: pacientes
2024-11-14 17:06:29,947 - werkzeug - INFO - 127.0.0.1 - - [14/Nov/2024 17:06:29] "[32mGET / HTTP/1.1[0m" 302 -
2024-11-14 17:06:29,953 - app.routes - ERROR - Erro na rota index: no such table: pacientes
Traceback (most recent call last):
  File "/Applications/XAMPP/xamppfiles/htdocs/ss/app/routes.py", line 19, in index
    cursor.execute('SELECT * FROM pacientes ORDER BY nome')
sqlite3.OperationalError: no such table: pacientes
2024-11-14 17:06:29,954 - werkzeug - INFO - 127.0.0.1 - - [14/Nov/2024 17:06:29] "[32mGET / HTTP/1.1[0m" 302 -
2024-11-14 17:06:29,958 - app.routes - ERROR - Erro na rota index: no such table: pacientes
Traceback (most recent call last):
  File "/Applications/XAMPP/xamppfiles/htdocs/ss/app/routes.py", line 19, in index
    cursor.execute('SELECT * FROM pacientes ORDER BY nome')
sqlite3.OperationalError: no such table: pacientes
2024-11-14 17:06:29,959 - werkzeug - INFO - 127.0.0.1 - - [14/Nov/2024 17:06:29] "[32mGET / HTTP/1.1[0m" 302 -
2024-11-14 17:06:29,963 - app.routes - ERROR - Erro na rota index: no such table: pacientes
Traceback (most recent call last):
  File "/Applications/XAMPP/xamppfiles/htdocs/ss/app/routes.py", line 19, in index
    cursor.execute('SELECT * FROM pacientes ORDER BY nome')
sqlite3.OperationalError: no such table: pacientes
2024-11-14 17:06:29,963 - werkzeug - INFO - 127.0.0.1 - - [14/Nov/2024 17:06:29] "[32mGET / HTTP/1.1[0m" 302 -
2024-11-14 17:06:29,969 - app.routes - ERROR - Erro na rota index: no such table: pacientes
Traceback (most recent call last):
  File "/Applications/XAMPP/xamppfiles/htdocs/ss/app/routes.py", line 19, in index
    cursor.execute('SELECT * FROM pacientes ORDER BY nome')
sqlite3.OperationalError: no such table: pacientes
2024-11-14 17:06:29,969 - werkzeug - INFO - 127.0.0.1 - - [14/Nov/2024 17:06:29] "[32mGET / HTTP/1.1[0m" 302 -
2024-11-14 17:06:29,973 - app.routes - ERROR - Erro na rota index: no such table: pacientes
Traceback (most recent call last):
  File "/Applications/XAMPP/xamppfiles/htdocs/ss/app/routes.py", line 19, in index
    cursor.execute('SELECT * FROM pacientes ORDER BY nome')
sqlite3.OperationalError: no such table: pacientes
2024-11-14 17:06:29,974 - werkzeug - INFO - 127.0.0.1 - - [14/Nov/2024 17:06:29] "[32mGET / HTTP/1.1[0m" 302 -
2024-11-14 17:06:29,978 - app.routes - ERROR - Erro na rota index: no such table: pacientes
Traceback (most recent call last):
  File "/Applications/XAMPP/xamppfiles/htdocs/ss/app/routes.py", line 19, in index
    cursor.execute('SELECT * FROM pacientes ORDER BY nome')
sqlite3.OperationalError: no such table: pacientes
2024-11-14 17:06:29,978 - werkzeug - INFO - 127.0.0.1 - - [14/Nov/2024 17:06:29] "[32mGET / HTTP/1.1[0m" 302 -
2024-11-14 17:07:44,864 - app.routes - ERROR - Erro na rota index: no such table: pacientes
Traceback (most recent call last):
  File "/Applications/XAMPP/xamppfiles/htdocs/ss/app/routes.py", line 19, in index
    cursor.execute('SELECT * FROM pacientes ORDER BY nome')
sqlite3.OperationalError: no such table: pacientes
2024-11-14 17:07:44,866 - werkzeug - INFO - 127.0.0.1 - - [14/Nov/2024 17:07:44] "[32mGET / HTTP/1.1[0m" 302 -
2024-11-14 17:07:44,876 - app.routes - ERROR - Erro na rota index: no such table: pacientes
Traceback (most recent call last):
  File "/Applications/XAMPP/xamppfiles/htdocs/ss/app/routes.py", line 19, in index
    cursor.execute('SELECT * FROM pacientes ORDER BY nome')
sqlite3.OperationalError: no such table: pacientes
2024-11-14 17:07:44,877 - werkzeug - INFO - 127.0.0.1 - - [14/Nov/2024 17:07:44] "[32mGET / HTTP/1.1[0m" 302 -
2024-11-14 17:07:44,884 - app.routes - ERROR - Erro na rota index: no such table: pacientes
Traceback (most recent call last):
  File "/Applications/XAMPP/xamppfiles/htdocs/ss/app/routes.py", line 19, in index
    cursor.execute('SELECT * FROM pacientes ORDER BY nome')
sqlite3.OperationalError: no such table: pacientes
2024-11-14 17:07:44,885 - werkzeug - INFO - 127.0.0.1 - - [14/Nov/2024 17:07:44] "[32mGET / HTTP/1.1[0m" 302 -
2024-11-14 17:07:44,890 - app.routes - ERROR - Erro na rota index: no such table: pacientes
Traceback (most recent call last):
  File "/Applications/XAMPP/xamppfiles/htdocs/ss/app/routes.py", line 19, in index
    cursor.execute('SELECT * FROM pacientes ORDER BY nome')
sqlite3.OperationalError: no such table: pacientes
2024-11-14 17:07:44,891 - werkzeug - INFO - 127.0.0.1 - - [14/Nov/2024 17:07:44] "[32mGET / HTTP/1.1[0m" 302 -
2024-11-14 17:07:44,898 - app.routes - ERROR - Erro na rota index: no such table: pacientes
Traceback (most recent call last):
  File "/Applications/XAMPP/xamppfiles/htdocs/ss/app/routes.py", line 19, in index
    cursor.execute('SELECT * FROM pacientes ORDER BY nome')
sqlite3.OperationalError: no such table: pacientes
2024-11-14 17:07:44,899 - werkzeug - INFO - 127.0.0.1 - - [14/Nov/2024 17:07:44] "[32mGET / HTTP/1.1[0m" 302 -
2024-11-14 17:07:44,905 - app.routes - ERROR - Erro na rota index: no such table: pacientes
Traceback (most recent call last):
  File "/Applications/XAMPP/xamppfiles/htdocs/ss/app/routes.py", line 19, in index
    cursor.execute('SELECT * FROM pacientes ORDER BY nome')
sqlite3.OperationalError: no such table: pacientes
2024-11-14 17:07:44,906 - werkzeug - INFO - 127.0.0.1 - - [14/Nov/2024 17:07:44] "[32mGET / HTTP/1.1[0m" 302 -
2024-11-14 17:07:44,911 - app.routes - ERROR - Erro na rota index: no such table: pacientes
Traceback (most recent call last):
  File "/Applications/XAMPP/xamppfiles/htdocs/ss/app/routes.py", line 19, in index
    cursor.execute('SELECT * FROM pacientes ORDER BY nome')
sqlite3.OperationalError: no such table: pacientes
2024-11-14 17:07:44,912 - werkzeug - INFO - 127.0.0.1 - - [14/Nov/2024 17:07:44] "[32mGET / HTTP/1.1[0m" 302 -
2024-11-14 17:07:44,917 - app.routes - ERROR - Erro na rota index: no such table: pacientes
Traceback (most recent call last):
  File "/Applications/XAMPP/xamppfiles/htdocs/ss/app/routes.py", line 19, in index
    cursor.execute('SELECT * FROM pacientes ORDER BY nome')
sqlite3.OperationalError: no such table: pacientes
2024-11-14 17:07:44,918 - werkzeug - INFO - 127.0.0.1 - - [14/Nov/2024 17:07:44] "[32mGET / HTTP/1.1[0m" 302 -
2024-11-14 17:07:44,923 - app.routes - ERROR - Erro na rota index: no such table: pacientes
Traceback (most recent call last):
  File "/Applications/XAMPP/xamppfiles/htdocs/ss/app/routes.py", line 19, in index
    cursor.execute('SELECT * FROM pacientes ORDER BY nome')
sqlite3.OperationalError: no such table: pacientes
2024-11-14 17:07:44,924 - werkzeug - INFO - 127.0.0.1 - - [14/Nov/2024 17:07:44] "[32mGET / HTTP/1.1[0m" 302 -
2024-11-14 17:07:44,929 - app.routes - ERROR - Erro na rota index: no such table: pacientes
Traceback (most recent call last):
  File "/Applications/XAMPP/xamppfiles/htdocs/ss/app/routes.py", line 19, in index
    cursor.execute('SELECT * FROM pacientes ORDER BY nome')
sqlite3.OperationalError: no such table: pacientes
2024-11-14 17:07:44,930 - werkzeug - INFO - 127.0.0.1 - - [14/Nov/2024 17:07:44] "[32mGET / HTTP/1.1[0m" 302 -
2024-11-14 17:07:44,936 - app.routes - ERROR - Erro na rota index: no such table: pacientes
Traceback (most recent call last):
  File "/Applications/XAMPP/xamppfiles/htdocs/ss/app/routes.py", line 19, in index
    cursor.execute('SELECT * FROM pacientes ORDER BY nome')
sqlite3.OperationalError: no such table: pacientes
2024-11-14 17:07:44,937 - werkzeug - INFO - 127.0.0.1 - - [14/Nov/2024 17:07:44] "[32mGET / HTTP/1.1[0m" 302 -
2024-11-14 17:07:44,941 - app.routes - ERROR - Erro na rota index: no such table: pacientes
Traceback (most recent call last):
  File "/Applications/XAMPP/xamppfiles/htdocs/ss/app/routes.py", line 19, in index
    cursor.execute('SELECT * FROM pacientes ORDER BY nome')
sqlite3.OperationalError: no such table: pacientes
2024-11-14 17:07:44,942 - werkzeug - INFO - 127.0.0.1 - - [14/Nov/2024 17:07:44] "[32mGET / HTTP/1.1[0m" 302 -
2024-11-14 17:07:44,947 - app.routes - ERROR - Erro na rota index: no such table: pacientes
Traceback (most recent call last):
  File "/Applications/XAMPP/xamppfiles/htdocs/ss/app/routes.py", line 19, in index
    cursor.execute('SELECT * FROM pacientes ORDER BY nome')
sqlite3.OperationalError: no such table: pacientes
2024-11-14 17:07:44,949 - werkzeug - INFO - 127.0.0.1 - - [14/Nov/2024 17:07:44] "[32mGET / HTTP/1.1[0m" 302 -
2024-11-14 17:07:44,953 - app.routes - ERROR - Erro na rota index: no such table: pacientes
Traceback (most recent call last):
  File "/Applications/XAMPP/xamppfiles/htdocs/ss/app/routes.py", line 19, in index
    cursor.execute('SELECT * FROM pacientes ORDER BY nome')
sqlite3.OperationalError: no such table: pacientes
2024-11-14 17:07:44,954 - werkzeug - INFO - 127.0.0.1 - - [14/Nov/2024 17:07:44] "[32mGET / HTTP/1.1[0m" 302 -
2024-11-14 17:07:44,958 - app.routes - ERROR - Erro na rota index: no such table: pacientes
Traceback (most recent call last):
  File "/Applications/XAMPP/xamppfiles/htdocs/ss/app/routes.py", line 19, in index
    cursor.execute('SELECT * FROM pacientes ORDER BY nome')
sqlite3.OperationalError: no such table: pacientes
2024-11-14 17:07:44,959 - werkzeug - INFO - 127.0.0.1 - - [14/Nov/2024 17:07:44] "[32mGET / HTTP/1.1[0m" 302 -
2024-11-14 17:07:44,963 - app.routes - ERROR - Erro na rota index: no such table: pacientes
Traceback (most recent call last):
  File "/Applications/XAMPP/xamppfiles/htdocs/ss/app/routes.py", line 19, in index
    cursor.execute('SELECT * FROM pacientes ORDER BY nome')
sqlite3.OperationalError: no such table: pacientes
2024-11-14 17:07:44,964 - werkzeug - INFO - 127.0.0.1 - - [14/Nov/2024 17:07:44] "[32mGET / HTTP/1.1[0m" 302 -
2024-11-14 17:07:44,969 - app.routes - ERROR - Erro na rota index: no such table: pacientes
Traceback (most recent call last):
  File "/Applications/XAMPP/xamppfiles/htdocs/ss/app/routes.py", line 19, in index
    cursor.execute('SELECT * FROM pacientes ORDER BY nome')
sqlite3.OperationalError: no such table: pacientes
2024-11-14 17:07:44,970 - werkzeug - INFO - 127.0.0.1 - - [14/Nov/2024 17:07:44] "[32mGET / HTTP/1.1[0m" 302 -
2024-11-14 17:07:44,974 - app.routes - ERROR - Erro na rota index: no such table: pacientes
Traceback (most recent call last):
  File "/Applications/XAMPP/xamppfiles/htdocs/ss/app/routes.py", line 19, in index
    cursor.execute('SELECT * FROM pacientes ORDER BY nome')
sqlite3.OperationalError: no such table: pacientes
2024-11-14 17:07:44,975 - werkzeug - INFO - 127.0.0.1 - - [14/Nov/2024 17:07:44] "[32mGET / HTTP/1.1[0m" 302 -
2024-11-14 17:07:44,979 - app.routes - ERROR - Erro na rota index: no such table: pacientes
Traceback (most recent call last):
  File "/Applications/XAMPP/xamppfiles/htdocs/ss/app/routes.py", line 19, in index
    cursor.execute('SELECT * FROM pacientes ORDER BY nome')
sqlite3.OperationalError: no such table: pacientes
2024-11-14 17:07:44,980 - werkzeug - INFO - 127.0.0.1 - - [14/Nov/2024 17:07:44] "[32mGET / HTTP/1.1[0m" 302 -
2024-11-14 17:07:44,984 - app.routes - ERROR - Erro na rota index: no such table: pacientes
Traceback (most recent call last):
  File "/Applications/XAMPP/xamppfiles/htdocs/ss/app/routes.py", line 19, in index
    cursor.execute('SELECT * FROM pacientes ORDER BY nome')
sqlite3.OperationalError: no such table: pacientes
2024-11-14 17:07:44,985 - werkzeug - INFO - 127.0.0.1 - - [14/Nov/2024 17:07:44] "[32mGET / HTTP/1.1[0m" 302 -
2024-11-14 17:07:44,989 - app.routes - ERROR - Erro na rota index: no such table: pacientes
Traceback (most recent call last):
  File "/Applications/XAMPP/xamppfiles/htdocs/ss/app/routes.py", line 19, in index
    cursor.execute('SELECT * FROM pacientes ORDER BY nome')
sqlite3.OperationalError: no such table: pacientes
2024-11-14 17:07:44,990 - werkzeug - INFO - 127.0.0.1 - - [14/Nov/2024 17:07:44] "[32mGET / HTTP/1.1[0m" 302 -
2024-11-14 17:08:20,550 - werkzeug - INFO -  * Detected change in '/Applications/XAMPP/xamppfiles/htdocs/ss/app/__init__.py', reloading
2024-11-14 17:08:20,581 - werkzeug - INFO -  * Restarting with stat
2024-11-14 17:08:20,726 - app.database - INFO - Conexão com banco de dados estabelecida
2024-11-14 17:08:20,728 - app.database - INFO - Banco de dados inicializado com sucesso
2024-11-14 17:08:20,728 - app.database - INFO - Conexão com banco de dados fechada
2024-11-14 17:08:20,745 - werkzeug - WARNING -  * Debugger is active!
2024-11-14 17:08:20,750 - werkzeug - INFO -  * Debugger PIN: 856-842-152
2024-11-14 17:08:21,765 - werkzeug - INFO -  * Detected change in '/Applications/XAMPP/xamppfiles/htdocs/ss/app/__init__.py', reloading
2024-11-14 17:08:21,794 - werkzeug - INFO -  * Restarting with stat
2024-11-14 17:08:21,905 - app.database - INFO - Conexão com banco de dados estabelecida
2024-11-14 17:08:21,907 - app.database - INFO - Banco de dados inicializado com sucesso
2024-11-14 17:08:21,907 - app.database - INFO - Conexão com banco de dados fechada
2024-11-14 17:08:21,922 - werkzeug - WARNING -  * Debugger is active!
2024-11-14 17:08:21,926 - werkzeug - INFO -  * Debugger PIN: 856-842-152
2024-11-14 17:08:36,662 - app.routes - ERROR - Erro na rota index: index.html
Traceback (most recent call last):
  File "/Applications/XAMPP/xamppfiles/htdocs/ss/app/routes.py", line 31, in index
    return render_template('index.html',
  File "/Applications/XAMPP/xamppfiles/htdocs/ss/venv/lib/python3.9/site-packages/flask/templating.py", line 149, in render_template
    template = app.jinja_env.get_or_select_template(template_name_or_list)
  File "/Applications/XAMPP/xamppfiles/htdocs/ss/venv/lib/python3.9/site-packages/jinja2/environment.py", line 1084, in get_or_select_template
    return self.get_template(template_name_or_list, parent, globals)
  File "/Applications/XAMPP/xamppfiles/htdocs/ss/venv/lib/python3.9/site-packages/jinja2/environment.py", line 1013, in get_template
    return self._load_template(name, globals)
  File "/Applications/XAMPP/xamppfiles/htdocs/ss/venv/lib/python3.9/site-packages/jinja2/environment.py", line 972, in _load_template
    template = self.loader.load(self, name, self.make_globals(globals))
  File "/Applications/XAMPP/xamppfiles/htdocs/ss/venv/lib/python3.9/site-packages/jinja2/loaders.py", line 126, in load
    source, filename, uptodate = self.get_source(environment, name)
  File "/Applications/XAMPP/xamppfiles/htdocs/ss/venv/lib/python3.9/site-packages/flask/templating.py", line 65, in get_source
    return self._get_source_fast(environment, template)
  File "/Applications/XAMPP/xamppfiles/htdocs/ss/venv/lib/python3.9/site-packages/flask/templating.py", line 99, in _get_source_fast
    raise TemplateNotFound(template)
jinja2.exceptions.TemplateNotFound: index.html
2024-11-14 17:08:36,671 - werkzeug - INFO - 127.0.0.1 - - [14/Nov/2024 17:08:36] "[32mGET / HTTP/1.1[0m" 302 -
2024-11-14 17:08:36,675 - app.routes - ERROR - Erro na rota index: index.html
Traceback (most recent call last):
  File "/Applications/XAMPP/xamppfiles/htdocs/ss/app/routes.py", line 31, in index
    return render_template('index.html',
  File "/Applications/XAMPP/xamppfiles/htdocs/ss/venv/lib/python3.9/site-packages/flask/templating.py", line 149, in render_template
    template = app.jinja_env.get_or_select_template(template_name_or_list)
  File "/Applications/XAMPP/xamppfiles/htdocs/ss/venv/lib/python3.9/site-packages/jinja2/environment.py", line 1084, in get_or_select_template
    return self.get_template(template_name_or_list, parent, globals)
  File "/Applications/XAMPP/xamppfiles/htdocs/ss/venv/lib/python3.9/site-packages/jinja2/environment.py", line 1013, in get_template
    return self._load_template(name, globals)
  File "/Applications/XAMPP/xamppfiles/htdocs/ss/venv/lib/python3.9/site-packages/jinja2/environment.py", line 972, in _load_template
    template = self.loader.load(self, name, self.make_globals(globals))
  File "/Applications/XAMPP/xamppfiles/htdocs/ss/venv/lib/python3.9/site-packages/jinja2/loaders.py", line 126, in load
    source, filename, uptodate = self.get_source(environment, name)
  File "/Applications/XAMPP/xamppfiles/htdocs/ss/venv/lib/python3.9/site-packages/flask/templating.py", line 65, in get_source
    return self._get_source_fast(environment, template)
  File "/Applications/XAMPP/xamppfiles/htdocs/ss/venv/lib/python3.9/site-packages/flask/templating.py", line 99, in _get_source_fast
    raise TemplateNotFound(template)
jinja2.exceptions.TemplateNotFound: index.html
2024-11-14 17:08:36,676 - werkzeug - INFO - 127.0.0.1 - - [14/Nov/2024 17:08:36] "[32mGET / HTTP/1.1[0m" 302 -
2024-11-14 17:08:36,680 - app.routes - ERROR - Erro na rota index: index.html
Traceback (most recent call last):
  File "/Applications/XAMPP/xamppfiles/htdocs/ss/app/routes.py", line 31, in index
    return render_template('index.html',
  File "/Applications/XAMPP/xamppfiles/htdocs/ss/venv/lib/python3.9/site-packages/flask/templating.py", line 149, in render_template
    template = app.jinja_env.get_or_select_template(template_name_or_list)
  File "/Applications/XAMPP/xamppfiles/htdocs/ss/venv/lib/python3.9/site-packages/jinja2/environment.py", line 1084, in get_or_select_template
    return self.get_template(template_name_or_list, parent, globals)
  File "/Applications/XAMPP/xamppfiles/htdocs/ss/venv/lib/python3.9/site-packages/jinja2/environment.py", line 1013, in get_template
    return self._load_template(name, globals)
  File "/Applications/XAMPP/xamppfiles/htdocs/ss/venv/lib/python3.9/site-packages/jinja2/environment.py", line 972, in _load_template
    template = self.loader.load(self, name, self.make_globals(globals))
  File "/Applications/XAMPP/xamppfiles/htdocs/ss/venv/lib/python3.9/site-packages/jinja2/loaders.py", line 126, in load
    source, filename, uptodate = self.get_source(environment, name)
  File "/Applications/XAMPP/xamppfiles/htdocs/ss/venv/lib/python3.9/site-packages/flask/templating.py", line 65, in get_source
    return self._get_source_fast(environment, template)
  File "/Applications/XAMPP/xamppfiles/htdocs/ss/venv/lib/python3.9/site-packages/flask/templating.py", line 99, in _get_source_fast
    raise TemplateNotFound(template)
jinja2.exceptions.TemplateNotFound: index.html
2024-11-14 17:08:36,681 - werkzeug - INFO - 127.0.0.1 - - [14/Nov/2024 17:08:36] "[32mGET / HTTP/1.1[0m" 302 -
2024-11-14 17:08:36,685 - app.routes - ERROR - Erro na rota index: index.html
Traceback (most recent call last):
  File "/Applications/XAMPP/xamppfiles/htdocs/ss/app/routes.py", line 31, in index
    return render_template('index.html',
  File "/Applications/XAMPP/xamppfiles/htdocs/ss/venv/lib/python3.9/site-packages/flask/templating.py", line 149, in render_template
    template = app.jinja_env.get_or_select_template(template_name_or_list)
  File "/Applications/XAMPP/xamppfiles/htdocs/ss/venv/lib/python3.9/site-packages/jinja2/environment.py", line 1084, in get_or_select_template
    return self.get_template(template_name_or_list, parent, globals)
  File "/Applications/XAMPP/xamppfiles/htdocs/ss/venv/lib/python3.9/site-packages/jinja2/environment.py", line 1013, in get_template
    return self._load_template(name, globals)
  File "/Applications/XAMPP/xamppfiles/htdocs/ss/venv/lib/python3.9/site-packages/jinja2/environment.py", line 972, in _load_template
    template = self.loader.load(self, name, self.make_globals(globals))
  File "/Applications/XAMPP/xamppfiles/htdocs/ss/venv/lib/python3.9/site-packages/jinja2/loaders.py", line 126, in load
    source, filename, uptodate = self.get_source(environment, name)
  File "/Applications/XAMPP/xamppfiles/htdocs/ss/venv/lib/python3.9/site-packages/flask/templating.py", line 65, in get_source
    return self._get_source_fast(environment, template)
  File "/Applications/XAMPP/xamppfiles/htdocs/ss/venv/lib/python3.9/site-packages/flask/templating.py", line 99, in _get_source_fast
    raise TemplateNotFound(template)
jinja2.exceptions.TemplateNotFound: index.html
2024-11-14 17:08:36,686 - werkzeug - INFO - 127.0.0.1 - - [14/Nov/2024 17:08:36] "[32mGET / HTTP/1.1[0m" 302 -
2024-11-14 17:08:36,689 - app.routes - ERROR - Erro na rota index: index.html
Traceback (most recent call last):
  File "/Applications/XAMPP/xamppfiles/htdocs/ss/app/routes.py", line 31, in index
    return render_template('index.html',
  File "/Applications/XAMPP/xamppfiles/htdocs/ss/venv/lib/python3.9/site-packages/flask/templating.py", line 149, in render_template
    template = app.jinja_env.get_or_select_template(template_name_or_list)
  File "/Applications/XAMPP/xamppfiles/htdocs/ss/venv/lib/python3.9/site-packages/jinja2/environment.py", line 1084, in get_or_select_template
    return self.get_template(template_name_or_list, parent, globals)
  File "/Applications/XAMPP/xamppfiles/htdocs/ss/venv/lib/python3.9/site-packages/jinja2/environment.py", line 1013, in get_template
    return self._load_template(name, globals)
  File "/Applications/XAMPP/xamppfiles/htdocs/ss/venv/lib/python3.9/site-packages/jinja2/environment.py", line 972, in _load_template
    template = self.loader.load(self, name, self.make_globals(globals))
  File "/Applications/XAMPP/xamppfiles/htdocs/ss/venv/lib/python3.9/site-packages/jinja2/loaders.py", line 126, in load
    source, filename, uptodate = self.get_source(environment, name)
  File "/Applications/XAMPP/xamppfiles/htdocs/ss/venv/lib/python3.9/site-packages/flask/templating.py", line 65, in get_source
    return self._get_source_fast(environment, template)
  File "/Applications/XAMPP/xamppfiles/htdocs/ss/venv/lib/python3.9/site-packages/flask/templating.py", line 99, in _get_source_fast
    raise TemplateNotFound(template)
jinja2.exceptions.TemplateNotFound: index.html
2024-11-14 17:08:36,689 - werkzeug - INFO - 127.0.0.1 - - [14/Nov/2024 17:08:36] "[32mGET / HTTP/1.1[0m" 302 -
2024-11-14 17:08:36,693 - app.routes - ERROR - Erro na rota index: index.html
Traceback (most recent call last):
  File "/Applications/XAMPP/xamppfiles/htdocs/ss/app/routes.py", line 31, in index
    return render_template('index.html',
  File "/Applications/XAMPP/xamppfiles/htdocs/ss/venv/lib/python3.9/site-packages/flask/templating.py", line 149, in render_template
    template = app.jinja_env.get_or_select_template(template_name_or_list)
  File "/Applications/XAMPP/xamppfiles/htdocs/ss/venv/lib/python3.9/site-packages/jinja2/environment.py", line 1084, in get_or_select_template
    return self.get_template(template_name_or_list, parent, globals)
  File "/Applications/XAMPP/xamppfiles/htdocs/ss/venv/lib/python3.9/site-packages/jinja2/environment.py", line 1013, in get_template
    return self._load_template(name, globals)
  File "/Applications/XAMPP/xamppfiles/htdocs/ss/venv/lib/python3.9/site-packages/jinja2/environment.py", line 972, in _load_template
    template = self.loader.load(self, name, self.make_globals(globals))
  File "/Applications/XAMPP/xamppfiles/htdocs/ss/venv/lib/python3.9/site-packages/jinja2/loaders.py", line 126, in load
    source, filename, uptodate = self.get_source(environment, name)
  File "/Applications/XAMPP/xamppfiles/htdocs/ss/venv/lib/python3.9/site-packages/flask/templating.py", line 65, in get_source
    return self._get_source_fast(environment, template)
  File "/Applications/XAMPP/xamppfiles/htdocs/ss/venv/lib/python3.9/site-packages/flask/templating.py", line 99, in _get_source_fast
    raise TemplateNotFound(template)
jinja2.exceptions.TemplateNotFound: index.html
2024-11-14 17:08:36,694 - werkzeug - INFO - 127.0.0.1 - - [14/Nov/2024 17:08:36] "[32mGET / HTTP/1.1[0m" 302 -
2024-11-14 17:08:36,697 - app.routes - ERROR - Erro na rota index: index.html
Traceback (most recent call last):
  File "/Applications/XAMPP/xamppfiles/htdocs/ss/app/routes.py", line 31, in index
    return render_template('index.html',
  File "/Applications/XAMPP/xamppfiles/htdocs/ss/venv/lib/python3.9/site-packages/flask/templating.py", line 149, in render_template
    template = app.jinja_env.get_or_select_template(template_name_or_list)
  File "/Applications/XAMPP/xamppfiles/htdocs/ss/venv/lib/python3.9/site-packages/jinja2/environment.py", line 1084, in get_or_select_template
    return self.get_template(template_name_or_list, parent, globals)
  File "/Applications/XAMPP/xamppfiles/htdocs/ss/venv/lib/python3.9/site-packages/jinja2/environment.py", line 1013, in get_template
    return self._load_template(name, globals)
  File "/Applications/XAMPP/xamppfiles/htdocs/ss/venv/lib/python3.9/site-packages/jinja2/environment.py", line 972, in _load_template
    template = self.loader.load(self, name, self.make_globals(globals))
  File "/Applications/XAMPP/xamppfiles/htdocs/ss/venv/lib/python3.9/site-packages/jinja2/loaders.py", line 126, in load
    source, filename, uptodate = self.get_source(environment, name)
  File "/Applications/XAMPP/xamppfiles/htdocs/ss/venv/lib/python3.9/site-packages/flask/templating.py", line 65, in get_source
    return self._get_source_fast(environment, template)
  File "/Applications/XAMPP/xamppfiles/htdocs/ss/venv/lib/python3.9/site-packages/flask/templating.py", line 99, in _get_source_fast
    raise TemplateNotFound(template)
jinja2.exceptions.TemplateNotFound: index.html
2024-11-14 17:08:36,699 - werkzeug - INFO - 127.0.0.1 - - [14/Nov/2024 17:08:36] "[32mGET / HTTP/1.1[0m" 302 -
2024-11-14 17:08:36,702 - app.routes - ERROR - Erro na rota index: index.html
Traceback (most recent call last):
  File "/Applications/XAMPP/xamppfiles/htdocs/ss/app/routes.py", line 31, in index
    return render_template('index.html',
  File "/Applications/XAMPP/xamppfiles/htdocs/ss/venv/lib/python3.9/site-packages/flask/templating.py", line 149, in render_template
    template = app.jinja_env.get_or_select_template(template_name_or_list)
  File "/Applications/XAMPP/xamppfiles/htdocs/ss/venv/lib/python3.9/site-packages/jinja2/environment.py", line 1084, in get_or_select_template
    return self.get_template(template_name_or_list, parent, globals)
  File "/Applications/XAMPP/xamppfiles/htdocs/ss/venv/lib/python3.9/site-packages/jinja2/environment.py", line 1013, in get_template
    return self._load_template(name, globals)
  File "/Applications/XAMPP/xamppfiles/htdocs/ss/venv/lib/python3.9/site-packages/jinja2/environment.py", line 972, in _load_template
    template = self.loader.load(self, name, self.make_globals(globals))
  File "/Applications/XAMPP/xamppfiles/htdocs/ss/venv/lib/python3.9/site-packages/jinja2/loaders.py", line 126, in load
    source, filename, uptodate = self.get_source(environment, name)
  File "/Applications/XAMPP/xamppfiles/htdocs/ss/venv/lib/python3.9/site-packages/flask/templating.py", line 65, in get_source
    return self._get_source_fast(environment, template)
  File "/Applications/XAMPP/xamppfiles/htdocs/ss/venv/lib/python3.9/site-packages/flask/templating.py", line 99, in _get_source_fast
    raise TemplateNotFound(template)
jinja2.exceptions.TemplateNotFound: index.html
2024-11-14 17:08:36,702 - werkzeug - INFO - 127.0.0.1 - - [14/Nov/2024 17:08:36] "[32mGET / HTTP/1.1[0m" 302 -
2024-11-14 17:08:36,705 - app.routes - ERROR - Erro na rota index: index.html
Traceback (most recent call last):
  File "/Applications/XAMPP/xamppfiles/htdocs/ss/app/routes.py", line 31, in index
    return render_template('index.html',
  File "/Applications/XAMPP/xamppfiles/htdocs/ss/venv/lib/python3.9/site-packages/flask/templating.py", line 149, in render_template
    template = app.jinja_env.get_or_select_template(template_name_or_list)
  File "/Applications/XAMPP/xamppfiles/htdocs/ss/venv/lib/python3.9/site-packages/jinja2/environment.py", line 1084, in get_or_select_template
    return self.get_template(template_name_or_list, parent, globals)
  File "/Applications/XAMPP/xamppfiles/htdocs/ss/venv/lib/python3.9/site-packages/jinja2/environment.py", line 1013, in get_template
    return self._load_template(name, globals)
  File "/Applications/XAMPP/xamppfiles/htdocs/ss/venv/lib/python3.9/site-packages/jinja2/environment.py", line 972, in _load_template
    template = self.loader.load(self, name, self.make_globals(globals))
  File "/Applications/XAMPP/xamppfiles/htdocs/ss/venv/lib/python3.9/site-packages/jinja2/loaders.py", line 126, in load
    source, filename, uptodate = self.get_source(environment, name)
  File "/Applications/XAMPP/xamppfiles/htdocs/ss/venv/lib/python3.9/site-packages/flask/templating.py", line 65, in get_source
    return self._get_source_fast(environment, template)
  File "/Applications/XAMPP/xamppfiles/htdocs/ss/venv/lib/python3.9/site-packages/flask/templating.py", line 99, in _get_source_fast
    raise TemplateNotFound(template)
jinja2.exceptions.TemplateNotFound: index.html
2024-11-14 17:08:36,706 - werkzeug - INFO - 127.0.0.1 - - [14/Nov/2024 17:08:36] "[32mGET / HTTP/1.1[0m" 302 -
2024-11-14 17:08:36,708 - app.routes - ERROR - Erro na rota index: index.html
Traceback (most recent call last):
  File "/Applications/XAMPP/xamppfiles/htdocs/ss/app/routes.py", line 31, in index
    return render_template('index.html',
  File "/Applications/XAMPP/xamppfiles/htdocs/ss/venv/lib/python3.9/site-packages/flask/templating.py", line 149, in render_template
    template = app.jinja_env.get_or_select_template(template_name_or_list)
  File "/Applications/XAMPP/xamppfiles/htdocs/ss/venv/lib/python3.9/site-packages/jinja2/environment.py", line 1084, in get_or_select_template
    return self.get_template(template_name_or_list, parent, globals)
  File "/Applications/XAMPP/xamppfiles/htdocs/ss/venv/lib/python3.9/site-packages/jinja2/environment.py", line 1013, in get_template
    return self._load_template(name, globals)
  File "/Applications/XAMPP/xamppfiles/htdocs/ss/venv/lib/python3.9/site-packages/jinja2/environment.py", line 972, in _load_template
    template = self.loader.load(self, name, self.make_globals(globals))
  File "/Applications/XAMPP/xamppfiles/htdocs/ss/venv/lib/python3.9/site-packages/jinja2/loaders.py", line 126, in load
    source, filename, uptodate = self.get_source(environment, name)
  File "/Applications/XAMPP/xamppfiles/htdocs/ss/venv/lib/python3.9/site-packages/flask/templating.py", line 65, in get_source
    return self._get_source_fast(environment, template)
  File "/Applications/XAMPP/xamppfiles/htdocs/ss/venv/lib/python3.9/site-packages/flask/templating.py", line 99, in _get_source_fast
    raise TemplateNotFound(template)
jinja2.exceptions.TemplateNotFound: index.html
2024-11-14 17:08:36,709 - werkzeug - INFO - 127.0.0.1 - - [14/Nov/2024 17:08:36] "[32mGET / HTTP/1.1[0m" 302 -
2024-11-14 17:08:36,712 - app.routes - ERROR - Erro na rota index: index.html
Traceback (most recent call last):
  File "/Applications/XAMPP/xamppfiles/htdocs/ss/app/routes.py", line 31, in index
    return render_template('index.html',
  File "/Applications/XAMPP/xamppfiles/htdocs/ss/venv/lib/python3.9/site-packages/flask/templating.py", line 149, in render_template
    template = app.jinja_env.get_or_select_template(template_name_or_list)
  File "/Applications/XAMPP/xamppfiles/htdocs/ss/venv/lib/python3.9/site-packages/jinja2/environment.py", line 1084, in get_or_select_template
    return self.get_template(template_name_or_list, parent, globals)
  File "/Applications/XAMPP/xamppfiles/htdocs/ss/venv/lib/python3.9/site-packages/jinja2/environment.py", line 1013, in get_template
    return self._load_template(name, globals)
  File "/Applications/XAMPP/xamppfiles/htdocs/ss/venv/lib/python3.9/site-packages/jinja2/environment.py", line 972, in _load_template
    template = self.loader.load(self, name, self.make_globals(globals))
  File "/Applications/XAMPP/xamppfiles/htdocs/ss/venv/lib/python3.9/site-packages/jinja2/loaders.py", line 126, in load
    source, filename, uptodate = self.get_source(environment, name)
  File "/Applications/XAMPP/xamppfiles/htdocs/ss/venv/lib/python3.9/site-packages/flask/templating.py", line 65, in get_source
    return self._get_source_fast(environment, template)
  File "/Applications/XAMPP/xamppfiles/htdocs/ss/venv/lib/python3.9/site-packages/flask/templating.py", line 99, in _get_source_fast
    raise TemplateNotFound(template)
jinja2.exceptions.TemplateNotFound: index.html
2024-11-14 17:08:36,713 - werkzeug - INFO - 127.0.0.1 - - [14/Nov/2024 17:08:36] "[32mGET / HTTP/1.1[0m" 302 -
2024-11-14 17:08:36,717 - app.routes - ERROR - Erro na rota index: index.html
Traceback (most recent call last):
  File "/Applications/XAMPP/xamppfiles/htdocs/ss/app/routes.py", line 31, in index
    return render_template('index.html',
  File "/Applications/XAMPP/xamppfiles/htdocs/ss/venv/lib/python3.9/site-packages/flask/templating.py", line 149, in render_template
    template = app.jinja_env.get_or_select_template(template_name_or_list)
  File "/Applications/XAMPP/xamppfiles/htdocs/ss/venv/lib/python3.9/site-packages/jinja2/environment.py", line 1084, in get_or_select_template
    return self.get_template(template_name_or_list, parent, globals)
  File "/Applications/XAMPP/xamppfiles/htdocs/ss/venv/lib/python3.9/site-packages/jinja2/environment.py", line 1013, in get_template
    return self._load_template(name, globals)
  File "/Applications/XAMPP/xamppfiles/htdocs/ss/venv/lib/python3.9/site-packages/jinja2/environment.py", line 972, in _load_template
    template = self.loader.load(self, name, self.make_globals(globals))
  File "/Applications/XAMPP/xamppfiles/htdocs/ss/venv/lib/python3.9/site-packages/jinja2/loaders.py", line 126, in load
    source, filename, uptodate = self.get_source(environment, name)
  File "/Applications/XAMPP/xamppfiles/htdocs/ss/venv/lib/python3.9/site-packages/flask/templating.py", line 65, in get_source
    return self._get_source_fast(environment, template)
  File "/Applications/XAMPP/xamppfiles/htdocs/ss/venv/lib/python3.9/site-packages/flask/templating.py", line 99, in _get_source_fast
    raise TemplateNotFound(template)
jinja2.exceptions.TemplateNotFound: index.html
2024-11-14 17:08:36,718 - werkzeug - INFO - 127.0.0.1 - - [14/Nov/2024 17:08:36] "[32mGET / HTTP/1.1[0m" 302 -
2024-11-14 17:08:36,720 - app.routes - ERROR - Erro na rota index: index.html
Traceback (most recent call last):
  File "/Applications/XAMPP/xamppfiles/htdocs/ss/app/routes.py", line 31, in index
    return render_template('index.html',
  File "/Applications/XAMPP/xamppfiles/htdocs/ss/venv/lib/python3.9/site-packages/flask/templating.py", line 149, in render_template
    template = app.jinja_env.get_or_select_template(template_name_or_list)
  File "/Applications/XAMPP/xamppfiles/htdocs/ss/venv/lib/python3.9/site-packages/jinja2/environment.py", line 1084, in get_or_select_template
    return self.get_template(template_name_or_list, parent, globals)
  File "/Applications/XAMPP/xamppfiles/htdocs/ss/venv/lib/python3.9/site-packages/jinja2/environment.py", line 1013, in get_template
    return self._load_template(name, globals)
  File "/Applications/XAMPP/xamppfiles/htdocs/ss/venv/lib/python3.9/site-packages/jinja2/environment.py", line 972, in _load_template
    template = self.loader.load(self, name, self.make_globals(globals))
  File "/Applications/XAMPP/xamppfiles/htdocs/ss/venv/lib/python3.9/site-packages/jinja2/loaders.py", line 126, in load
    source, filename, uptodate = self.get_source(environment, name)
  File "/Applications/XAMPP/xamppfiles/htdocs/ss/venv/lib/python3.9/site-packages/flask/templating.py", line 65, in get_source
    return self._get_source_fast(environment, template)
  File "/Applications/XAMPP/xamppfiles/htdocs/ss/venv/lib/python3.9/site-packages/flask/templating.py", line 99, in _get_source_fast
    raise TemplateNotFound(template)
jinja2.exceptions.TemplateNotFound: index.html
2024-11-14 17:08:36,721 - werkzeug - INFO - 127.0.0.1 - - [14/Nov/2024 17:08:36] "[32mGET / HTTP/1.1[0m" 302 -
2024-11-14 17:08:36,724 - app.routes - ERROR - Erro na rota index: index.html
Traceback (most recent call last):
  File "/Applications/XAMPP/xamppfiles/htdocs/ss/app/routes.py", line 31, in index
    return render_template('index.html',
  File "/Applications/XAMPP/xamppfiles/htdocs/ss/venv/lib/python3.9/site-packages/flask/templating.py", line 149, in render_template
    template = app.jinja_env.get_or_select_template(template_name_or_list)
  File "/Applications/XAMPP/xamppfiles/htdocs/ss/venv/lib/python3.9/site-packages/jinja2/environment.py", line 1084, in get_or_select_template
    return self.get_template(template_name_or_list, parent, globals)
  File "/Applications/XAMPP/xamppfiles/htdocs/ss/venv/lib/python3.9/site-packages/jinja2/environment.py", line 1013, in get_template
    return self._load_template(name, globals)
  File "/Applications/XAMPP/xamppfiles/htdocs/ss/venv/lib/python3.9/site-packages/jinja2/environment.py", line 972, in _load_template
    template = self.loader.load(self, name, self.make_globals(globals))
  File "/Applications/XAMPP/xamppfiles/htdocs/ss/venv/lib/python3.9/site-packages/jinja2/loaders.py", line 126, in load
    source, filename, uptodate = self.get_source(environment, name)
  File "/Applications/XAMPP/xamppfiles/htdocs/ss/venv/lib/python3.9/site-packages/flask/templating.py", line 65, in get_source
    return self._get_source_fast(environment, template)
  File "/Applications/XAMPP/xamppfiles/htdocs/ss/venv/lib/python3.9/site-packages/flask/templating.py", line 99, in _get_source_fast
    raise TemplateNotFound(template)
jinja2.exceptions.TemplateNotFound: index.html
2024-11-14 17:08:36,725 - werkzeug - INFO - 127.0.0.1 - - [14/Nov/2024 17:08:36] "[32mGET / HTTP/1.1[0m" 302 -
2024-11-14 17:08:36,727 - app.routes - ERROR - Erro na rota index: index.html
Traceback (most recent call last):
  File "/Applications/XAMPP/xamppfiles/htdocs/ss/app/routes.py", line 31, in index
    return render_template('index.html',
  File "/Applications/XAMPP/xamppfiles/htdocs/ss/venv/lib/python3.9/site-packages/flask/templating.py", line 149, in render_template
    template = app.jinja_env.get_or_select_template(template_name_or_list)
  File "/Applications/XAMPP/xamppfiles/htdocs/ss/venv/lib/python3.9/site-packages/jinja2/environment.py", line 1084, in get_or_select_template
    return self.get_template(template_name_or_list, parent, globals)
  File "/Applications/XAMPP/xamppfiles/htdocs/ss/venv/lib/python3.9/site-packages/jinja2/environment.py", line 1013, in get_template
    return self._load_template(name, globals)
  File "/Applications/XAMPP/xamppfiles/htdocs/ss/venv/lib/python3.9/site-packages/jinja2/environment.py", line 972, in _load_template
    template = self.loader.load(self, name, self.make_globals(globals))
  File "/Applications/XAMPP/xamppfiles/htdocs/ss/venv/lib/python3.9/site-packages/jinja2/loaders.py", line 126, in load
    source, filename, uptodate = self.get_source(environment, name)
  File "/Applications/XAMPP/xamppfiles/htdocs/ss/venv/lib/python3.9/site-packages/flask/templating.py", line 65, in get_source
    return self._get_source_fast(environment, template)
  File "/Applications/XAMPP/xamppfiles/htdocs/ss/venv/lib/python3.9/site-packages/flask/templating.py", line 99, in _get_source_fast
    raise TemplateNotFound(template)
jinja2.exceptions.TemplateNotFound: index.html
2024-11-14 17:08:36,727 - werkzeug - INFO - 127.0.0.1 - - [14/Nov/2024 17:08:36] "[32mGET / HTTP/1.1[0m" 302 -
2024-11-14 17:08:36,730 - app.routes - ERROR - Erro na rota index: index.html
Traceback (most recent call last):
  File "/Applications/XAMPP/xamppfiles/htdocs/ss/app/routes.py", line 31, in index
    return render_template('index.html',
  File "/Applications/XAMPP/xamppfiles/htdocs/ss/venv/lib/python3.9/site-packages/flask/templating.py", line 149, in render_template
    template = app.jinja_env.get_or_select_template(template_name_or_list)
  File "/Applications/XAMPP/xamppfiles/htdocs/ss/venv/lib/python3.9/site-packages/jinja2/environment.py", line 1084, in get_or_select_template
    return self.get_template(template_name_or_list, parent, globals)
  File "/Applications/XAMPP/xamppfiles/htdocs/ss/venv/lib/python3.9/site-packages/jinja2/environment.py", line 1013, in get_template
    return self._load_template(name, globals)
  File "/Applications/XAMPP/xamppfiles/htdocs/ss/venv/lib/python3.9/site-packages/jinja2/environment.py", line 972, in _load_template
    template = self.loader.load(self, name, self.make_globals(globals))
  File "/Applications/XAMPP/xamppfiles/htdocs/ss/venv/lib/python3.9/site-packages/jinja2/loaders.py", line 126, in load
    source, filename, uptodate = self.get_source(environment, name)
  File "/Applications/XAMPP/xamppfiles/htdocs/ss/venv/lib/python3.9/site-packages/flask/templating.py", line 65, in get_source
    return self._get_source_fast(environment, template)
  File "/Applications/XAMPP/xamppfiles/htdocs/ss/venv/lib/python3.9/site-packages/flask/templating.py", line 99, in _get_source_fast
    raise TemplateNotFound(template)
jinja2.exceptions.TemplateNotFound: index.html
2024-11-14 17:08:36,731 - werkzeug - INFO - 127.0.0.1 - - [14/Nov/2024 17:08:36] "[32mGET / HTTP/1.1[0m" 302 -
2024-11-14 17:08:36,733 - app.routes - ERROR - Erro na rota index: index.html
Traceback (most recent call last):
  File "/Applications/XAMPP/xamppfiles/htdocs/ss/app/routes.py", line 31, in index
    return render_template('index.html',
  File "/Applications/XAMPP/xamppfiles/htdocs/ss/venv/lib/python3.9/site-packages/flask/templating.py", line 149, in render_template
    template = app.jinja_env.get_or_select_template(template_name_or_list)
  File "/Applications/XAMPP/xamppfiles/htdocs/ss/venv/lib/python3.9/site-packages/jinja2/environment.py", line 1084, in get_or_select_template
    return self.get_template(template_name_or_list, parent, globals)
  File "/Applications/XAMPP/xamppfiles/htdocs/ss/venv/lib/python3.9/site-packages/jinja2/environment.py", line 1013, in get_template
    return self._load_template(name, globals)
  File "/Applications/XAMPP/xamppfiles/htdocs/ss/venv/lib/python3.9/site-packages/jinja2/environment.py", line 972, in _load_template
    template = self.loader.load(self, name, self.make_globals(globals))
  File "/Applications/XAMPP/xamppfiles/htdocs/ss/venv/lib/python3.9/site-packages/jinja2/loaders.py", line 126, in load
    source, filename, uptodate = self.get_source(environment, name)
  File "/Applications/XAMPP/xamppfiles/htdocs/ss/venv/lib/python3.9/site-packages/flask/templating.py", line 65, in get_source
    return self._get_source_fast(environment, template)
  File "/Applications/XAMPP/xamppfiles/htdocs/ss/venv/lib/python3.9/site-packages/flask/templating.py", line 99, in _get_source_fast
    raise TemplateNotFound(template)
jinja2.exceptions.TemplateNotFound: index.html
2024-11-14 17:08:36,734 - werkzeug - INFO - 127.0.0.1 - - [14/Nov/2024 17:08:36] "[32mGET / HTTP/1.1[0m" 302 -
2024-11-14 17:08:36,735 - app.routes - ERROR - Erro na rota index: index.html
Traceback (most recent call last):
  File "/Applications/XAMPP/xamppfiles/htdocs/ss/app/routes.py", line 31, in index
    return render_template('index.html',
  File "/Applications/XAMPP/xamppfiles/htdocs/ss/venv/lib/python3.9/site-packages/flask/templating.py", line 149, in render_template
    template = app.jinja_env.get_or_select_template(template_name_or_list)
  File "/Applications/XAMPP/xamppfiles/htdocs/ss/venv/lib/python3.9/site-packages/jinja2/environment.py", line 1084, in get_or_select_template
    return self.get_template(template_name_or_list, parent, globals)
  File "/Applications/XAMPP/xamppfiles/htdocs/ss/venv/lib/python3.9/site-packages/jinja2/environment.py", line 1013, in get_template
    return self._load_template(name, globals)
  File "/Applications/XAMPP/xamppfiles/htdocs/ss/venv/lib/python3.9/site-packages/jinja2/environment.py", line 972, in _load_template
    template = self.loader.load(self, name, self.make_globals(globals))
  File "/Applications/XAMPP/xamppfiles/htdocs/ss/venv/lib/python3.9/site-packages/jinja2/loaders.py", line 126, in load
    source, filename, uptodate = self.get_source(environment, name)
  File "/Applications/XAMPP/xamppfiles/htdocs/ss/venv/lib/python3.9/site-packages/flask/templating.py", line 65, in get_source
    return self._get_source_fast(environment, template)
  File "/Applications/XAMPP/xamppfiles/htdocs/ss/venv/lib/python3.9/site-packages/flask/templating.py", line 99, in _get_source_fast
    raise TemplateNotFound(template)
jinja2.exceptions.TemplateNotFound: index.html
2024-11-14 17:08:36,736 - werkzeug - INFO - 127.0.0.1 - - [14/Nov/2024 17:08:36] "[32mGET / HTTP/1.1[0m" 302 -
2024-11-14 17:08:36,738 - app.routes - ERROR - Erro na rota index: index.html
Traceback (most recent call last):
  File "/Applications/XAMPP/xamppfiles/htdocs/ss/app/routes.py", line 31, in index
    return render_template('index.html',
  File "/Applications/XAMPP/xamppfiles/htdocs/ss/venv/lib/python3.9/site-packages/flask/templating.py", line 149, in render_template
    template = app.jinja_env.get_or_select_template(template_name_or_list)
  File "/Applications/XAMPP/xamppfiles/htdocs/ss/venv/lib/python3.9/site-packages/jinja2/environment.py", line 1084, in get_or_select_template
    return self.get_template(template_name_or_list, parent, globals)
  File "/Applications/XAMPP/xamppfiles/htdocs/ss/venv/lib/python3.9/site-packages/jinja2/environment.py", line 1013, in get_template
    return self._load_template(name, globals)
  File "/Applications/XAMPP/xamppfiles/htdocs/ss/venv/lib/python3.9/site-packages/jinja2/environment.py", line 972, in _load_template
    template = self.loader.load(self, name, self.make_globals(globals))
  File "/Applications/XAMPP/xamppfiles/htdocs/ss/venv/lib/python3.9/site-packages/jinja2/loaders.py", line 126, in load
    source, filename, uptodate = self.get_source(environment, name)
  File "/Applications/XAMPP/xamppfiles/htdocs/ss/venv/lib/python3.9/site-packages/flask/templating.py", line 65, in get_source
    return self._get_source_fast(environment, template)
  File "/Applications/XAMPP/xamppfiles/htdocs/ss/venv/lib/python3.9/site-packages/flask/templating.py", line 99, in _get_source_fast
    raise TemplateNotFound(template)
jinja2.exceptions.TemplateNotFound: index.html
2024-11-14 17:08:36,738 - werkzeug - INFO - 127.0.0.1 - - [14/Nov/2024 17:08:36] "[32mGET / HTTP/1.1[0m" 302 -
2024-11-14 17:08:36,740 - app.routes - ERROR - Erro na rota index: index.html
Traceback (most recent call last):
  File "/Applications/XAMPP/xamppfiles/htdocs/ss/app/routes.py", line 31, in index
    return render_template('index.html',
  File "/Applications/XAMPP/xamppfiles/htdocs/ss/venv/lib/python3.9/site-packages/flask/templating.py", line 149, in render_template
    template = app.jinja_env.get_or_select_template(template_name_or_list)
  File "/Applications/XAMPP/xamppfiles/htdocs/ss/venv/lib/python3.9/site-packages/jinja2/environment.py", line 1084, in get_or_select_template
    return self.get_template(template_name_or_list, parent, globals)
  File "/Applications/XAMPP/xamppfiles/htdocs/ss/venv/lib/python3.9/site-packages/jinja2/environment.py", line 1013, in get_template
    return self._load_template(name, globals)
  File "/Applications/XAMPP/xamppfiles/htdocs/ss/venv/lib/python3.9/site-packages/jinja2/environment.py", line 972, in _load_template
    template = self.loader.load(self, name, self.make_globals(globals))
  File "/Applications/XAMPP/xamppfiles/htdocs/ss/venv/lib/python3.9/site-packages/jinja2/loaders.py", line 126, in load
    source, filename, uptodate = self.get_source(environment, name)
  File "/Applications/XAMPP/xamppfiles/htdocs/ss/venv/lib/python3.9/site-packages/flask/templating.py", line 65, in get_source
    return self._get_source_fast(environment, template)
  File "/Applications/XAMPP/xamppfiles/htdocs/ss/venv/lib/python3.9/site-packages/flask/templating.py", line 99, in _get_source_fast
    raise TemplateNotFound(template)
jinja2.exceptions.TemplateNotFound: index.html
2024-11-14 17:08:36,741 - werkzeug - INFO - 127.0.0.1 - - [14/Nov/2024 17:08:36] "[32mGET / HTTP/1.1[0m" 302 -
2024-11-14 17:08:37,757 - app.routes - ERROR - Erro na rota index: index.html
Traceback (most recent call last):
  File "/Applications/XAMPP/xamppfiles/htdocs/ss/app/routes.py", line 31, in index
    return render_template('index.html',
  File "/Applications/XAMPP/xamppfiles/htdocs/ss/venv/lib/python3.9/site-packages/flask/templating.py", line 149, in render_template
    template = app.jinja_env.get_or_select_template(template_name_or_list)
  File "/Applications/XAMPP/xamppfiles/htdocs/ss/venv/lib/python3.9/site-packages/jinja2/environment.py", line 1084, in get_or_select_template
    return self.get_template(template_name_or_list, parent, globals)
  File "/Applications/XAMPP/xamppfiles/htdocs/ss/venv/lib/python3.9/site-packages/jinja2/environment.py", line 1013, in get_template
    return self._load_template(name, globals)
  File "/Applications/XAMPP/xamppfiles/htdocs/ss/venv/lib/python3.9/site-packages/jinja2/environment.py", line 972, in _load_template
    template = self.loader.load(self, name, self.make_globals(globals))
  File "/Applications/XAMPP/xamppfiles/htdocs/ss/venv/lib/python3.9/site-packages/jinja2/loaders.py", line 126, in load
    source, filename, uptodate = self.get_source(environment, name)
  File "/Applications/XAMPP/xamppfiles/htdocs/ss/venv/lib/python3.9/site-packages/flask/templating.py", line 65, in get_source
    return self._get_source_fast(environment, template)
  File "/Applications/XAMPP/xamppfiles/htdocs/ss/venv/lib/python3.9/site-packages/flask/templating.py", line 99, in _get_source_fast
    raise TemplateNotFound(template)
jinja2.exceptions.TemplateNotFound: index.html
2024-11-14 17:08:37,757 - werkzeug - INFO - 127.0.0.1 - - [14/Nov/2024 17:08:37] "[32mGET / HTTP/1.1[0m" 302 -
2024-11-14 17:08:37,760 - app.routes - ERROR - Erro na rota index: index.html
Traceback (most recent call last):
  File "/Applications/XAMPP/xamppfiles/htdocs/ss/app/routes.py", line 31, in index
    return render_template('index.html',
  File "/Applications/XAMPP/xamppfiles/htdocs/ss/venv/lib/python3.9/site-packages/flask/templating.py", line 149, in render_template
    template = app.jinja_env.get_or_select_template(template_name_or_list)
  File "/Applications/XAMPP/xamppfiles/htdocs/ss/venv/lib/python3.9/site-packages/jinja2/environment.py", line 1084, in get_or_select_template
    return self.get_template(template_name_or_list, parent, globals)
  File "/Applications/XAMPP/xamppfiles/htdocs/ss/venv/lib/python3.9/site-packages/jinja2/environment.py", line 1013, in get_template
    return self._load_template(name, globals)
  File "/Applications/XAMPP/xamppfiles/htdocs/ss/venv/lib/python3.9/site-packages/jinja2/environment.py", line 972, in _load_template
    template = self.loader.load(self, name, self.make_globals(globals))
  File "/Applications/XAMPP/xamppfiles/htdocs/ss/venv/lib/python3.9/site-packages/jinja2/loaders.py", line 126, in load
    source, filename, uptodate = self.get_source(environment, name)
  File "/Applications/XAMPP/xamppfiles/htdocs/ss/venv/lib/python3.9/site-packages/flask/templating.py", line 65, in get_source
    return self._get_source_fast(environment, template)
  File "/Applications/XAMPP/xamppfiles/htdocs/ss/venv/lib/python3.9/site-packages/flask/templating.py", line 99, in _get_source_fast
    raise TemplateNotFound(template)
jinja2.exceptions.TemplateNotFound: index.html
2024-11-14 17:08:37,761 - werkzeug - INFO - 127.0.0.1 - - [14/Nov/2024 17:08:37] "[32mGET / HTTP/1.1[0m" 302 -
2024-11-14 17:08:37,764 - app.routes - ERROR - Erro na rota index: index.html
Traceback (most recent call last):
  File "/Applications/XAMPP/xamppfiles/htdocs/ss/app/routes.py", line 31, in index
    return render_template('index.html',
  File "/Applications/XAMPP/xamppfiles/htdocs/ss/venv/lib/python3.9/site-packages/flask/templating.py", line 149, in render_template
    template = app.jinja_env.get_or_select_template(template_name_or_list)
  File "/Applications/XAMPP/xamppfiles/htdocs/ss/venv/lib/python3.9/site-packages/jinja2/environment.py", line 1084, in get_or_select_template
    return self.get_template(template_name_or_list, parent, globals)
  File "/Applications/XAMPP/xamppfiles/htdocs/ss/venv/lib/python3.9/site-packages/jinja2/environment.py", line 1013, in get_template
    return self._load_template(name, globals)
  File "/Applications/XAMPP/xamppfiles/htdocs/ss/venv/lib/python3.9/site-packages/jinja2/environment.py", line 972, in _load_template
    template = self.loader.load(self, name, self.make_globals(globals))
  File "/Applications/XAMPP/xamppfiles/htdocs/ss/venv/lib/python3.9/site-packages/jinja2/loaders.py", line 126, in load
    source, filename, uptodate = self.get_source(environment, name)
  File "/Applications/XAMPP/xamppfiles/htdocs/ss/venv/lib/python3.9/site-packages/flask/templating.py", line 65, in get_source
    return self._get_source_fast(environment, template)
  File "/Applications/XAMPP/xamppfiles/htdocs/ss/venv/lib/python3.9/site-packages/flask/templating.py", line 99, in _get_source_fast
    raise TemplateNotFound(template)
jinja2.exceptions.TemplateNotFound: index.html
2024-11-14 17:08:37,765 - werkzeug - INFO - 127.0.0.1 - - [14/Nov/2024 17:08:37] "[32mGET / HTTP/1.1[0m" 302 -
2024-11-14 17:08:37,768 - app.routes - ERROR - Erro na rota index: index.html
Traceback (most recent call last):
  File "/Applications/XAMPP/xamppfiles/htdocs/ss/app/routes.py", line 31, in index
    return render_template('index.html',
  File "/Applications/XAMPP/xamppfiles/htdocs/ss/venv/lib/python3.9/site-packages/flask/templating.py", line 149, in render_template
    template = app.jinja_env.get_or_select_template(template_name_or_list)
  File "/Applications/XAMPP/xamppfiles/htdocs/ss/venv/lib/python3.9/site-packages/jinja2/environment.py", line 1084, in get_or_select_template
    return self.get_template(template_name_or_list, parent, globals)
  File "/Applications/XAMPP/xamppfiles/htdocs/ss/venv/lib/python3.9/site-packages/jinja2/environment.py", line 1013, in get_template
    return self._load_template(name, globals)
  File "/Applications/XAMPP/xamppfiles/htdocs/ss/venv/lib/python3.9/site-packages/jinja2/environment.py", line 972, in _load_template
    template = self.loader.load(self, name, self.make_globals(globals))
  File "/Applications/XAMPP/xamppfiles/htdocs/ss/venv/lib/python3.9/site-packages/jinja2/loaders.py", line 126, in load
    source, filename, uptodate = self.get_source(environment, name)
  File "/Applications/XAMPP/xamppfiles/htdocs/ss/venv/lib/python3.9/site-packages/flask/templating.py", line 65, in get_source
    return self._get_source_fast(environment, template)
  File "/Applications/XAMPP/xamppfiles/htdocs/ss/venv/lib/python3.9/site-packages/flask/templating.py", line 99, in _get_source_fast
    raise TemplateNotFound(template)
jinja2.exceptions.TemplateNotFound: index.html
2024-11-14 17:08:37,769 - werkzeug - INFO - 127.0.0.1 - - [14/Nov/2024 17:08:37] "[32mGET / HTTP/1.1[0m" 302 -
2024-11-14 17:08:37,771 - app.routes - ERROR - Erro na rota index: index.html
Traceback (most recent call last):
  File "/Applications/XAMPP/xamppfiles/htdocs/ss/app/routes.py", line 31, in index
    return render_template('index.html',
  File "/Applications/XAMPP/xamppfiles/htdocs/ss/venv/lib/python3.9/site-packages/flask/templating.py", line 149, in render_template
    template = app.jinja_env.get_or_select_template(template_name_or_list)
  File "/Applications/XAMPP/xamppfiles/htdocs/ss/venv/lib/python3.9/site-packages/jinja2/environment.py", line 1084, in get_or_select_template
    return self.get_template(template_name_or_list, parent, globals)
  File "/Applications/XAMPP/xamppfiles/htdocs/ss/venv/lib/python3.9/site-packages/jinja2/environment.py", line 1013, in get_template
    return self._load_template(name, globals)
  File "/Applications/XAMPP/xamppfiles/htdocs/ss/venv/lib/python3.9/site-packages/jinja2/environment.py", line 972, in _load_template
    template = self.loader.load(self, name, self.make_globals(globals))
  File "/Applications/XAMPP/xamppfiles/htdocs/ss/venv/lib/python3.9/site-packages/jinja2/loaders.py", line 126, in load
    source, filename, uptodate = self.get_source(environment, name)
  File "/Applications/XAMPP/xamppfiles/htdocs/ss/venv/lib/python3.9/site-packages/flask/templating.py", line 65, in get_source
    return self._get_source_fast(environment, template)
  File "/Applications/XAMPP/xamppfiles/htdocs/ss/venv/lib/python3.9/site-packages/flask/templating.py", line 99, in _get_source_fast
    raise TemplateNotFound(template)
jinja2.exceptions.TemplateNotFound: index.html
2024-11-14 17:08:37,772 - werkzeug - INFO - 127.0.0.1 - - [14/Nov/2024 17:08:37] "[32mGET / HTTP/1.1[0m" 302 -
2024-11-14 17:08:37,774 - app.routes - ERROR - Erro na rota index: index.html
Traceback (most recent call last):
  File "/Applications/XAMPP/xamppfiles/htdocs/ss/app/routes.py", line 31, in index
    return render_template('index.html',
  File "/Applications/XAMPP/xamppfiles/htdocs/ss/venv/lib/python3.9/site-packages/flask/templating.py", line 149, in render_template
    template = app.jinja_env.get_or_select_template(template_name_or_list)
  File "/Applications/XAMPP/xamppfiles/htdocs/ss/venv/lib/python3.9/site-packages/jinja2/environment.py", line 1084, in get_or_select_template
    return self.get_template(template_name_or_list, parent, globals)
  File "/Applications/XAMPP/xamppfiles/htdocs/ss/venv/lib/python3.9/site-packages/jinja2/environment.py", line 1013, in get_template
    return self._load_template(name, globals)
  File "/Applications/XAMPP/xamppfiles/htdocs/ss/venv/lib/python3.9/site-packages/jinja2/environment.py", line 972, in _load_template
    template = self.loader.load(self, name, self.make_globals(globals))
  File "/Applications/XAMPP/xamppfiles/htdocs/ss/venv/lib/python3.9/site-packages/jinja2/loaders.py", line 126, in load
    source, filename, uptodate = self.get_source(environment, name)
  File "/Applications/XAMPP/xamppfiles/htdocs/ss/venv/lib/python3.9/site-packages/flask/templating.py", line 65, in get_source
    return self._get_source_fast(environment, template)
  File "/Applications/XAMPP/xamppfiles/htdocs/ss/venv/lib/python3.9/site-packages/flask/templating.py", line 99, in _get_source_fast
    raise TemplateNotFound(template)
jinja2.exceptions.TemplateNotFound: index.html
2024-11-14 17:08:37,775 - werkzeug - INFO - 127.0.0.1 - - [14/Nov/2024 17:08:37] "[32mGET / HTTP/1.1[0m" 302 -
2024-11-14 17:08:37,778 - app.routes - ERROR - Erro na rota index: index.html
Traceback (most recent call last):
  File "/Applications/XAMPP/xamppfiles/htdocs/ss/app/routes.py", line 31, in index
    return render_template('index.html',
  File "/Applications/XAMPP/xamppfiles/htdocs/ss/venv/lib/python3.9/site-packages/flask/templating.py", line 149, in render_template
    template = app.jinja_env.get_or_select_template(template_name_or_list)
  File "/Applications/XAMPP/xamppfiles/htdocs/ss/venv/lib/python3.9/site-packages/jinja2/environment.py", line 1084, in get_or_select_template
    return self.get_template(template_name_or_list, parent, globals)
  File "/Applications/XAMPP/xamppfiles/htdocs/ss/venv/lib/python3.9/site-packages/jinja2/environment.py", line 1013, in get_template
    return self._load_template(name, globals)
  File "/Applications/XAMPP/xamppfiles/htdocs/ss/venv/lib/python3.9/site-packages/jinja2/environment.py", line 972, in _load_template
    template = self.loader.load(self, name, self.make_globals(globals))
  File "/Applications/XAMPP/xamppfiles/htdocs/ss/venv/lib/python3.9/site-packages/jinja2/loaders.py", line 126, in load
    source, filename, uptodate = self.get_source(environment, name)
  File "/Applications/XAMPP/xamppfiles/htdocs/ss/venv/lib/python3.9/site-packages/flask/templating.py", line 65, in get_source
    return self._get_source_fast(environment, template)
  File "/Applications/XAMPP/xamppfiles/htdocs/ss/venv/lib/python3.9/site-packages/flask/templating.py", line 99, in _get_source_fast
    raise TemplateNotFound(template)
jinja2.exceptions.TemplateNotFound: index.html
2024-11-14 17:08:37,778 - werkzeug - INFO - 127.0.0.1 - - [14/Nov/2024 17:08:37] "[32mGET / HTTP/1.1[0m" 302 -
2024-11-14 17:08:37,781 - app.routes - ERROR - Erro na rota index: index.html
Traceback (most recent call last):
  File "/Applications/XAMPP/xamppfiles/htdocs/ss/app/routes.py", line 31, in index
    return render_template('index.html',
  File "/Applications/XAMPP/xamppfiles/htdocs/ss/venv/lib/python3.9/site-packages/flask/templating.py", line 149, in render_template
    template = app.jinja_env.get_or_select_template(template_name_or_list)
  File "/Applications/XAMPP/xamppfiles/htdocs/ss/venv/lib/python3.9/site-packages/jinja2/environment.py", line 1084, in get_or_select_template
    return self.get_template(template_name_or_list, parent, globals)
  File "/Applications/XAMPP/xamppfiles/htdocs/ss/venv/lib/python3.9/site-packages/jinja2/environment.py", line 1013, in get_template
    return self._load_template(name, globals)
  File "/Applications/XAMPP/xamppfiles/htdocs/ss/venv/lib/python3.9/site-packages/jinja2/environment.py", line 972, in _load_template
    template = self.loader.load(self, name, self.make_globals(globals))
  File "/Applications/XAMPP/xamppfiles/htdocs/ss/venv/lib/python3.9/site-packages/jinja2/loaders.py", line 126, in load
    source, filename, uptodate = self.get_source(environment, name)
  File "/Applications/XAMPP/xamppfiles/htdocs/ss/venv/lib/python3.9/site-packages/flask/templating.py", line 65, in get_source
    return self._get_source_fast(environment, template)
  File "/Applications/XAMPP/xamppfiles/htdocs/ss/venv/lib/python3.9/site-packages/flask/templating.py", line 99, in _get_source_fast
    raise TemplateNotFound(template)
jinja2.exceptions.TemplateNotFound: index.html
2024-11-14 17:08:37,782 - werkzeug - INFO - 127.0.0.1 - - [14/Nov/2024 17:08:37] "[32mGET / HTTP/1.1[0m" 302 -
2024-11-14 17:08:37,784 - app.routes - ERROR - Erro na rota index: index.html
Traceback (most recent call last):
  File "/Applications/XAMPP/xamppfiles/htdocs/ss/app/routes.py", line 31, in index
    return render_template('index.html',
  File "/Applications/XAMPP/xamppfiles/htdocs/ss/venv/lib/python3.9/site-packages/flask/templating.py", line 149, in render_template
    template = app.jinja_env.get_or_select_template(template_name_or_list)
  File "/Applications/XAMPP/xamppfiles/htdocs/ss/venv/lib/python3.9/site-packages/jinja2/environment.py", line 1084, in get_or_select_template
    return self.get_template(template_name_or_list, parent, globals)
  File "/Applications/XAMPP/xamppfiles/htdocs/ss/venv/lib/python3.9/site-packages/jinja2/environment.py", line 1013, in get_template
    return self._load_template(name, globals)
  File "/Applications/XAMPP/xamppfiles/htdocs/ss/venv/lib/python3.9/site-packages/jinja2/environment.py", line 972, in _load_template
    template = self.loader.load(self, name, self.make_globals(globals))
  File "/Applications/XAMPP/xamppfiles/htdocs/ss/venv/lib/python3.9/site-packages/jinja2/loaders.py", line 126, in load
    source, filename, uptodate = self.get_source(environment, name)
  File "/Applications/XAMPP/xamppfiles/htdocs/ss/venv/lib/python3.9/site-packages/flask/templating.py", line 65, in get_source
    return self._get_source_fast(environment, template)
  File "/Applications/XAMPP/xamppfiles/htdocs/ss/venv/lib/python3.9/site-packages/flask/templating.py", line 99, in _get_source_fast
    raise TemplateNotFound(template)
jinja2.exceptions.TemplateNotFound: index.html
2024-11-14 17:08:37,785 - werkzeug - INFO - 127.0.0.1 - - [14/Nov/2024 17:08:37] "[32mGET / HTTP/1.1[0m" 302 -
2024-11-14 17:08:37,787 - app.routes - ERROR - Erro na rota index: index.html
Traceback (most recent call last):
  File "/Applications/XAMPP/xamppfiles/htdocs/ss/app/routes.py", line 31, in index
    return render_template('index.html',
  File "/Applications/XAMPP/xamppfiles/htdocs/ss/venv/lib/python3.9/site-packages/flask/templating.py", line 149, in render_template
    template = app.jinja_env.get_or_select_template(template_name_or_list)
  File "/Applications/XAMPP/xamppfiles/htdocs/ss/venv/lib/python3.9/site-packages/jinja2/environment.py", line 1084, in get_or_select_template
    return self.get_template(template_name_or_list, parent, globals)
  File "/Applications/XAMPP/xamppfiles/htdocs/ss/venv/lib/python3.9/site-packages/jinja2/environment.py", line 1013, in get_template
    return self._load_template(name, globals)
  File "/Applications/XAMPP/xamppfiles/htdocs/ss/venv/lib/python3.9/site-packages/jinja2/environment.py", line 972, in _load_template
    template = self.loader.load(self, name, self.make_globals(globals))
  File "/Applications/XAMPP/xamppfiles/htdocs/ss/venv/lib/python3.9/site-packages/jinja2/loaders.py", line 126, in load
    source, filename, uptodate = self.get_source(environment, name)
  File "/Applications/XAMPP/xamppfiles/htdocs/ss/venv/lib/python3.9/site-packages/flask/templating.py", line 65, in get_source
    return self._get_source_fast(environment, template)
  File "/Applications/XAMPP/xamppfiles/htdocs/ss/venv/lib/python3.9/site-packages/flask/templating.py", line 99, in _get_source_fast
    raise TemplateNotFound(template)
jinja2.exceptions.TemplateNotFound: index.html
2024-11-14 17:08:37,787 - werkzeug - INFO - 127.0.0.1 - - [14/Nov/2024 17:08:37] "[32mGET / HTTP/1.1[0m" 302 -
2024-11-14 17:08:37,790 - app.routes - ERROR - Erro na rota index: index.html
Traceback (most recent call last):
  File "/Applications/XAMPP/xamppfiles/htdocs/ss/app/routes.py", line 31, in index
    return render_template('index.html',
  File "/Applications/XAMPP/xamppfiles/htdocs/ss/venv/lib/python3.9/site-packages/flask/templating.py", line 149, in render_template
    template = app.jinja_env.get_or_select_template(template_name_or_list)
  File "/Applications/XAMPP/xamppfiles/htdocs/ss/venv/lib/python3.9/site-packages/jinja2/environment.py", line 1084, in get_or_select_template
    return self.get_template(template_name_or_list, parent, globals)
  File "/Applications/XAMPP/xamppfiles/htdocs/ss/venv/lib/python3.9/site-packages/jinja2/environment.py", line 1013, in get_template
    return self._load_template(name, globals)
  File "/Applications/XAMPP/xamppfiles/htdocs/ss/venv/lib/python3.9/site-packages/jinja2/environment.py", line 972, in _load_template
    template = self.loader.load(self, name, self.make_globals(globals))
  File "/Applications/XAMPP/xamppfiles/htdocs/ss/venv/lib/python3.9/site-packages/jinja2/loaders.py", line 126, in load
    source, filename, uptodate = self.get_source(environment, name)
  File "/Applications/XAMPP/xamppfiles/htdocs/ss/venv/lib/python3.9/site-packages/flask/templating.py", line 65, in get_source
    return self._get_source_fast(environment, template)
  File "/Applications/XAMPP/xamppfiles/htdocs/ss/venv/lib/python3.9/site-packages/flask/templating.py", line 99, in _get_source_fast
    raise TemplateNotFound(template)
jinja2.exceptions.TemplateNotFound: index.html
2024-11-14 17:08:37,790 - werkzeug - INFO - 127.0.0.1 - - [14/Nov/2024 17:08:37] "[32mGET / HTTP/1.1[0m" 302 -
2024-11-14 17:08:37,793 - app.routes - ERROR - Erro na rota index: index.html
Traceback (most recent call last):
  File "/Applications/XAMPP/xamppfiles/htdocs/ss/app/routes.py", line 31, in index
    return render_template('index.html',
  File "/Applications/XAMPP/xamppfiles/htdocs/ss/venv/lib/python3.9/site-packages/flask/templating.py", line 149, in render_template
    template = app.jinja_env.get_or_select_template(template_name_or_list)
  File "/Applications/XAMPP/xamppfiles/htdocs/ss/venv/lib/python3.9/site-packages/jinja2/environment.py", line 1084, in get_or_select_template
    return self.get_template(template_name_or_list, parent, globals)
  File "/Applications/XAMPP/xamppfiles/htdocs/ss/venv/lib/python3.9/site-packages/jinja2/environment.py", line 1013, in get_template
    return self._load_template(name, globals)
  File "/Applications/XAMPP/xamppfiles/htdocs/ss/venv/lib/python3.9/site-packages/jinja2/environment.py", line 972, in _load_template
    template = self.loader.load(self, name, self.make_globals(globals))
  File "/Applications/XAMPP/xamppfiles/htdocs/ss/venv/lib/python3.9/site-packages/jinja2/loaders.py", line 126, in load
    source, filename, uptodate = self.get_source(environment, name)
  File "/Applications/XAMPP/xamppfiles/htdocs/ss/venv/lib/python3.9/site-packages/flask/templating.py", line 65, in get_source
    return self._get_source_fast(environment, template)
  File "/Applications/XAMPP/xamppfiles/htdocs/ss/venv/lib/python3.9/site-packages/flask/templating.py", line 99, in _get_source_fast
    raise TemplateNotFound(template)
jinja2.exceptions.TemplateNotFound: index.html
2024-11-14 17:08:37,793 - werkzeug - INFO - 127.0.0.1 - - [14/Nov/2024 17:08:37] "[32mGET / HTTP/1.1[0m" 302 -
2024-11-14 17:08:37,795 - app.routes - ERROR - Erro na rota index: index.html
Traceback (most recent call last):
  File "/Applications/XAMPP/xamppfiles/htdocs/ss/app/routes.py", line 31, in index
    return render_template('index.html',
  File "/Applications/XAMPP/xamppfiles/htdocs/ss/venv/lib/python3.9/site-packages/flask/templating.py", line 149, in render_template
    template = app.jinja_env.get_or_select_template(template_name_or_list)
  File "/Applications/XAMPP/xamppfiles/htdocs/ss/venv/lib/python3.9/site-packages/jinja2/environment.py", line 1084, in get_or_select_template
    return self.get_template(template_name_or_list, parent, globals)
  File "/Applications/XAMPP/xamppfiles/htdocs/ss/venv/lib/python3.9/site-packages/jinja2/environment.py", line 1013, in get_template
    return self._load_template(name, globals)
  File "/Applications/XAMPP/xamppfiles/htdocs/ss/venv/lib/python3.9/site-packages/jinja2/environment.py", line 972, in _load_template
    template = self.loader.load(self, name, self.make_globals(globals))
  File "/Applications/XAMPP/xamppfiles/htdocs/ss/venv/lib/python3.9/site-packages/jinja2/loaders.py", line 126, in load
    source, filename, uptodate = self.get_source(environment, name)
  File "/Applications/XAMPP/xamppfiles/htdocs/ss/venv/lib/python3.9/site-packages/flask/templating.py", line 65, in get_source
    return self._get_source_fast(environment, template)
  File "/Applications/XAMPP/xamppfiles/htdocs/ss/venv/lib/python3.9/site-packages/flask/templating.py", line 99, in _get_source_fast
    raise TemplateNotFound(template)
jinja2.exceptions.TemplateNotFound: index.html
2024-11-14 17:08:37,797 - werkzeug - INFO - 127.0.0.1 - - [14/Nov/2024 17:08:37] "[32mGET / HTTP/1.1[0m" 302 -
2024-11-14 17:08:37,800 - app.routes - ERROR - Erro na rota index: index.html
Traceback (most recent call last):
  File "/Applications/XAMPP/xamppfiles/htdocs/ss/app/routes.py", line 31, in index
    return render_template('index.html',
  File "/Applications/XAMPP/xamppfiles/htdocs/ss/venv/lib/python3.9/site-packages/flask/templating.py", line 149, in render_template
    template = app.jinja_env.get_or_select_template(template_name_or_list)
  File "/Applications/XAMPP/xamppfiles/htdocs/ss/venv/lib/python3.9/site-packages/jinja2/environment.py", line 1084, in get_or_select_template
    return self.get_template(template_name_or_list, parent, globals)
  File "/Applications/XAMPP/xamppfiles/htdocs/ss/venv/lib/python3.9/site-packages/jinja2/environment.py", line 1013, in get_template
    return self._load_template(name, globals)
  File "/Applications/XAMPP/xamppfiles/htdocs/ss/venv/lib/python3.9/site-packages/jinja2/environment.py", line 972, in _load_template
    template = self.loader.load(self, name, self.make_globals(globals))
  File "/Applications/XAMPP/xamppfiles/htdocs/ss/venv/lib/python3.9/site-packages/jinja2/loaders.py", line 126, in load
    source, filename, uptodate = self.get_source(environment, name)
  File "/Applications/XAMPP/xamppfiles/htdocs/ss/venv/lib/python3.9/site-packages/flask/templating.py", line 65, in get_source
    return self._get_source_fast(environment, template)
  File "/Applications/XAMPP/xamppfiles/htdocs/ss/venv/lib/python3.9/site-packages/flask/templating.py", line 99, in _get_source_fast
    raise TemplateNotFound(template)
jinja2.exceptions.TemplateNotFound: index.html
2024-11-14 17:08:37,801 - werkzeug - INFO - 127.0.0.1 - - [14/Nov/2024 17:08:37] "[32mGET / HTTP/1.1[0m" 302 -
2024-11-14 17:08:37,804 - app.routes - ERROR - Erro na rota index: index.html
Traceback (most recent call last):
  File "/Applications/XAMPP/xamppfiles/htdocs/ss/app/routes.py", line 31, in index
    return render_template('index.html',
  File "/Applications/XAMPP/xamppfiles/htdocs/ss/venv/lib/python3.9/site-packages/flask/templating.py", line 149, in render_template
    template = app.jinja_env.get_or_select_template(template_name_or_list)
  File "/Applications/XAMPP/xamppfiles/htdocs/ss/venv/lib/python3.9/site-packages/jinja2/environment.py", line 1084, in get_or_select_template
    return self.get_template(template_name_or_list, parent, globals)
  File "/Applications/XAMPP/xamppfiles/htdocs/ss/venv/lib/python3.9/site-packages/jinja2/environment.py", line 1013, in get_template
    return self._load_template(name, globals)
  File "/Applications/XAMPP/xamppfiles/htdocs/ss/venv/lib/python3.9/site-packages/jinja2/environment.py", line 972, in _load_template
    template = self.loader.load(self, name, self.make_globals(globals))
  File "/Applications/XAMPP/xamppfiles/htdocs/ss/venv/lib/python3.9/site-packages/jinja2/loaders.py", line 126, in load
    source, filename, uptodate = self.get_source(environment, name)
  File "/Applications/XAMPP/xamppfiles/htdocs/ss/venv/lib/python3.9/site-packages/flask/templating.py", line 65, in get_source
    return self._get_source_fast(environment, template)
  File "/Applications/XAMPP/xamppfiles/htdocs/ss/venv/lib/python3.9/site-packages/flask/templating.py", line 99, in _get_source_fast
    raise TemplateNotFound(template)
jinja2.exceptions.TemplateNotFound: index.html
2024-11-14 17:08:37,804 - werkzeug - INFO - 127.0.0.1 - - [14/Nov/2024 17:08:37] "[32mGET / HTTP/1.1[0m" 302 -
2024-11-14 17:08:37,807 - app.routes - ERROR - Erro na rota index: index.html
Traceback (most recent call last):
  File "/Applications/XAMPP/xamppfiles/htdocs/ss/app/routes.py", line 31, in index
    return render_template('index.html',
  File "/Applications/XAMPP/xamppfiles/htdocs/ss/venv/lib/python3.9/site-packages/flask/templating.py", line 149, in render_template
    template = app.jinja_env.get_or_select_template(template_name_or_list)
  File "/Applications/XAMPP/xamppfiles/htdocs/ss/venv/lib/python3.9/site-packages/jinja2/environment.py", line 1084, in get_or_select_template
    return self.get_template(template_name_or_list, parent, globals)
  File "/Applications/XAMPP/xamppfiles/htdocs/ss/venv/lib/python3.9/site-packages/jinja2/environment.py", line 1013, in get_template
    return self._load_template(name, globals)
  File "/Applications/XAMPP/xamppfiles/htdocs/ss/venv/lib/python3.9/site-packages/jinja2/environment.py", line 972, in _load_template
    template = self.loader.load(self, name, self.make_globals(globals))
  File "/Applications/XAMPP/xamppfiles/htdocs/ss/venv/lib/python3.9/site-packages/jinja2/loaders.py", line 126, in load
    source, filename, uptodate = self.get_source(environment, name)
  File "/Applications/XAMPP/xamppfiles/htdocs/ss/venv/lib/python3.9/site-packages/flask/templating.py", line 65, in get_source
    return self._get_source_fast(environment, template)
  File "/Applications/XAMPP/xamppfiles/htdocs/ss/venv/lib/python3.9/site-packages/flask/templating.py", line 99, in _get_source_fast
    raise TemplateNotFound(template)
jinja2.exceptions.TemplateNotFound: index.html
2024-11-14 17:08:37,807 - werkzeug - INFO - 127.0.0.1 - - [14/Nov/2024 17:08:37] "[32mGET / HTTP/1.1[0m" 302 -
2024-11-14 17:08:37,810 - app.routes - ERROR - Erro na rota index: index.html
Traceback (most recent call last):
  File "/Applications/XAMPP/xamppfiles/htdocs/ss/app/routes.py", line 31, in index
    return render_template('index.html',
  File "/Applications/XAMPP/xamppfiles/htdocs/ss/venv/lib/python3.9/site-packages/flask/templating.py", line 149, in render_template
    template = app.jinja_env.get_or_select_template(template_name_or_list)
  File "/Applications/XAMPP/xamppfiles/htdocs/ss/venv/lib/python3.9/site-packages/jinja2/environment.py", line 1084, in get_or_select_template
    return self.get_template(template_name_or_list, parent, globals)
  File "/Applications/XAMPP/xamppfiles/htdocs/ss/venv/lib/python3.9/site-packages/jinja2/environment.py", line 1013, in get_template
    return self._load_template(name, globals)
  File "/Applications/XAMPP/xamppfiles/htdocs/ss/venv/lib/python3.9/site-packages/jinja2/environment.py", line 972, in _load_template
    template = self.loader.load(self, name, self.make_globals(globals))
  File "/Applications/XAMPP/xamppfiles/htdocs/ss/venv/lib/python3.9/site-packages/jinja2/loaders.py", line 126, in load
    source, filename, uptodate = self.get_source(environment, name)
  File "/Applications/XAMPP/xamppfiles/htdocs/ss/venv/lib/python3.9/site-packages/flask/templating.py", line 65, in get_source
    return self._get_source_fast(environment, template)
  File "/Applications/XAMPP/xamppfiles/htdocs/ss/venv/lib/python3.9/site-packages/flask/templating.py", line 99, in _get_source_fast
    raise TemplateNotFound(template)
jinja2.exceptions.TemplateNotFound: index.html
2024-11-14 17:08:37,810 - werkzeug - INFO - 127.0.0.1 - - [14/Nov/2024 17:08:37] "[32mGET / HTTP/1.1[0m" 302 -
2024-11-14 17:08:37,812 - app.routes - ERROR - Erro na rota index: index.html
Traceback (most recent call last):
  File "/Applications/XAMPP/xamppfiles/htdocs/ss/app/routes.py", line 31, in index
    return render_template('index.html',
  File "/Applications/XAMPP/xamppfiles/htdocs/ss/venv/lib/python3.9/site-packages/flask/templating.py", line 149, in render_template
    template = app.jinja_env.get_or_select_template(template_name_or_list)
  File "/Applications/XAMPP/xamppfiles/htdocs/ss/venv/lib/python3.9/site-packages/jinja2/environment.py", line 1084, in get_or_select_template
    return self.get_template(template_name_or_list, parent, globals)
  File "/Applications/XAMPP/xamppfiles/htdocs/ss/venv/lib/python3.9/site-packages/jinja2/environment.py", line 1013, in get_template
    return self._load_template(name, globals)
  File "/Applications/XAMPP/xamppfiles/htdocs/ss/venv/lib/python3.9/site-packages/jinja2/environment.py", line 972, in _load_template
    template = self.loader.load(self, name, self.make_globals(globals))
  File "/Applications/XAMPP/xamppfiles/htdocs/ss/venv/lib/python3.9/site-packages/jinja2/loaders.py", line 126, in load
    source, filename, uptodate = self.get_source(environment, name)
  File "/Applications/XAMPP/xamppfiles/htdocs/ss/venv/lib/python3.9/site-packages/flask/templating.py", line 65, in get_source
    return self._get_source_fast(environment, template)
  File "/Applications/XAMPP/xamppfiles/htdocs/ss/venv/lib/python3.9/site-packages/flask/templating.py", line 99, in _get_source_fast
    raise TemplateNotFound(template)
jinja2.exceptions.TemplateNotFound: index.html
2024-11-14 17:08:37,813 - werkzeug - INFO - 127.0.0.1 - - [14/Nov/2024 17:08:37] "[32mGET / HTTP/1.1[0m" 302 -
2024-11-14 17:08:37,816 - app.routes - ERROR - Erro na rota index: index.html
Traceback (most recent call last):
  File "/Applications/XAMPP/xamppfiles/htdocs/ss/app/routes.py", line 31, in index
    return render_template('index.html',
  File "/Applications/XAMPP/xamppfiles/htdocs/ss/venv/lib/python3.9/site-packages/flask/templating.py", line 149, in render_template
    template = app.jinja_env.get_or_select_template(template_name_or_list)
  File "/Applications/XAMPP/xamppfiles/htdocs/ss/venv/lib/python3.9/site-packages/jinja2/environment.py", line 1084, in get_or_select_template
    return self.get_template(template_name_or_list, parent, globals)
  File "/Applications/XAMPP/xamppfiles/htdocs/ss/venv/lib/python3.9/site-packages/jinja2/environment.py", line 1013, in get_template
    return self._load_template(name, globals)
  File "/Applications/XAMPP/xamppfiles/htdocs/ss/venv/lib/python3.9/site-packages/jinja2/environment.py", line 972, in _load_template
    template = self.loader.load(self, name, self.make_globals(globals))
  File "/Applications/XAMPP/xamppfiles/htdocs/ss/venv/lib/python3.9/site-packages/jinja2/loaders.py", line 126, in load
    source, filename, uptodate = self.get_source(environment, name)
  File "/Applications/XAMPP/xamppfiles/htdocs/ss/venv/lib/python3.9/site-packages/flask/templating.py", line 65, in get_source
    return self._get_source_fast(environment, template)
  File "/Applications/XAMPP/xamppfiles/htdocs/ss/venv/lib/python3.9/site-packages/flask/templating.py", line 99, in _get_source_fast
    raise TemplateNotFound(template)
jinja2.exceptions.TemplateNotFound: index.html
2024-11-14 17:08:37,816 - werkzeug - INFO - 127.0.0.1 - - [14/Nov/2024 17:08:37] "[32mGET / HTTP/1.1[0m" 302 -
2024-11-14 17:08:37,819 - app.routes - ERROR - Erro na rota index: index.html
Traceback (most recent call last):
  File "/Applications/XAMPP/xamppfiles/htdocs/ss/app/routes.py", line 31, in index
    return render_template('index.html',
  File "/Applications/XAMPP/xamppfiles/htdocs/ss/venv/lib/python3.9/site-packages/flask/templating.py", line 149, in render_template
    template = app.jinja_env.get_or_select_template(template_name_or_list)
  File "/Applications/XAMPP/xamppfiles/htdocs/ss/venv/lib/python3.9/site-packages/jinja2/environment.py", line 1084, in get_or_select_template
    return self.get_template(template_name_or_list, parent, globals)
  File "/Applications/XAMPP/xamppfiles/htdocs/ss/venv/lib/python3.9/site-packages/jinja2/environment.py", line 1013, in get_template
    return self._load_template(name, globals)
  File "/Applications/XAMPP/xamppfiles/htdocs/ss/venv/lib/python3.9/site-packages/jinja2/environment.py", line 972, in _load_template
    template = self.loader.load(self, name, self.make_globals(globals))
  File "/Applications/XAMPP/xamppfiles/htdocs/ss/venv/lib/python3.9/site-packages/jinja2/loaders.py", line 126, in load
    source, filename, uptodate = self.get_source(environment, name)
  File "/Applications/XAMPP/xamppfiles/htdocs/ss/venv/lib/python3.9/site-packages/flask/templating.py", line 65, in get_source
    return self._get_source_fast(environment, template)
  File "/Applications/XAMPP/xamppfiles/htdocs/ss/venv/lib/python3.9/site-packages/flask/templating.py", line 99, in _get_source_fast
    raise TemplateNotFound(template)
jinja2.exceptions.TemplateNotFound: index.html
2024-11-14 17:08:37,819 - werkzeug - INFO - 127.0.0.1 - - [14/Nov/2024 17:08:37] "[32mGET / HTTP/1.1[0m" 302 -
2024-11-14 17:08:42,833 - app.routes - ERROR - Erro na rota index: index.html
Traceback (most recent call last):
  File "/Applications/XAMPP/xamppfiles/htdocs/ss/app/routes.py", line 31, in index
    return render_template('index.html',
  File "/Applications/XAMPP/xamppfiles/htdocs/ss/venv/lib/python3.9/site-packages/flask/templating.py", line 149, in render_template
    template = app.jinja_env.get_or_select_template(template_name_or_list)
  File "/Applications/XAMPP/xamppfiles/htdocs/ss/venv/lib/python3.9/site-packages/jinja2/environment.py", line 1084, in get_or_select_template
    return self.get_template(template_name_or_list, parent, globals)
  File "/Applications/XAMPP/xamppfiles/htdocs/ss/venv/lib/python3.9/site-packages/jinja2/environment.py", line 1013, in get_template
    return self._load_template(name, globals)
  File "/Applications/XAMPP/xamppfiles/htdocs/ss/venv/lib/python3.9/site-packages/jinja2/environment.py", line 972, in _load_template
    template = self.loader.load(self, name, self.make_globals(globals))
  File "/Applications/XAMPP/xamppfiles/htdocs/ss/venv/lib/python3.9/site-packages/jinja2/loaders.py", line 126, in load
    source, filename, uptodate = self.get_source(environment, name)
  File "/Applications/XAMPP/xamppfiles/htdocs/ss/venv/lib/python3.9/site-packages/flask/templating.py", line 65, in get_source
    return self._get_source_fast(environment, template)
  File "/Applications/XAMPP/xamppfiles/htdocs/ss/venv/lib/python3.9/site-packages/flask/templating.py", line 99, in _get_source_fast
    raise TemplateNotFound(template)
jinja2.exceptions.TemplateNotFound: index.html
2024-11-14 17:08:42,834 - werkzeug - INFO - 127.0.0.1 - - [14/Nov/2024 17:08:42] "[32mGET / HTTP/1.1[0m" 302 -
2024-11-14 17:08:42,837 - app.routes - ERROR - Erro na rota index: index.html
Traceback (most recent call last):
  File "/Applications/XAMPP/xamppfiles/htdocs/ss/app/routes.py", line 31, in index
    return render_template('index.html',
  File "/Applications/XAMPP/xamppfiles/htdocs/ss/venv/lib/python3.9/site-packages/flask/templating.py", line 149, in render_template
    template = app.jinja_env.get_or_select_template(template_name_or_list)
  File "/Applications/XAMPP/xamppfiles/htdocs/ss/venv/lib/python3.9/site-packages/jinja2/environment.py", line 1084, in get_or_select_template
    return self.get_template(template_name_or_list, parent, globals)
  File "/Applications/XAMPP/xamppfiles/htdocs/ss/venv/lib/python3.9/site-packages/jinja2/environment.py", line 1013, in get_template
    return self._load_template(name, globals)
  File "/Applications/XAMPP/xamppfiles/htdocs/ss/venv/lib/python3.9/site-packages/jinja2/environment.py", line 972, in _load_template
    template = self.loader.load(self, name, self.make_globals(globals))
  File "/Applications/XAMPP/xamppfiles/htdocs/ss/venv/lib/python3.9/site-packages/jinja2/loaders.py", line 126, in load
    source, filename, uptodate = self.get_source(environment, name)
  File "/Applications/XAMPP/xamppfiles/htdocs/ss/venv/lib/python3.9/site-packages/flask/templating.py", line 65, in get_source
    return self._get_source_fast(environment, template)
  File "/Applications/XAMPP/xamppfiles/htdocs/ss/venv/lib/python3.9/site-packages/flask/templating.py", line 99, in _get_source_fast
    raise TemplateNotFound(template)
jinja2.exceptions.TemplateNotFound: index.html
2024-11-14 17:08:42,838 - werkzeug - INFO - 127.0.0.1 - - [14/Nov/2024 17:08:42] "[32mGET / HTTP/1.1[0m" 302 -
2024-11-14 17:08:42,843 - app.routes - ERROR - Erro na rota index: index.html
Traceback (most recent call last):
  File "/Applications/XAMPP/xamppfiles/htdocs/ss/app/routes.py", line 31, in index
    return render_template('index.html',
  File "/Applications/XAMPP/xamppfiles/htdocs/ss/venv/lib/python3.9/site-packages/flask/templating.py", line 149, in render_template
    template = app.jinja_env.get_or_select_template(template_name_or_list)
  File "/Applications/XAMPP/xamppfiles/htdocs/ss/venv/lib/python3.9/site-packages/jinja2/environment.py", line 1084, in get_or_select_template
    return self.get_template(template_name_or_list, parent, globals)
  File "/Applications/XAMPP/xamppfiles/htdocs/ss/venv/lib/python3.9/site-packages/jinja2/environment.py", line 1013, in get_template
    return self._load_template(name, globals)
  File "/Applications/XAMPP/xamppfiles/htdocs/ss/venv/lib/python3.9/site-packages/jinja2/environment.py", line 972, in _load_template
    template = self.loader.load(self, name, self.make_globals(globals))
  File "/Applications/XAMPP/xamppfiles/htdocs/ss/venv/lib/python3.9/site-packages/jinja2/loaders.py", line 126, in load
    source, filename, uptodate = self.get_source(environment, name)
  File "/Applications/XAMPP/xamppfiles/htdocs/ss/venv/lib/python3.9/site-packages/flask/templating.py", line 65, in get_source
    return self._get_source_fast(environment, template)
  File "/Applications/XAMPP/xamppfiles/htdocs/ss/venv/lib/python3.9/site-packages/flask/templating.py", line 99, in _get_source_fast
    raise TemplateNotFound(template)
jinja2.exceptions.TemplateNotFound: index.html
2024-11-14 17:08:42,844 - werkzeug - INFO - 127.0.0.1 - - [14/Nov/2024 17:08:42] "[32mGET / HTTP/1.1[0m" 302 -
2024-11-14 17:08:42,848 - app.routes - ERROR - Erro na rota index: index.html
Traceback (most recent call last):
  File "/Applications/XAMPP/xamppfiles/htdocs/ss/app/routes.py", line 31, in index
    return render_template('index.html',
  File "/Applications/XAMPP/xamppfiles/htdocs/ss/venv/lib/python3.9/site-packages/flask/templating.py", line 149, in render_template
    template = app.jinja_env.get_or_select_template(template_name_or_list)
  File "/Applications/XAMPP/xamppfiles/htdocs/ss/venv/lib/python3.9/site-packages/jinja2/environment.py", line 1084, in get_or_select_template
    return self.get_template(template_name_or_list, parent, globals)
  File "/Applications/XAMPP/xamppfiles/htdocs/ss/venv/lib/python3.9/site-packages/jinja2/environment.py", line 1013, in get_template
    return self._load_template(name, globals)
  File "/Applications/XAMPP/xamppfiles/htdocs/ss/venv/lib/python3.9/site-packages/jinja2/environment.py", line 972, in _load_template
    template = self.loader.load(self, name, self.make_globals(globals))
  File "/Applications/XAMPP/xamppfiles/htdocs/ss/venv/lib/python3.9/site-packages/jinja2/loaders.py", line 126, in load
    source, filename, uptodate = self.get_source(environment, name)
  File "/Applications/XAMPP/xamppfiles/htdocs/ss/venv/lib/python3.9/site-packages/flask/templating.py", line 65, in get_source
    return self._get_source_fast(environment, template)
  File "/Applications/XAMPP/xamppfiles/htdocs/ss/venv/lib/python3.9/site-packages/flask/templating.py", line 99, in _get_source_fast
    raise TemplateNotFound(template)
jinja2.exceptions.TemplateNotFound: index.html
2024-11-14 17:08:42,849 - werkzeug - INFO - 127.0.0.1 - - [14/Nov/2024 17:08:42] "[32mGET / HTTP/1.1[0m" 302 -
2024-11-14 17:08:42,853 - app.routes - ERROR - Erro na rota index: index.html
Traceback (most recent call last):
  File "/Applications/XAMPP/xamppfiles/htdocs/ss/app/routes.py", line 31, in index
    return render_template('index.html',
  File "/Applications/XAMPP/xamppfiles/htdocs/ss/venv/lib/python3.9/site-packages/flask/templating.py", line 149, in render_template
    template = app.jinja_env.get_or_select_template(template_name_or_list)
  File "/Applications/XAMPP/xamppfiles/htdocs/ss/venv/lib/python3.9/site-packages/jinja2/environment.py", line 1084, in get_or_select_template
    return self.get_template(template_name_or_list, parent, globals)
  File "/Applications/XAMPP/xamppfiles/htdocs/ss/venv/lib/python3.9/site-packages/jinja2/environment.py", line 1013, in get_template
    return self._load_template(name, globals)
  File "/Applications/XAMPP/xamppfiles/htdocs/ss/venv/lib/python3.9/site-packages/jinja2/environment.py", line 972, in _load_template
    template = self.loader.load(self, name, self.make_globals(globals))
  File "/Applications/XAMPP/xamppfiles/htdocs/ss/venv/lib/python3.9/site-packages/jinja2/loaders.py", line 126, in load
    source, filename, uptodate = self.get_source(environment, name)
  File "/Applications/XAMPP/xamppfiles/htdocs/ss/venv/lib/python3.9/site-packages/flask/templating.py", line 65, in get_source
    return self._get_source_fast(environment, template)
  File "/Applications/XAMPP/xamppfiles/htdocs/ss/venv/lib/python3.9/site-packages/flask/templating.py", line 99, in _get_source_fast
    raise TemplateNotFound(template)
jinja2.exceptions.TemplateNotFound: index.html
2024-11-14 17:08:42,854 - werkzeug - INFO - 127.0.0.1 - - [14/Nov/2024 17:08:42] "[32mGET / HTTP/1.1[0m" 302 -
2024-11-14 17:08:42,857 - app.routes - ERROR - Erro na rota index: index.html
Traceback (most recent call last):
  File "/Applications/XAMPP/xamppfiles/htdocs/ss/app/routes.py", line 31, in index
    return render_template('index.html',
  File "/Applications/XAMPP/xamppfiles/htdocs/ss/venv/lib/python3.9/site-packages/flask/templating.py", line 149, in render_template
    template = app.jinja_env.get_or_select_template(template_name_or_list)
  File "/Applications/XAMPP/xamppfiles/htdocs/ss/venv/lib/python3.9/site-packages/jinja2/environment.py", line 1084, in get_or_select_template
    return self.get_template(template_name_or_list, parent, globals)
  File "/Applications/XAMPP/xamppfiles/htdocs/ss/venv/lib/python3.9/site-packages/jinja2/environment.py", line 1013, in get_template
    return self._load_template(name, globals)
  File "/Applications/XAMPP/xamppfiles/htdocs/ss/venv/lib/python3.9/site-packages/jinja2/environment.py", line 972, in _load_template
    template = self.loader.load(self, name, self.make_globals(globals))
  File "/Applications/XAMPP/xamppfiles/htdocs/ss/venv/lib/python3.9/site-packages/jinja2/loaders.py", line 126, in load
    source, filename, uptodate = self.get_source(environment, name)
  File "/Applications/XAMPP/xamppfiles/htdocs/ss/venv/lib/python3.9/site-packages/flask/templating.py", line 65, in get_source
    return self._get_source_fast(environment, template)
  File "/Applications/XAMPP/xamppfiles/htdocs/ss/venv/lib/python3.9/site-packages/flask/templating.py", line 99, in _get_source_fast
    raise TemplateNotFound(template)
jinja2.exceptions.TemplateNotFound: index.html
2024-11-14 17:08:42,858 - werkzeug - INFO - 127.0.0.1 - - [14/Nov/2024 17:08:42] "[32mGET / HTTP/1.1[0m" 302 -
2024-11-14 17:08:42,861 - app.routes - ERROR - Erro na rota index: index.html
Traceback (most recent call last):
  File "/Applications/XAMPP/xamppfiles/htdocs/ss/app/routes.py", line 31, in index
    return render_template('index.html',
  File "/Applications/XAMPP/xamppfiles/htdocs/ss/venv/lib/python3.9/site-packages/flask/templating.py", line 149, in render_template
    template = app.jinja_env.get_or_select_template(template_name_or_list)
  File "/Applications/XAMPP/xamppfiles/htdocs/ss/venv/lib/python3.9/site-packages/jinja2/environment.py", line 1084, in get_or_select_template
    return self.get_template(template_name_or_list, parent, globals)
  File "/Applications/XAMPP/xamppfiles/htdocs/ss/venv/lib/python3.9/site-packages/jinja2/environment.py", line 1013, in get_template
    return self._load_template(name, globals)
  File "/Applications/XAMPP/xamppfiles/htdocs/ss/venv/lib/python3.9/site-packages/jinja2/environment.py", line 972, in _load_template
    template = self.loader.load(self, name, self.make_globals(globals))
  File "/Applications/XAMPP/xamppfiles/htdocs/ss/venv/lib/python3.9/site-packages/jinja2/loaders.py", line 126, in load
    source, filename, uptodate = self.get_source(environment, name)
  File "/Applications/XAMPP/xamppfiles/htdocs/ss/venv/lib/python3.9/site-packages/flask/templating.py", line 65, in get_source
    return self._get_source_fast(environment, template)
  File "/Applications/XAMPP/xamppfiles/htdocs/ss/venv/lib/python3.9/site-packages/flask/templating.py", line 99, in _get_source_fast
    raise TemplateNotFound(template)
jinja2.exceptions.TemplateNotFound: index.html
2024-11-14 17:08:42,862 - werkzeug - INFO - 127.0.0.1 - - [14/Nov/2024 17:08:42] "[32mGET / HTTP/1.1[0m" 302 -
2024-11-14 17:08:42,865 - app.routes - ERROR - Erro na rota index: index.html
Traceback (most recent call last):
  File "/Applications/XAMPP/xamppfiles/htdocs/ss/app/routes.py", line 31, in index
    return render_template('index.html',
  File "/Applications/XAMPP/xamppfiles/htdocs/ss/venv/lib/python3.9/site-packages/flask/templating.py", line 149, in render_template
    template = app.jinja_env.get_or_select_template(template_name_or_list)
  File "/Applications/XAMPP/xamppfiles/htdocs/ss/venv/lib/python3.9/site-packages/jinja2/environment.py", line 1084, in get_or_select_template
    return self.get_template(template_name_or_list, parent, globals)
  File "/Applications/XAMPP/xamppfiles/htdocs/ss/venv/lib/python3.9/site-packages/jinja2/environment.py", line 1013, in get_template
    return self._load_template(name, globals)
  File "/Applications/XAMPP/xamppfiles/htdocs/ss/venv/lib/python3.9/site-packages/jinja2/environment.py", line 972, in _load_template
    template = self.loader.load(self, name, self.make_globals(globals))
  File "/Applications/XAMPP/xamppfiles/htdocs/ss/venv/lib/python3.9/site-packages/jinja2/loaders.py", line 126, in load
    source, filename, uptodate = self.get_source(environment, name)
  File "/Applications/XAMPP/xamppfiles/htdocs/ss/venv/lib/python3.9/site-packages/flask/templating.py", line 65, in get_source
    return self._get_source_fast(environment, template)
  File "/Applications/XAMPP/xamppfiles/htdocs/ss/venv/lib/python3.9/site-packages/flask/templating.py", line 99, in _get_source_fast
    raise TemplateNotFound(template)
jinja2.exceptions.TemplateNotFound: index.html
2024-11-14 17:08:42,866 - werkzeug - INFO - 127.0.0.1 - - [14/Nov/2024 17:08:42] "[32mGET / HTTP/1.1[0m" 302 -
2024-11-14 17:08:42,869 - app.routes - ERROR - Erro na rota index: index.html
Traceback (most recent call last):
  File "/Applications/XAMPP/xamppfiles/htdocs/ss/app/routes.py", line 31, in index
    return render_template('index.html',
  File "/Applications/XAMPP/xamppfiles/htdocs/ss/venv/lib/python3.9/site-packages/flask/templating.py", line 149, in render_template
    template = app.jinja_env.get_or_select_template(template_name_or_list)
  File "/Applications/XAMPP/xamppfiles/htdocs/ss/venv/lib/python3.9/site-packages/jinja2/environment.py", line 1084, in get_or_select_template
    return self.get_template(template_name_or_list, parent, globals)
  File "/Applications/XAMPP/xamppfiles/htdocs/ss/venv/lib/python3.9/site-packages/jinja2/environment.py", line 1013, in get_template
    return self._load_template(name, globals)
  File "/Applications/XAMPP/xamppfiles/htdocs/ss/venv/lib/python3.9/site-packages/jinja2/environment.py", line 972, in _load_template
    template = self.loader.load(self, name, self.make_globals(globals))
  File "/Applications/XAMPP/xamppfiles/htdocs/ss/venv/lib/python3.9/site-packages/jinja2/loaders.py", line 126, in load
    source, filename, uptodate = self.get_source(environment, name)
  File "/Applications/XAMPP/xamppfiles/htdocs/ss/venv/lib/python3.9/site-packages/flask/templating.py", line 65, in get_source
    return self._get_source_fast(environment, template)
  File "/Applications/XAMPP/xamppfiles/htdocs/ss/venv/lib/python3.9/site-packages/flask/templating.py", line 99, in _get_source_fast
    raise TemplateNotFound(template)
jinja2.exceptions.TemplateNotFound: index.html
2024-11-14 17:08:42,870 - werkzeug - INFO - 127.0.0.1 - - [14/Nov/2024 17:08:42] "[32mGET / HTTP/1.1[0m" 302 -
2024-11-14 17:08:42,873 - app.routes - ERROR - Erro na rota index: index.html
Traceback (most recent call last):
  File "/Applications/XAMPP/xamppfiles/htdocs/ss/app/routes.py", line 31, in index
    return render_template('index.html',
  File "/Applications/XAMPP/xamppfiles/htdocs/ss/venv/lib/python3.9/site-packages/flask/templating.py", line 149, in render_template
    template = app.jinja_env.get_or_select_template(template_name_or_list)
  File "/Applications/XAMPP/xamppfiles/htdocs/ss/venv/lib/python3.9/site-packages/jinja2/environment.py", line 1084, in get_or_select_template
    return self.get_template(template_name_or_list, parent, globals)
  File "/Applications/XAMPP/xamppfiles/htdocs/ss/venv/lib/python3.9/site-packages/jinja2/environment.py", line 1013, in get_template
    return self._load_template(name, globals)
  File "/Applications/XAMPP/xamppfiles/htdocs/ss/venv/lib/python3.9/site-packages/jinja2/environment.py", line 972, in _load_template
    template = self.loader.load(self, name, self.make_globals(globals))
  File "/Applications/XAMPP/xamppfiles/htdocs/ss/venv/lib/python3.9/site-packages/jinja2/loaders.py", line 126, in load
    source, filename, uptodate = self.get_source(environment, name)
  File "/Applications/XAMPP/xamppfiles/htdocs/ss/venv/lib/python3.9/site-packages/flask/templating.py", line 65, in get_source
    return self._get_source_fast(environment, template)
  File "/Applications/XAMPP/xamppfiles/htdocs/ss/venv/lib/python3.9/site-packages/flask/templating.py", line 99, in _get_source_fast
    raise TemplateNotFound(template)
jinja2.exceptions.TemplateNotFound: index.html
2024-11-14 17:08:42,874 - werkzeug - INFO - 127.0.0.1 - - [14/Nov/2024 17:08:42] "[32mGET / HTTP/1.1[0m" 302 -
2024-11-14 17:08:42,877 - app.routes - ERROR - Erro na rota index: index.html
Traceback (most recent call last):
  File "/Applications/XAMPP/xamppfiles/htdocs/ss/app/routes.py", line 31, in index
    return render_template('index.html',
  File "/Applications/XAMPP/xamppfiles/htdocs/ss/venv/lib/python3.9/site-packages/flask/templating.py", line 149, in render_template
    template = app.jinja_env.get_or_select_template(template_name_or_list)
  File "/Applications/XAMPP/xamppfiles/htdocs/ss/venv/lib/python3.9/site-packages/jinja2/environment.py", line 1084, in get_or_select_template
    return self.get_template(template_name_or_list, parent, globals)
  File "/Applications/XAMPP/xamppfiles/htdocs/ss/venv/lib/python3.9/site-packages/jinja2/environment.py", line 1013, in get_template
    return self._load_template(name, globals)
  File "/Applications/XAMPP/xamppfiles/htdocs/ss/venv/lib/python3.9/site-packages/jinja2/environment.py", line 972, in _load_template
    template = self.loader.load(self, name, self.make_globals(globals))
  File "/Applications/XAMPP/xamppfiles/htdocs/ss/venv/lib/python3.9/site-packages/jinja2/loaders.py", line 126, in load
    source, filename, uptodate = self.get_source(environment, name)
  File "/Applications/XAMPP/xamppfiles/htdocs/ss/venv/lib/python3.9/site-packages/flask/templating.py", line 65, in get_source
    return self._get_source_fast(environment, template)
  File "/Applications/XAMPP/xamppfiles/htdocs/ss/venv/lib/python3.9/site-packages/flask/templating.py", line 99, in _get_source_fast
    raise TemplateNotFound(template)
jinja2.exceptions.TemplateNotFound: index.html
2024-11-14 17:08:42,877 - werkzeug - INFO - 127.0.0.1 - - [14/Nov/2024 17:08:42] "[32mGET / HTTP/1.1[0m" 302 -
2024-11-14 17:08:42,881 - app.routes - ERROR - Erro na rota index: index.html
Traceback (most recent call last):
  File "/Applications/XAMPP/xamppfiles/htdocs/ss/app/routes.py", line 31, in index
    return render_template('index.html',
  File "/Applications/XAMPP/xamppfiles/htdocs/ss/venv/lib/python3.9/site-packages/flask/templating.py", line 149, in render_template
    template = app.jinja_env.get_or_select_template(template_name_or_list)
  File "/Applications/XAMPP/xamppfiles/htdocs/ss/venv/lib/python3.9/site-packages/jinja2/environment.py", line 1084, in get_or_select_template
    return self.get_template(template_name_or_list, parent, globals)
  File "/Applications/XAMPP/xamppfiles/htdocs/ss/venv/lib/python3.9/site-packages/jinja2/environment.py", line 1013, in get_template
    return self._load_template(name, globals)
  File "/Applications/XAMPP/xamppfiles/htdocs/ss/venv/lib/python3.9/site-packages/jinja2/environment.py", line 972, in _load_template
    template = self.loader.load(self, name, self.make_globals(globals))
  File "/Applications/XAMPP/xamppfiles/htdocs/ss/venv/lib/python3.9/site-packages/jinja2/loaders.py", line 126, in load
    source, filename, uptodate = self.get_source(environment, name)
  File "/Applications/XAMPP/xamppfiles/htdocs/ss/venv/lib/python3.9/site-packages/flask/templating.py", line 65, in get_source
    return self._get_source_fast(environment, template)
  File "/Applications/XAMPP/xamppfiles/htdocs/ss/venv/lib/python3.9/site-packages/flask/templating.py", line 99, in _get_source_fast
    raise TemplateNotFound(template)
jinja2.exceptions.TemplateNotFound: index.html
2024-11-14 17:08:42,882 - werkzeug - INFO - 127.0.0.1 - - [14/Nov/2024 17:08:42] "[32mGET / HTTP/1.1[0m" 302 -
2024-11-14 17:08:42,885 - app.routes - ERROR - Erro na rota index: index.html
Traceback (most recent call last):
  File "/Applications/XAMPP/xamppfiles/htdocs/ss/app/routes.py", line 31, in index
    return render_template('index.html',
  File "/Applications/XAMPP/xamppfiles/htdocs/ss/venv/lib/python3.9/site-packages/flask/templating.py", line 149, in render_template
    template = app.jinja_env.get_or_select_template(template_name_or_list)
  File "/Applications/XAMPP/xamppfiles/htdocs/ss/venv/lib/python3.9/site-packages/jinja2/environment.py", line 1084, in get_or_select_template
    return self.get_template(template_name_or_list, parent, globals)
  File "/Applications/XAMPP/xamppfiles/htdocs/ss/venv/lib/python3.9/site-packages/jinja2/environment.py", line 1013, in get_template
    return self._load_template(name, globals)
  File "/Applications/XAMPP/xamppfiles/htdocs/ss/venv/lib/python3.9/site-packages/jinja2/environment.py", line 972, in _load_template
    template = self.loader.load(self, name, self.make_globals(globals))
  File "/Applications/XAMPP/xamppfiles/htdocs/ss/venv/lib/python3.9/site-packages/jinja2/loaders.py", line 126, in load
    source, filename, uptodate = self.get_source(environment, name)
  File "/Applications/XAMPP/xamppfiles/htdocs/ss/venv/lib/python3.9/site-packages/flask/templating.py", line 65, in get_source
    return self._get_source_fast(environment, template)
  File "/Applications/XAMPP/xamppfiles/htdocs/ss/venv/lib/python3.9/site-packages/flask/templating.py", line 99, in _get_source_fast
    raise TemplateNotFound(template)
jinja2.exceptions.TemplateNotFound: index.html
2024-11-14 17:08:42,886 - werkzeug - INFO - 127.0.0.1 - - [14/Nov/2024 17:08:42] "[32mGET / HTTP/1.1[0m" 302 -
2024-11-14 17:08:42,889 - app.routes - ERROR - Erro na rota index: index.html
Traceback (most recent call last):
  File "/Applications/XAMPP/xamppfiles/htdocs/ss/app/routes.py", line 31, in index
    return render_template('index.html',
  File "/Applications/XAMPP/xamppfiles/htdocs/ss/venv/lib/python3.9/site-packages/flask/templating.py", line 149, in render_template
    template = app.jinja_env.get_or_select_template(template_name_or_list)
  File "/Applications/XAMPP/xamppfiles/htdocs/ss/venv/lib/python3.9/site-packages/jinja2/environment.py", line 1084, in get_or_select_template
    return self.get_template(template_name_or_list, parent, globals)
  File "/Applications/XAMPP/xamppfiles/htdocs/ss/venv/lib/python3.9/site-packages/jinja2/environment.py", line 1013, in get_template
    return self._load_template(name, globals)
  File "/Applications/XAMPP/xamppfiles/htdocs/ss/venv/lib/python3.9/site-packages/jinja2/environment.py", line 972, in _load_template
    template = self.loader.load(self, name, self.make_globals(globals))
  File "/Applications/XAMPP/xamppfiles/htdocs/ss/venv/lib/python3.9/site-packages/jinja2/loaders.py", line 126, in load
    source, filename, uptodate = self.get_source(environment, name)
  File "/Applications/XAMPP/xamppfiles/htdocs/ss/venv/lib/python3.9/site-packages/flask/templating.py", line 65, in get_source
    return self._get_source_fast(environment, template)
  File "/Applications/XAMPP/xamppfiles/htdocs/ss/venv/lib/python3.9/site-packages/flask/templating.py", line 99, in _get_source_fast
    raise TemplateNotFound(template)
jinja2.exceptions.TemplateNotFound: index.html
2024-11-14 17:08:42,889 - werkzeug - INFO - 127.0.0.1 - - [14/Nov/2024 17:08:42] "[32mGET / HTTP/1.1[0m" 302 -
2024-11-14 17:08:42,892 - app.routes - ERROR - Erro na rota index: index.html
Traceback (most recent call last):
  File "/Applications/XAMPP/xamppfiles/htdocs/ss/app/routes.py", line 31, in index
    return render_template('index.html',
  File "/Applications/XAMPP/xamppfiles/htdocs/ss/venv/lib/python3.9/site-packages/flask/templating.py", line 149, in render_template
    template = app.jinja_env.get_or_select_template(template_name_or_list)
  File "/Applications/XAMPP/xamppfiles/htdocs/ss/venv/lib/python3.9/site-packages/jinja2/environment.py", line 1084, in get_or_select_template
    return self.get_template(template_name_or_list, parent, globals)
  File "/Applications/XAMPP/xamppfiles/htdocs/ss/venv/lib/python3.9/site-packages/jinja2/environment.py", line 1013, in get_template
    return self._load_template(name, globals)
  File "/Applications/XAMPP/xamppfiles/htdocs/ss/venv/lib/python3.9/site-packages/jinja2/environment.py", line 972, in _load_template
    template = self.loader.load(self, name, self.make_globals(globals))
  File "/Applications/XAMPP/xamppfiles/htdocs/ss/venv/lib/python3.9/site-packages/jinja2/loaders.py", line 126, in load
    source, filename, uptodate = self.get_source(environment, name)
  File "/Applications/XAMPP/xamppfiles/htdocs/ss/venv/lib/python3.9/site-packages/flask/templating.py", line 65, in get_source
    return self._get_source_fast(environment, template)
  File "/Applications/XAMPP/xamppfiles/htdocs/ss/venv/lib/python3.9/site-packages/flask/templating.py", line 99, in _get_source_fast
    raise TemplateNotFound(template)
jinja2.exceptions.TemplateNotFound: index.html
2024-11-14 17:08:42,893 - werkzeug - INFO - 127.0.0.1 - - [14/Nov/2024 17:08:42] "[32mGET / HTTP/1.1[0m" 302 -
2024-11-14 17:08:42,897 - app.routes - ERROR - Erro na rota index: index.html
Traceback (most recent call last):
  File "/Applications/XAMPP/xamppfiles/htdocs/ss/app/routes.py", line 31, in index
    return render_template('index.html',
  File "/Applications/XAMPP/xamppfiles/htdocs/ss/venv/lib/python3.9/site-packages/flask/templating.py", line 149, in render_template
    template = app.jinja_env.get_or_select_template(template_name_or_list)
  File "/Applications/XAMPP/xamppfiles/htdocs/ss/venv/lib/python3.9/site-packages/jinja2/environment.py", line 1084, in get_or_select_template
    return self.get_template(template_name_or_list, parent, globals)
  File "/Applications/XAMPP/xamppfiles/htdocs/ss/venv/lib/python3.9/site-packages/jinja2/environment.py", line 1013, in get_template
    return self._load_template(name, globals)
  File "/Applications/XAMPP/xamppfiles/htdocs/ss/venv/lib/python3.9/site-packages/jinja2/environment.py", line 972, in _load_template
    template = self.loader.load(self, name, self.make_globals(globals))
  File "/Applications/XAMPP/xamppfiles/htdocs/ss/venv/lib/python3.9/site-packages/jinja2/loaders.py", line 126, in load
    source, filename, uptodate = self.get_source(environment, name)
  File "/Applications/XAMPP/xamppfiles/htdocs/ss/venv/lib/python3.9/site-packages/flask/templating.py", line 65, in get_source
    return self._get_source_fast(environment, template)
  File "/Applications/XAMPP/xamppfiles/htdocs/ss/venv/lib/python3.9/site-packages/flask/templating.py", line 99, in _get_source_fast
    raise TemplateNotFound(template)
jinja2.exceptions.TemplateNotFound: index.html
2024-11-14 17:08:42,898 - werkzeug - INFO - 127.0.0.1 - - [14/Nov/2024 17:08:42] "[32mGET / HTTP/1.1[0m" 302 -
2024-11-14 17:08:42,901 - app.routes - ERROR - Erro na rota index: index.html
Traceback (most recent call last):
  File "/Applications/XAMPP/xamppfiles/htdocs/ss/app/routes.py", line 31, in index
    return render_template('index.html',
  File "/Applications/XAMPP/xamppfiles/htdocs/ss/venv/lib/python3.9/site-packages/flask/templating.py", line 149, in render_template
    template = app.jinja_env.get_or_select_template(template_name_or_list)
  File "/Applications/XAMPP/xamppfiles/htdocs/ss/venv/lib/python3.9/site-packages/jinja2/environment.py", line 1084, in get_or_select_template
    return self.get_template(template_name_or_list, parent, globals)
  File "/Applications/XAMPP/xamppfiles/htdocs/ss/venv/lib/python3.9/site-packages/jinja2/environment.py", line 1013, in get_template
    return self._load_template(name, globals)
  File "/Applications/XAMPP/xamppfiles/htdocs/ss/venv/lib/python3.9/site-packages/jinja2/environment.py", line 972, in _load_template
    template = self.loader.load(self, name, self.make_globals(globals))
  File "/Applications/XAMPP/xamppfiles/htdocs/ss/venv/lib/python3.9/site-packages/jinja2/loaders.py", line 126, in load
    source, filename, uptodate = self.get_source(environment, name)
  File "/Applications/XAMPP/xamppfiles/htdocs/ss/venv/lib/python3.9/site-packages/flask/templating.py", line 65, in get_source
    return self._get_source_fast(environment, template)
  File "/Applications/XAMPP/xamppfiles/htdocs/ss/venv/lib/python3.9/site-packages/flask/templating.py", line 99, in _get_source_fast
    raise TemplateNotFound(template)
jinja2.exceptions.TemplateNotFound: index.html
2024-11-14 17:08:42,901 - werkzeug - INFO - 127.0.0.1 - - [14/Nov/2024 17:08:42] "[32mGET / HTTP/1.1[0m" 302 -
2024-11-14 17:08:42,903 - app.routes - ERROR - Erro na rota index: index.html
Traceback (most recent call last):
  File "/Applications/XAMPP/xamppfiles/htdocs/ss/app/routes.py", line 31, in index
    return render_template('index.html',
  File "/Applications/XAMPP/xamppfiles/htdocs/ss/venv/lib/python3.9/site-packages/flask/templating.py", line 149, in render_template
    template = app.jinja_env.get_or_select_template(template_name_or_list)
  File "/Applications/XAMPP/xamppfiles/htdocs/ss/venv/lib/python3.9/site-packages/jinja2/environment.py", line 1084, in get_or_select_template
    return self.get_template(template_name_or_list, parent, globals)
  File "/Applications/XAMPP/xamppfiles/htdocs/ss/venv/lib/python3.9/site-packages/jinja2/environment.py", line 1013, in get_template
    return self._load_template(name, globals)
  File "/Applications/XAMPP/xamppfiles/htdocs/ss/venv/lib/python3.9/site-packages/jinja2/environment.py", line 972, in _load_template
    template = self.loader.load(self, name, self.make_globals(globals))
  File "/Applications/XAMPP/xamppfiles/htdocs/ss/venv/lib/python3.9/site-packages/jinja2/loaders.py", line 126, in load
    source, filename, uptodate = self.get_source(environment, name)
  File "/Applications/XAMPP/xamppfiles/htdocs/ss/venv/lib/python3.9/site-packages/flask/templating.py", line 65, in get_source
    return self._get_source_fast(environment, template)
  File "/Applications/XAMPP/xamppfiles/htdocs/ss/venv/lib/python3.9/site-packages/flask/templating.py", line 99, in _get_source_fast
    raise TemplateNotFound(template)
jinja2.exceptions.TemplateNotFound: index.html
2024-11-14 17:08:42,904 - werkzeug - INFO - 127.0.0.1 - - [14/Nov/2024 17:08:42] "[32mGET / HTTP/1.1[0m" 302 -
2024-11-14 17:08:42,906 - app.routes - ERROR - Erro na rota index: index.html
Traceback (most recent call last):
  File "/Applications/XAMPP/xamppfiles/htdocs/ss/app/routes.py", line 31, in index
    return render_template('index.html',
  File "/Applications/XAMPP/xamppfiles/htdocs/ss/venv/lib/python3.9/site-packages/flask/templating.py", line 149, in render_template
    template = app.jinja_env.get_or_select_template(template_name_or_list)
  File "/Applications/XAMPP/xamppfiles/htdocs/ss/venv/lib/python3.9/site-packages/jinja2/environment.py", line 1084, in get_or_select_template
    return self.get_template(template_name_or_list, parent, globals)
  File "/Applications/XAMPP/xamppfiles/htdocs/ss/venv/lib/python3.9/site-packages/jinja2/environment.py", line 1013, in get_template
    return self._load_template(name, globals)
  File "/Applications/XAMPP/xamppfiles/htdocs/ss/venv/lib/python3.9/site-packages/jinja2/environment.py", line 972, in _load_template
    template = self.loader.load(self, name, self.make_globals(globals))
  File "/Applications/XAMPP/xamppfiles/htdocs/ss/venv/lib/python3.9/site-packages/jinja2/loaders.py", line 126, in load
    source, filename, uptodate = self.get_source(environment, name)
  File "/Applications/XAMPP/xamppfiles/htdocs/ss/venv/lib/python3.9/site-packages/flask/templating.py", line 65, in get_source
    return self._get_source_fast(environment, template)
  File "/Applications/XAMPP/xamppfiles/htdocs/ss/venv/lib/python3.9/site-packages/flask/templating.py", line 99, in _get_source_fast
    raise TemplateNotFound(template)
jinja2.exceptions.TemplateNotFound: index.html
2024-11-14 17:08:42,906 - werkzeug - INFO - 127.0.0.1 - - [14/Nov/2024 17:08:42] "[32mGET / HTTP/1.1[0m" 302 -
2024-11-14 17:08:42,909 - app.routes - ERROR - Erro na rota index: index.html
Traceback (most recent call last):
  File "/Applications/XAMPP/xamppfiles/htdocs/ss/app/routes.py", line 31, in index
    return render_template('index.html',
  File "/Applications/XAMPP/xamppfiles/htdocs/ss/venv/lib/python3.9/site-packages/flask/templating.py", line 149, in render_template
    template = app.jinja_env.get_or_select_template(template_name_or_list)
  File "/Applications/XAMPP/xamppfiles/htdocs/ss/venv/lib/python3.9/site-packages/jinja2/environment.py", line 1084, in get_or_select_template
    return self.get_template(template_name_or_list, parent, globals)
  File "/Applications/XAMPP/xamppfiles/htdocs/ss/venv/lib/python3.9/site-packages/jinja2/environment.py", line 1013, in get_template
    return self._load_template(name, globals)
  File "/Applications/XAMPP/xamppfiles/htdocs/ss/venv/lib/python3.9/site-packages/jinja2/environment.py", line 972, in _load_template
    template = self.loader.load(self, name, self.make_globals(globals))
  File "/Applications/XAMPP/xamppfiles/htdocs/ss/venv/lib/python3.9/site-packages/jinja2/loaders.py", line 126, in load
    source, filename, uptodate = self.get_source(environment, name)
  File "/Applications/XAMPP/xamppfiles/htdocs/ss/venv/lib/python3.9/site-packages/flask/templating.py", line 65, in get_source
    return self._get_source_fast(environment, template)
  File "/Applications/XAMPP/xamppfiles/htdocs/ss/venv/lib/python3.9/site-packages/flask/templating.py", line 99, in _get_source_fast
    raise TemplateNotFound(template)
jinja2.exceptions.TemplateNotFound: index.html
2024-11-14 17:08:42,909 - werkzeug - INFO - 127.0.0.1 - - [14/Nov/2024 17:08:42] "[32mGET / HTTP/1.1[0m" 302 -
2024-11-14 17:09:00,954 - app.database - INFO - Conexão com banco de dados estabelecida
2024-11-14 17:09:00,956 - app.database - INFO - Banco de dados inicializado com sucesso
2024-11-14 17:09:00,956 - app.database - INFO - Conexão com banco de dados fechada
2024-11-14 17:09:00,980 - werkzeug - INFO - [31m[1mWARNING: This is a development server. Do not use it in a production deployment. Use a production WSGI server instead.[0m
 * Running on http://127.0.0.1:5001
2024-11-14 17:09:00,980 - werkzeug - INFO - [33mPress CTRL+C to quit[0m
2024-11-14 17:09:00,981 - werkzeug - INFO -  * Restarting with stat
2024-11-14 17:09:01,074 - app.database - INFO - Conexão com banco de dados estabelecida
2024-11-14 17:09:01,077 - app.database - INFO - Banco de dados inicializado com sucesso
2024-11-14 17:09:01,077 - app.database - INFO - Conexão com banco de dados fechada
2024-11-14 17:09:01,090 - werkzeug - WARNING -  * Debugger is active!
2024-11-14 17:09:01,095 - werkzeug - INFO -  * Debugger PIN: 856-842-152
2024-11-14 17:09:12,925 - app.routes - ERROR - Erro na rota index: index.html
Traceback (most recent call last):
  File "/Applications/XAMPP/xamppfiles/htdocs/ss/app/routes.py", line 31, in index
    return render_template('index.html',
  File "/Applications/XAMPP/xamppfiles/htdocs/ss/venv/lib/python3.9/site-packages/flask/templating.py", line 149, in render_template
    template = app.jinja_env.get_or_select_template(template_name_or_list)
  File "/Applications/XAMPP/xamppfiles/htdocs/ss/venv/lib/python3.9/site-packages/jinja2/environment.py", line 1084, in get_or_select_template
    return self.get_template(template_name_or_list, parent, globals)
  File "/Applications/XAMPP/xamppfiles/htdocs/ss/venv/lib/python3.9/site-packages/jinja2/environment.py", line 1013, in get_template
    return self._load_template(name, globals)
  File "/Applications/XAMPP/xamppfiles/htdocs/ss/venv/lib/python3.9/site-packages/jinja2/environment.py", line 972, in _load_template
    template = self.loader.load(self, name, self.make_globals(globals))
  File "/Applications/XAMPP/xamppfiles/htdocs/ss/venv/lib/python3.9/site-packages/jinja2/loaders.py", line 126, in load
    source, filename, uptodate = self.get_source(environment, name)
  File "/Applications/XAMPP/xamppfiles/htdocs/ss/venv/lib/python3.9/site-packages/flask/templating.py", line 65, in get_source
    return self._get_source_fast(environment, template)
  File "/Applications/XAMPP/xamppfiles/htdocs/ss/venv/lib/python3.9/site-packages/flask/templating.py", line 99, in _get_source_fast
    raise TemplateNotFound(template)
jinja2.exceptions.TemplateNotFound: index.html
2024-11-14 17:09:12,934 - werkzeug - INFO - 127.0.0.1 - - [14/Nov/2024 17:09:12] "[32mGET / HTTP/1.1[0m" 302 -
2024-11-14 17:09:12,937 - app.routes - ERROR - Erro na rota index: index.html
Traceback (most recent call last):
  File "/Applications/XAMPP/xamppfiles/htdocs/ss/app/routes.py", line 31, in index
    return render_template('index.html',
  File "/Applications/XAMPP/xamppfiles/htdocs/ss/venv/lib/python3.9/site-packages/flask/templating.py", line 149, in render_template
    template = app.jinja_env.get_or_select_template(template_name_or_list)
  File "/Applications/XAMPP/xamppfiles/htdocs/ss/venv/lib/python3.9/site-packages/jinja2/environment.py", line 1084, in get_or_select_template
    return self.get_template(template_name_or_list, parent, globals)
  File "/Applications/XAMPP/xamppfiles/htdocs/ss/venv/lib/python3.9/site-packages/jinja2/environment.py", line 1013, in get_template
    return self._load_template(name, globals)
  File "/Applications/XAMPP/xamppfiles/htdocs/ss/venv/lib/python3.9/site-packages/jinja2/environment.py", line 972, in _load_template
    template = self.loader.load(self, name, self.make_globals(globals))
  File "/Applications/XAMPP/xamppfiles/htdocs/ss/venv/lib/python3.9/site-packages/jinja2/loaders.py", line 126, in load
    source, filename, uptodate = self.get_source(environment, name)
  File "/Applications/XAMPP/xamppfiles/htdocs/ss/venv/lib/python3.9/site-packages/flask/templating.py", line 65, in get_source
    return self._get_source_fast(environment, template)
  File "/Applications/XAMPP/xamppfiles/htdocs/ss/venv/lib/python3.9/site-packages/flask/templating.py", line 99, in _get_source_fast
    raise TemplateNotFound(template)
jinja2.exceptions.TemplateNotFound: index.html
2024-11-14 17:09:12,938 - werkzeug - INFO - 127.0.0.1 - - [14/Nov/2024 17:09:12] "[32mGET / HTTP/1.1[0m" 302 -
2024-11-14 17:09:12,943 - app.routes - ERROR - Erro na rota index: index.html
Traceback (most recent call last):
  File "/Applications/XAMPP/xamppfiles/htdocs/ss/app/routes.py", line 31, in index
    return render_template('index.html',
  File "/Applications/XAMPP/xamppfiles/htdocs/ss/venv/lib/python3.9/site-packages/flask/templating.py", line 149, in render_template
    template = app.jinja_env.get_or_select_template(template_name_or_list)
  File "/Applications/XAMPP/xamppfiles/htdocs/ss/venv/lib/python3.9/site-packages/jinja2/environment.py", line 1084, in get_or_select_template
    return self.get_template(template_name_or_list, parent, globals)
  File "/Applications/XAMPP/xamppfiles/htdocs/ss/venv/lib/python3.9/site-packages/jinja2/environment.py", line 1013, in get_template
    return self._load_template(name, globals)
  File "/Applications/XAMPP/xamppfiles/htdocs/ss/venv/lib/python3.9/site-packages/jinja2/environment.py", line 972, in _load_template
    template = self.loader.load(self, name, self.make_globals(globals))
  File "/Applications/XAMPP/xamppfiles/htdocs/ss/venv/lib/python3.9/site-packages/jinja2/loaders.py", line 126, in load
    source, filename, uptodate = self.get_source(environment, name)
  File "/Applications/XAMPP/xamppfiles/htdocs/ss/venv/lib/python3.9/site-packages/flask/templating.py", line 65, in get_source
    return self._get_source_fast(environment, template)
  File "/Applications/XAMPP/xamppfiles/htdocs/ss/venv/lib/python3.9/site-packages/flask/templating.py", line 99, in _get_source_fast
    raise TemplateNotFound(template)
jinja2.exceptions.TemplateNotFound: index.html
2024-11-14 17:09:12,945 - werkzeug - INFO - 127.0.0.1 - - [14/Nov/2024 17:09:12] "[32mGET / HTTP/1.1[0m" 302 -
2024-11-14 17:09:12,950 - app.routes - ERROR - Erro na rota index: index.html
Traceback (most recent call last):
  File "/Applications/XAMPP/xamppfiles/htdocs/ss/app/routes.py", line 31, in index
    return render_template('index.html',
  File "/Applications/XAMPP/xamppfiles/htdocs/ss/venv/lib/python3.9/site-packages/flask/templating.py", line 149, in render_template
    template = app.jinja_env.get_or_select_template(template_name_or_list)
  File "/Applications/XAMPP/xamppfiles/htdocs/ss/venv/lib/python3.9/site-packages/jinja2/environment.py", line 1084, in get_or_select_template
    return self.get_template(template_name_or_list, parent, globals)
  File "/Applications/XAMPP/xamppfiles/htdocs/ss/venv/lib/python3.9/site-packages/jinja2/environment.py", line 1013, in get_template
    return self._load_template(name, globals)
  File "/Applications/XAMPP/xamppfiles/htdocs/ss/venv/lib/python3.9/site-packages/jinja2/environment.py", line 972, in _load_template
    template = self.loader.load(self, name, self.make_globals(globals))
  File "/Applications/XAMPP/xamppfiles/htdocs/ss/venv/lib/python3.9/site-packages/jinja2/loaders.py", line 126, in load
    source, filename, uptodate = self.get_source(environment, name)
  File "/Applications/XAMPP/xamppfiles/htdocs/ss/venv/lib/python3.9/site-packages/flask/templating.py", line 65, in get_source
    return self._get_source_fast(environment, template)
  File "/Applications/XAMPP/xamppfiles/htdocs/ss/venv/lib/python3.9/site-packages/flask/templating.py", line 99, in _get_source_fast
    raise TemplateNotFound(template)
jinja2.exceptions.TemplateNotFound: index.html
2024-11-14 17:09:12,951 - werkzeug - INFO - 127.0.0.1 - - [14/Nov/2024 17:09:12] "[32mGET / HTTP/1.1[0m" 302 -
2024-11-14 17:09:12,954 - app.routes - ERROR - Erro na rota index: index.html
Traceback (most recent call last):
  File "/Applications/XAMPP/xamppfiles/htdocs/ss/app/routes.py", line 31, in index
    return render_template('index.html',
  File "/Applications/XAMPP/xamppfiles/htdocs/ss/venv/lib/python3.9/site-packages/flask/templating.py", line 149, in render_template
    template = app.jinja_env.get_or_select_template(template_name_or_list)
  File "/Applications/XAMPP/xamppfiles/htdocs/ss/venv/lib/python3.9/site-packages/jinja2/environment.py", line 1084, in get_or_select_template
    return self.get_template(template_name_or_list, parent, globals)
  File "/Applications/XAMPP/xamppfiles/htdocs/ss/venv/lib/python3.9/site-packages/jinja2/environment.py", line 1013, in get_template
    return self._load_template(name, globals)
  File "/Applications/XAMPP/xamppfiles/htdocs/ss/venv/lib/python3.9/site-packages/jinja2/environment.py", line 972, in _load_template
    template = self.loader.load(self, name, self.make_globals(globals))
  File "/Applications/XAMPP/xamppfiles/htdocs/ss/venv/lib/python3.9/site-packages/jinja2/loaders.py", line 126, in load
    source, filename, uptodate = self.get_source(environment, name)
  File "/Applications/XAMPP/xamppfiles/htdocs/ss/venv/lib/python3.9/site-packages/flask/templating.py", line 65, in get_source
    return self._get_source_fast(environment, template)
  File "/Applications/XAMPP/xamppfiles/htdocs/ss/venv/lib/python3.9/site-packages/flask/templating.py", line 99, in _get_source_fast
    raise TemplateNotFound(template)
jinja2.exceptions.TemplateNotFound: index.html
2024-11-14 17:09:12,955 - werkzeug - INFO - 127.0.0.1 - - [14/Nov/2024 17:09:12] "[32mGET / HTTP/1.1[0m" 302 -
2024-11-14 17:09:12,959 - app.routes - ERROR - Erro na rota index: index.html
Traceback (most recent call last):
  File "/Applications/XAMPP/xamppfiles/htdocs/ss/app/routes.py", line 31, in index
    return render_template('index.html',
  File "/Applications/XAMPP/xamppfiles/htdocs/ss/venv/lib/python3.9/site-packages/flask/templating.py", line 149, in render_template
    template = app.jinja_env.get_or_select_template(template_name_or_list)
  File "/Applications/XAMPP/xamppfiles/htdocs/ss/venv/lib/python3.9/site-packages/jinja2/environment.py", line 1084, in get_or_select_template
    return self.get_template(template_name_or_list, parent, globals)
  File "/Applications/XAMPP/xamppfiles/htdocs/ss/venv/lib/python3.9/site-packages/jinja2/environment.py", line 1013, in get_template
    return self._load_template(name, globals)
  File "/Applications/XAMPP/xamppfiles/htdocs/ss/venv/lib/python3.9/site-packages/jinja2/environment.py", line 972, in _load_template
    template = self.loader.load(self, name, self.make_globals(globals))
  File "/Applications/XAMPP/xamppfiles/htdocs/ss/venv/lib/python3.9/site-packages/jinja2/loaders.py", line 126, in load
    source, filename, uptodate = self.get_source(environment, name)
  File "/Applications/XAMPP/xamppfiles/htdocs/ss/venv/lib/python3.9/site-packages/flask/templating.py", line 65, in get_source
    return self._get_source_fast(environment, template)
  File "/Applications/XAMPP/xamppfiles/htdocs/ss/venv/lib/python3.9/site-packages/flask/templating.py", line 99, in _get_source_fast
    raise TemplateNotFound(template)
jinja2.exceptions.TemplateNotFound: index.html
2024-11-14 17:09:12,959 - werkzeug - INFO - 127.0.0.1 - - [14/Nov/2024 17:09:12] "[32mGET / HTTP/1.1[0m" 302 -
2024-11-14 17:09:12,963 - app.routes - ERROR - Erro na rota index: index.html
Traceback (most recent call last):
  File "/Applications/XAMPP/xamppfiles/htdocs/ss/app/routes.py", line 31, in index
    return render_template('index.html',
  File "/Applications/XAMPP/xamppfiles/htdocs/ss/venv/lib/python3.9/site-packages/flask/templating.py", line 149, in render_template
    template = app.jinja_env.get_or_select_template(template_name_or_list)
  File "/Applications/XAMPP/xamppfiles/htdocs/ss/venv/lib/python3.9/site-packages/jinja2/environment.py", line 1084, in get_or_select_template
    return self.get_template(template_name_or_list, parent, globals)
  File "/Applications/XAMPP/xamppfiles/htdocs/ss/venv/lib/python3.9/site-packages/jinja2/environment.py", line 1013, in get_template
    return self._load_template(name, globals)
  File "/Applications/XAMPP/xamppfiles/htdocs/ss/venv/lib/python3.9/site-packages/jinja2/environment.py", line 972, in _load_template
    template = self.loader.load(self, name, self.make_globals(globals))
  File "/Applications/XAMPP/xamppfiles/htdocs/ss/venv/lib/python3.9/site-packages/jinja2/loaders.py", line 126, in load
    source, filename, uptodate = self.get_source(environment, name)
  File "/Applications/XAMPP/xamppfiles/htdocs/ss/venv/lib/python3.9/site-packages/flask/templating.py", line 65, in get_source
    return self._get_source_fast(environment, template)
  File "/Applications/XAMPP/xamppfiles/htdocs/ss/venv/lib/python3.9/site-packages/flask/templating.py", line 99, in _get_source_fast
    raise TemplateNotFound(template)
jinja2.exceptions.TemplateNotFound: index.html
2024-11-14 17:09:12,964 - werkzeug - INFO - 127.0.0.1 - - [14/Nov/2024 17:09:12] "[32mGET / HTTP/1.1[0m" 302 -
2024-11-14 17:09:12,967 - app.routes - ERROR - Erro na rota index: index.html
Traceback (most recent call last):
  File "/Applications/XAMPP/xamppfiles/htdocs/ss/app/routes.py", line 31, in index
    return render_template('index.html',
  File "/Applications/XAMPP/xamppfiles/htdocs/ss/venv/lib/python3.9/site-packages/flask/templating.py", line 149, in render_template
    template = app.jinja_env.get_or_select_template(template_name_or_list)
  File "/Applications/XAMPP/xamppfiles/htdocs/ss/venv/lib/python3.9/site-packages/jinja2/environment.py", line 1084, in get_or_select_template
    return self.get_template(template_name_or_list, parent, globals)
  File "/Applications/XAMPP/xamppfiles/htdocs/ss/venv/lib/python3.9/site-packages/jinja2/environment.py", line 1013, in get_template
    return self._load_template(name, globals)
  File "/Applications/XAMPP/xamppfiles/htdocs/ss/venv/lib/python3.9/site-packages/jinja2/environment.py", line 972, in _load_template
    template = self.loader.load(self, name, self.make_globals(globals))
  File "/Applications/XAMPP/xamppfiles/htdocs/ss/venv/lib/python3.9/site-packages/jinja2/loaders.py", line 126, in load
    source, filename, uptodate = self.get_source(environment, name)
  File "/Applications/XAMPP/xamppfiles/htdocs/ss/venv/lib/python3.9/site-packages/flask/templating.py", line 65, in get_source
    return self._get_source_fast(environment, template)
  File "/Applications/XAMPP/xamppfiles/htdocs/ss/venv/lib/python3.9/site-packages/flask/templating.py", line 99, in _get_source_fast
    raise TemplateNotFound(template)
jinja2.exceptions.TemplateNotFound: index.html
2024-11-14 17:09:12,968 - werkzeug - INFO - 127.0.0.1 - - [14/Nov/2024 17:09:12] "[32mGET / HTTP/1.1[0m" 302 -
2024-11-14 17:09:12,971 - app.routes - ERROR - Erro na rota index: index.html
Traceback (most recent call last):
  File "/Applications/XAMPP/xamppfiles/htdocs/ss/app/routes.py", line 31, in index
    return render_template('index.html',
  File "/Applications/XAMPP/xamppfiles/htdocs/ss/venv/lib/python3.9/site-packages/flask/templating.py", line 149, in render_template
    template = app.jinja_env.get_or_select_template(template_name_or_list)
  File "/Applications/XAMPP/xamppfiles/htdocs/ss/venv/lib/python3.9/site-packages/jinja2/environment.py", line 1084, in get_or_select_template
    return self.get_template(template_name_or_list, parent, globals)
  File "/Applications/XAMPP/xamppfiles/htdocs/ss/venv/lib/python3.9/site-packages/jinja2/environment.py", line 1013, in get_template
    return self._load_template(name, globals)
  File "/Applications/XAMPP/xamppfiles/htdocs/ss/venv/lib/python3.9/site-packages/jinja2/environment.py", line 972, in _load_template
    template = self.loader.load(self, name, self.make_globals(globals))
  File "/Applications/XAMPP/xamppfiles/htdocs/ss/venv/lib/python3.9/site-packages/jinja2/loaders.py", line 126, in load
    source, filename, uptodate = self.get_source(environment, name)
  File "/Applications/XAMPP/xamppfiles/htdocs/ss/venv/lib/python3.9/site-packages/flask/templating.py", line 65, in get_source
    return self._get_source_fast(environment, template)
  File "/Applications/XAMPP/xamppfiles/htdocs/ss/venv/lib/python3.9/site-packages/flask/templating.py", line 99, in _get_source_fast
    raise TemplateNotFound(template)
jinja2.exceptions.TemplateNotFound: index.html
2024-11-14 17:09:12,971 - werkzeug - INFO - 127.0.0.1 - - [14/Nov/2024 17:09:12] "[32mGET / HTTP/1.1[0m" 302 -
2024-11-14 17:09:12,974 - app.routes - ERROR - Erro na rota index: index.html
Traceback (most recent call last):
  File "/Applications/XAMPP/xamppfiles/htdocs/ss/app/routes.py", line 31, in index
    return render_template('index.html',
  File "/Applications/XAMPP/xamppfiles/htdocs/ss/venv/lib/python3.9/site-packages/flask/templating.py", line 149, in render_template
    template = app.jinja_env.get_or_select_template(template_name_or_list)
  File "/Applications/XAMPP/xamppfiles/htdocs/ss/venv/lib/python3.9/site-packages/jinja2/environment.py", line 1084, in get_or_select_template
    return self.get_template(template_name_or_list, parent, globals)
  File "/Applications/XAMPP/xamppfiles/htdocs/ss/venv/lib/python3.9/site-packages/jinja2/environment.py", line 1013, in get_template
    return self._load_template(name, globals)
  File "/Applications/XAMPP/xamppfiles/htdocs/ss/venv/lib/python3.9/site-packages/jinja2/environment.py", line 972, in _load_template
    template = self.loader.load(self, name, self.make_globals(globals))
  File "/Applications/XAMPP/xamppfiles/htdocs/ss/venv/lib/python3.9/site-packages/jinja2/loaders.py", line 126, in load
    source, filename, uptodate = self.get_source(environment, name)
  File "/Applications/XAMPP/xamppfiles/htdocs/ss/venv/lib/python3.9/site-packages/flask/templating.py", line 65, in get_source
    return self._get_source_fast(environment, template)
  File "/Applications/XAMPP/xamppfiles/htdocs/ss/venv/lib/python3.9/site-packages/flask/templating.py", line 99, in _get_source_fast
    raise TemplateNotFound(template)
jinja2.exceptions.TemplateNotFound: index.html
2024-11-14 17:09:12,974 - werkzeug - INFO - 127.0.0.1 - - [14/Nov/2024 17:09:12] "[32mGET / HTTP/1.1[0m" 302 -
2024-11-14 17:09:12,977 - app.routes - ERROR - Erro na rota index: index.html
Traceback (most recent call last):
  File "/Applications/XAMPP/xamppfiles/htdocs/ss/app/routes.py", line 31, in index
    return render_template('index.html',
  File "/Applications/XAMPP/xamppfiles/htdocs/ss/venv/lib/python3.9/site-packages/flask/templating.py", line 149, in render_template
    template = app.jinja_env.get_or_select_template(template_name_or_list)
  File "/Applications/XAMPP/xamppfiles/htdocs/ss/venv/lib/python3.9/site-packages/jinja2/environment.py", line 1084, in get_or_select_template
    return self.get_template(template_name_or_list, parent, globals)
  File "/Applications/XAMPP/xamppfiles/htdocs/ss/venv/lib/python3.9/site-packages/jinja2/environment.py", line 1013, in get_template
    return self._load_template(name, globals)
  File "/Applications/XAMPP/xamppfiles/htdocs/ss/venv/lib/python3.9/site-packages/jinja2/environment.py", line 972, in _load_template
    template = self.loader.load(self, name, self.make_globals(globals))
  File "/Applications/XAMPP/xamppfiles/htdocs/ss/venv/lib/python3.9/site-packages/jinja2/loaders.py", line 126, in load
    source, filename, uptodate = self.get_source(environment, name)
  File "/Applications/XAMPP/xamppfiles/htdocs/ss/venv/lib/python3.9/site-packages/flask/templating.py", line 65, in get_source
    return self._get_source_fast(environment, template)
  File "/Applications/XAMPP/xamppfiles/htdocs/ss/venv/lib/python3.9/site-packages/flask/templating.py", line 99, in _get_source_fast
    raise TemplateNotFound(template)
jinja2.exceptions.TemplateNotFound: index.html
2024-11-14 17:09:12,977 - werkzeug - INFO - 127.0.0.1 - - [14/Nov/2024 17:09:12] "[32mGET / HTTP/1.1[0m" 302 -
2024-11-14 17:09:12,981 - app.routes - ERROR - Erro na rota index: index.html
Traceback (most recent call last):
  File "/Applications/XAMPP/xamppfiles/htdocs/ss/app/routes.py", line 31, in index
    return render_template('index.html',
  File "/Applications/XAMPP/xamppfiles/htdocs/ss/venv/lib/python3.9/site-packages/flask/templating.py", line 149, in render_template
    template = app.jinja_env.get_or_select_template(template_name_or_list)
  File "/Applications/XAMPP/xamppfiles/htdocs/ss/venv/lib/python3.9/site-packages/jinja2/environment.py", line 1084, in get_or_select_template
    return self.get_template(template_name_or_list, parent, globals)
  File "/Applications/XAMPP/xamppfiles/htdocs/ss/venv/lib/python3.9/site-packages/jinja2/environment.py", line 1013, in get_template
    return self._load_template(name, globals)
  File "/Applications/XAMPP/xamppfiles/htdocs/ss/venv/lib/python3.9/site-packages/jinja2/environment.py", line 972, in _load_template
    template = self.loader.load(self, name, self.make_globals(globals))
  File "/Applications/XAMPP/xamppfiles/htdocs/ss/venv/lib/python3.9/site-packages/jinja2/loaders.py", line 126, in load
    source, filename, uptodate = self.get_source(environment, name)
  File "/Applications/XAMPP/xamppfiles/htdocs/ss/venv/lib/python3.9/site-packages/flask/templating.py", line 65, in get_source
    return self._get_source_fast(environment, template)
  File "/Applications/XAMPP/xamppfiles/htdocs/ss/venv/lib/python3.9/site-packages/flask/templating.py", line 99, in _get_source_fast
    raise TemplateNotFound(template)
jinja2.exceptions.TemplateNotFound: index.html
2024-11-14 17:09:12,981 - werkzeug - INFO - 127.0.0.1 - - [14/Nov/2024 17:09:12] "[32mGET / HTTP/1.1[0m" 302 -
2024-11-14 17:09:12,984 - app.routes - ERROR - Erro na rota index: index.html
Traceback (most recent call last):
  File "/Applications/XAMPP/xamppfiles/htdocs/ss/app/routes.py", line 31, in index
    return render_template('index.html',
  File "/Applications/XAMPP/xamppfiles/htdocs/ss/venv/lib/python3.9/site-packages/flask/templating.py", line 149, in render_template
    template = app.jinja_env.get_or_select_template(template_name_or_list)
  File "/Applications/XAMPP/xamppfiles/htdocs/ss/venv/lib/python3.9/site-packages/jinja2/environment.py", line 1084, in get_or_select_template
    return self.get_template(template_name_or_list, parent, globals)
  File "/Applications/XAMPP/xamppfiles/htdocs/ss/venv/lib/python3.9/site-packages/jinja2/environment.py", line 1013, in get_template
    return self._load_template(name, globals)
  File "/Applications/XAMPP/xamppfiles/htdocs/ss/venv/lib/python3.9/site-packages/jinja2/environment.py", line 972, in _load_template
    template = self.loader.load(self, name, self.make_globals(globals))
  File "/Applications/XAMPP/xamppfiles/htdocs/ss/venv/lib/python3.9/site-packages/jinja2/loaders.py", line 126, in load
    source, filename, uptodate = self.get_source(environment, name)
  File "/Applications/XAMPP/xamppfiles/htdocs/ss/venv/lib/python3.9/site-packages/flask/templating.py", line 65, in get_source
    return self._get_source_fast(environment, template)
  File "/Applications/XAMPP/xamppfiles/htdocs/ss/venv/lib/python3.9/site-packages/flask/templating.py", line 99, in _get_source_fast
    raise TemplateNotFound(template)
jinja2.exceptions.TemplateNotFound: index.html
2024-11-14 17:09:12,984 - werkzeug - INFO - 127.0.0.1 - - [14/Nov/2024 17:09:12] "[32mGET / HTTP/1.1[0m" 302 -
2024-11-14 17:09:12,987 - app.routes - ERROR - Erro na rota index: index.html
Traceback (most recent call last):
  File "/Applications/XAMPP/xamppfiles/htdocs/ss/app/routes.py", line 31, in index
    return render_template('index.html',
  File "/Applications/XAMPP/xamppfiles/htdocs/ss/venv/lib/python3.9/site-packages/flask/templating.py", line 149, in render_template
    template = app.jinja_env.get_or_select_template(template_name_or_list)
  File "/Applications/XAMPP/xamppfiles/htdocs/ss/venv/lib/python3.9/site-packages/jinja2/environment.py", line 1084, in get_or_select_template
    return self.get_template(template_name_or_list, parent, globals)
  File "/Applications/XAMPP/xamppfiles/htdocs/ss/venv/lib/python3.9/site-packages/jinja2/environment.py", line 1013, in get_template
    return self._load_template(name, globals)
  File "/Applications/XAMPP/xamppfiles/htdocs/ss/venv/lib/python3.9/site-packages/jinja2/environment.py", line 972, in _load_template
    template = self.loader.load(self, name, self.make_globals(globals))
  File "/Applications/XAMPP/xamppfiles/htdocs/ss/venv/lib/python3.9/site-packages/jinja2/loaders.py", line 126, in load
    source, filename, uptodate = self.get_source(environment, name)
  File "/Applications/XAMPP/xamppfiles/htdocs/ss/venv/lib/python3.9/site-packages/flask/templating.py", line 65, in get_source
    return self._get_source_fast(environment, template)
  File "/Applications/XAMPP/xamppfiles/htdocs/ss/venv/lib/python3.9/site-packages/flask/templating.py", line 99, in _get_source_fast
    raise TemplateNotFound(template)
jinja2.exceptions.TemplateNotFound: index.html
2024-11-14 17:09:12,988 - werkzeug - INFO - 127.0.0.1 - - [14/Nov/2024 17:09:12] "[32mGET / HTTP/1.1[0m" 302 -
2024-11-14 17:09:12,990 - app.routes - ERROR - Erro na rota index: index.html
Traceback (most recent call last):
  File "/Applications/XAMPP/xamppfiles/htdocs/ss/app/routes.py", line 31, in index
    return render_template('index.html',
  File "/Applications/XAMPP/xamppfiles/htdocs/ss/venv/lib/python3.9/site-packages/flask/templating.py", line 149, in render_template
    template = app.jinja_env.get_or_select_template(template_name_or_list)
  File "/Applications/XAMPP/xamppfiles/htdocs/ss/venv/lib/python3.9/site-packages/jinja2/environment.py", line 1084, in get_or_select_template
    return self.get_template(template_name_or_list, parent, globals)
  File "/Applications/XAMPP/xamppfiles/htdocs/ss/venv/lib/python3.9/site-packages/jinja2/environment.py", line 1013, in get_template
    return self._load_template(name, globals)
  File "/Applications/XAMPP/xamppfiles/htdocs/ss/venv/lib/python3.9/site-packages/jinja2/environment.py", line 972, in _load_template
    template = self.loader.load(self, name, self.make_globals(globals))
  File "/Applications/XAMPP/xamppfiles/htdocs/ss/venv/lib/python3.9/site-packages/jinja2/loaders.py", line 126, in load
    source, filename, uptodate = self.get_source(environment, name)
  File "/Applications/XAMPP/xamppfiles/htdocs/ss/venv/lib/python3.9/site-packages/flask/templating.py", line 65, in get_source
    return self._get_source_fast(environment, template)
  File "/Applications/XAMPP/xamppfiles/htdocs/ss/venv/lib/python3.9/site-packages/flask/templating.py", line 99, in _get_source_fast
    raise TemplateNotFound(template)
jinja2.exceptions.TemplateNotFound: index.html
2024-11-14 17:09:12,991 - werkzeug - INFO - 127.0.0.1 - - [14/Nov/2024 17:09:12] "[32mGET / HTTP/1.1[0m" 302 -
2024-11-14 17:09:12,994 - app.routes - ERROR - Erro na rota index: index.html
Traceback (most recent call last):
  File "/Applications/XAMPP/xamppfiles/htdocs/ss/app/routes.py", line 31, in index
    return render_template('index.html',
  File "/Applications/XAMPP/xamppfiles/htdocs/ss/venv/lib/python3.9/site-packages/flask/templating.py", line 149, in render_template
    template = app.jinja_env.get_or_select_template(template_name_or_list)
  File "/Applications/XAMPP/xamppfiles/htdocs/ss/venv/lib/python3.9/site-packages/jinja2/environment.py", line 1084, in get_or_select_template
    return self.get_template(template_name_or_list, parent, globals)
  File "/Applications/XAMPP/xamppfiles/htdocs/ss/venv/lib/python3.9/site-packages/jinja2/environment.py", line 1013, in get_template
    return self._load_template(name, globals)
  File "/Applications/XAMPP/xamppfiles/htdocs/ss/venv/lib/python3.9/site-packages/jinja2/environment.py", line 972, in _load_template
    template = self.loader.load(self, name, self.make_globals(globals))
  File "/Applications/XAMPP/xamppfiles/htdocs/ss/venv/lib/python3.9/site-packages/jinja2/loaders.py", line 126, in load
    source, filename, uptodate = self.get_source(environment, name)
  File "/Applications/XAMPP/xamppfiles/htdocs/ss/venv/lib/python3.9/site-packages/flask/templating.py", line 65, in get_source
    return self._get_source_fast(environment, template)
  File "/Applications/XAMPP/xamppfiles/htdocs/ss/venv/lib/python3.9/site-packages/flask/templating.py", line 99, in _get_source_fast
    raise TemplateNotFound(template)
jinja2.exceptions.TemplateNotFound: index.html
2024-11-14 17:09:12,994 - werkzeug - INFO - 127.0.0.1 - - [14/Nov/2024 17:09:12] "[32mGET / HTTP/1.1[0m" 302 -
2024-11-14 17:09:12,997 - app.routes - ERROR - Erro na rota index: index.html
Traceback (most recent call last):
  File "/Applications/XAMPP/xamppfiles/htdocs/ss/app/routes.py", line 31, in index
    return render_template('index.html',
  File "/Applications/XAMPP/xamppfiles/htdocs/ss/venv/lib/python3.9/site-packages/flask/templating.py", line 149, in render_template
    template = app.jinja_env.get_or_select_template(template_name_or_list)
  File "/Applications/XAMPP/xamppfiles/htdocs/ss/venv/lib/python3.9/site-packages/jinja2/environment.py", line 1084, in get_or_select_template
    return self.get_template(template_name_or_list, parent, globals)
  File "/Applications/XAMPP/xamppfiles/htdocs/ss/venv/lib/python3.9/site-packages/jinja2/environment.py", line 1013, in get_template
    return self._load_template(name, globals)
  File "/Applications/XAMPP/xamppfiles/htdocs/ss/venv/lib/python3.9/site-packages/jinja2/environment.py", line 972, in _load_template
    template = self.loader.load(self, name, self.make_globals(globals))
  File "/Applications/XAMPP/xamppfiles/htdocs/ss/venv/lib/python3.9/site-packages/jinja2/loaders.py", line 126, in load
    source, filename, uptodate = self.get_source(environment, name)
  File "/Applications/XAMPP/xamppfiles/htdocs/ss/venv/lib/python3.9/site-packages/flask/templating.py", line 65, in get_source
    return self._get_source_fast(environment, template)
  File "/Applications/XAMPP/xamppfiles/htdocs/ss/venv/lib/python3.9/site-packages/flask/templating.py", line 99, in _get_source_fast
    raise TemplateNotFound(template)
jinja2.exceptions.TemplateNotFound: index.html
2024-11-14 17:09:12,997 - werkzeug - INFO - 127.0.0.1 - - [14/Nov/2024 17:09:12] "[32mGET / HTTP/1.1[0m" 302 -
2024-11-14 17:09:12,999 - app.routes - ERROR - Erro na rota index: index.html
Traceback (most recent call last):
  File "/Applications/XAMPP/xamppfiles/htdocs/ss/app/routes.py", line 31, in index
    return render_template('index.html',
  File "/Applications/XAMPP/xamppfiles/htdocs/ss/venv/lib/python3.9/site-packages/flask/templating.py", line 149, in render_template
    template = app.jinja_env.get_or_select_template(template_name_or_list)
  File "/Applications/XAMPP/xamppfiles/htdocs/ss/venv/lib/python3.9/site-packages/jinja2/environment.py", line 1084, in get_or_select_template
    return self.get_template(template_name_or_list, parent, globals)
  File "/Applications/XAMPP/xamppfiles/htdocs/ss/venv/lib/python3.9/site-packages/jinja2/environment.py", line 1013, in get_template
    return self._load_template(name, globals)
  File "/Applications/XAMPP/xamppfiles/htdocs/ss/venv/lib/python3.9/site-packages/jinja2/environment.py", line 972, in _load_template
    template = self.loader.load(self, name, self.make_globals(globals))
  File "/Applications/XAMPP/xamppfiles/htdocs/ss/venv/lib/python3.9/site-packages/jinja2/loaders.py", line 126, in load
    source, filename, uptodate = self.get_source(environment, name)
  File "/Applications/XAMPP/xamppfiles/htdocs/ss/venv/lib/python3.9/site-packages/flask/templating.py", line 65, in get_source
    return self._get_source_fast(environment, template)
  File "/Applications/XAMPP/xamppfiles/htdocs/ss/venv/lib/python3.9/site-packages/flask/templating.py", line 99, in _get_source_fast
    raise TemplateNotFound(template)
jinja2.exceptions.TemplateNotFound: index.html
2024-11-14 17:09:13,000 - werkzeug - INFO - 127.0.0.1 - - [14/Nov/2024 17:09:13] "[32mGET / HTTP/1.1[0m" 302 -
2024-11-14 17:09:13,002 - app.routes - ERROR - Erro na rota index: index.html
Traceback (most recent call last):
  File "/Applications/XAMPP/xamppfiles/htdocs/ss/app/routes.py", line 31, in index
    return render_template('index.html',
  File "/Applications/XAMPP/xamppfiles/htdocs/ss/venv/lib/python3.9/site-packages/flask/templating.py", line 149, in render_template
    template = app.jinja_env.get_or_select_template(template_name_or_list)
  File "/Applications/XAMPP/xamppfiles/htdocs/ss/venv/lib/python3.9/site-packages/jinja2/environment.py", line 1084, in get_or_select_template
    return self.get_template(template_name_or_list, parent, globals)
  File "/Applications/XAMPP/xamppfiles/htdocs/ss/venv/lib/python3.9/site-packages/jinja2/environment.py", line 1013, in get_template
    return self._load_template(name, globals)
  File "/Applications/XAMPP/xamppfiles/htdocs/ss/venv/lib/python3.9/site-packages/jinja2/environment.py", line 972, in _load_template
    template = self.loader.load(self, name, self.make_globals(globals))
  File "/Applications/XAMPP/xamppfiles/htdocs/ss/venv/lib/python3.9/site-packages/jinja2/loaders.py", line 126, in load
    source, filename, uptodate = self.get_source(environment, name)
  File "/Applications/XAMPP/xamppfiles/htdocs/ss/venv/lib/python3.9/site-packages/flask/templating.py", line 65, in get_source
    return self._get_source_fast(environment, template)
  File "/Applications/XAMPP/xamppfiles/htdocs/ss/venv/lib/python3.9/site-packages/flask/templating.py", line 99, in _get_source_fast
    raise TemplateNotFound(template)
jinja2.exceptions.TemplateNotFound: index.html
2024-11-14 17:09:13,002 - werkzeug - INFO - 127.0.0.1 - - [14/Nov/2024 17:09:13] "[32mGET / HTTP/1.1[0m" 302 -
2024-11-14 17:09:13,004 - app.routes - ERROR - Erro na rota index: index.html
Traceback (most recent call last):
  File "/Applications/XAMPP/xamppfiles/htdocs/ss/app/routes.py", line 31, in index
    return render_template('index.html',
  File "/Applications/XAMPP/xamppfiles/htdocs/ss/venv/lib/python3.9/site-packages/flask/templating.py", line 149, in render_template
    template = app.jinja_env.get_or_select_template(template_name_or_list)
  File "/Applications/XAMPP/xamppfiles/htdocs/ss/venv/lib/python3.9/site-packages/jinja2/environment.py", line 1084, in get_or_select_template
    return self.get_template(template_name_or_list, parent, globals)
  File "/Applications/XAMPP/xamppfiles/htdocs/ss/venv/lib/python3.9/site-packages/jinja2/environment.py", line 1013, in get_template
    return self._load_template(name, globals)
  File "/Applications/XAMPP/xamppfiles/htdocs/ss/venv/lib/python3.9/site-packages/jinja2/environment.py", line 972, in _load_template
    template = self.loader.load(self, name, self.make_globals(globals))
  File "/Applications/XAMPP/xamppfiles/htdocs/ss/venv/lib/python3.9/site-packages/jinja2/loaders.py", line 126, in load
    source, filename, uptodate = self.get_source(environment, name)
  File "/Applications/XAMPP/xamppfiles/htdocs/ss/venv/lib/python3.9/site-packages/flask/templating.py", line 65, in get_source
    return self._get_source_fast(environment, template)
  File "/Applications/XAMPP/xamppfiles/htdocs/ss/venv/lib/python3.9/site-packages/flask/templating.py", line 99, in _get_source_fast
    raise TemplateNotFound(template)
jinja2.exceptions.TemplateNotFound: index.html
2024-11-14 17:09:13,005 - werkzeug - INFO - 127.0.0.1 - - [14/Nov/2024 17:09:13] "[32mGET / HTTP/1.1[0m" 302 -
2024-11-14 17:09:36,882 - app.routes - ERROR - Erro na rota index: index.html
Traceback (most recent call last):
  File "/Applications/XAMPP/xamppfiles/htdocs/ss/app/routes.py", line 31, in index
    return render_template('index.html',
  File "/Applications/XAMPP/xamppfiles/htdocs/ss/venv/lib/python3.9/site-packages/flask/templating.py", line 149, in render_template
    template = app.jinja_env.get_or_select_template(template_name_or_list)
  File "/Applications/XAMPP/xamppfiles/htdocs/ss/venv/lib/python3.9/site-packages/jinja2/environment.py", line 1084, in get_or_select_template
    return self.get_template(template_name_or_list, parent, globals)
  File "/Applications/XAMPP/xamppfiles/htdocs/ss/venv/lib/python3.9/site-packages/jinja2/environment.py", line 1013, in get_template
    return self._load_template(name, globals)
  File "/Applications/XAMPP/xamppfiles/htdocs/ss/venv/lib/python3.9/site-packages/jinja2/environment.py", line 972, in _load_template
    template = self.loader.load(self, name, self.make_globals(globals))
  File "/Applications/XAMPP/xamppfiles/htdocs/ss/venv/lib/python3.9/site-packages/jinja2/loaders.py", line 126, in load
    source, filename, uptodate = self.get_source(environment, name)
  File "/Applications/XAMPP/xamppfiles/htdocs/ss/venv/lib/python3.9/site-packages/flask/templating.py", line 65, in get_source
    return self._get_source_fast(environment, template)
  File "/Applications/XAMPP/xamppfiles/htdocs/ss/venv/lib/python3.9/site-packages/flask/templating.py", line 99, in _get_source_fast
    raise TemplateNotFound(template)
jinja2.exceptions.TemplateNotFound: index.html
2024-11-14 17:09:36,884 - werkzeug - INFO - 127.0.0.1 - - [14/Nov/2024 17:09:36] "[32mGET / HTTP/1.1[0m" 302 -
2024-11-14 17:09:36,895 - app.routes - ERROR - Erro na rota index: index.html
Traceback (most recent call last):
  File "/Applications/XAMPP/xamppfiles/htdocs/ss/app/routes.py", line 31, in index
    return render_template('index.html',
  File "/Applications/XAMPP/xamppfiles/htdocs/ss/venv/lib/python3.9/site-packages/flask/templating.py", line 149, in render_template
    template = app.jinja_env.get_or_select_template(template_name_or_list)
  File "/Applications/XAMPP/xamppfiles/htdocs/ss/venv/lib/python3.9/site-packages/jinja2/environment.py", line 1084, in get_or_select_template
    return self.get_template(template_name_or_list, parent, globals)
  File "/Applications/XAMPP/xamppfiles/htdocs/ss/venv/lib/python3.9/site-packages/jinja2/environment.py", line 1013, in get_template
    return self._load_template(name, globals)
  File "/Applications/XAMPP/xamppfiles/htdocs/ss/venv/lib/python3.9/site-packages/jinja2/environment.py", line 972, in _load_template
    template = self.loader.load(self, name, self.make_globals(globals))
  File "/Applications/XAMPP/xamppfiles/htdocs/ss/venv/lib/python3.9/site-packages/jinja2/loaders.py", line 126, in load
    source, filename, uptodate = self.get_source(environment, name)
  File "/Applications/XAMPP/xamppfiles/htdocs/ss/venv/lib/python3.9/site-packages/flask/templating.py", line 65, in get_source
    return self._get_source_fast(environment, template)
  File "/Applications/XAMPP/xamppfiles/htdocs/ss/venv/lib/python3.9/site-packages/flask/templating.py", line 99, in _get_source_fast
    raise TemplateNotFound(template)
jinja2.exceptions.TemplateNotFound: index.html
2024-11-14 17:09:36,897 - werkzeug - INFO - 127.0.0.1 - - [14/Nov/2024 17:09:36] "[32mGET / HTTP/1.1[0m" 302 -
2024-11-14 17:09:36,904 - app.routes - ERROR - Erro na rota index: index.html
Traceback (most recent call last):
  File "/Applications/XAMPP/xamppfiles/htdocs/ss/app/routes.py", line 31, in index
    return render_template('index.html',
  File "/Applications/XAMPP/xamppfiles/htdocs/ss/venv/lib/python3.9/site-packages/flask/templating.py", line 149, in render_template
    template = app.jinja_env.get_or_select_template(template_name_or_list)
  File "/Applications/XAMPP/xamppfiles/htdocs/ss/venv/lib/python3.9/site-packages/jinja2/environment.py", line 1084, in get_or_select_template
    return self.get_template(template_name_or_list, parent, globals)
  File "/Applications/XAMPP/xamppfiles/htdocs/ss/venv/lib/python3.9/site-packages/jinja2/environment.py", line 1013, in get_template
    return self._load_template(name, globals)
  File "/Applications/XAMPP/xamppfiles/htdocs/ss/venv/lib/python3.9/site-packages/jinja2/environment.py", line 972, in _load_template
    template = self.loader.load(self, name, self.make_globals(globals))
  File "/Applications/XAMPP/xamppfiles/htdocs/ss/venv/lib/python3.9/site-packages/jinja2/loaders.py", line 126, in load
    source, filename, uptodate = self.get_source(environment, name)
  File "/Applications/XAMPP/xamppfiles/htdocs/ss/venv/lib/python3.9/site-packages/flask/templating.py", line 65, in get_source
    return self._get_source_fast(environment, template)
  File "/Applications/XAMPP/xamppfiles/htdocs/ss/venv/lib/python3.9/site-packages/flask/templating.py", line 99, in _get_source_fast
    raise TemplateNotFound(template)
jinja2.exceptions.TemplateNotFound: index.html
2024-11-14 17:09:36,905 - werkzeug - INFO - 127.0.0.1 - - [14/Nov/2024 17:09:36] "[32mGET / HTTP/1.1[0m" 302 -
2024-11-14 17:09:36,912 - app.routes - ERROR - Erro na rota index: index.html
Traceback (most recent call last):
  File "/Applications/XAMPP/xamppfiles/htdocs/ss/app/routes.py", line 31, in index
    return render_template('index.html',
  File "/Applications/XAMPP/xamppfiles/htdocs/ss/venv/lib/python3.9/site-packages/flask/templating.py", line 149, in render_template
    template = app.jinja_env.get_or_select_template(template_name_or_list)
  File "/Applications/XAMPP/xamppfiles/htdocs/ss/venv/lib/python3.9/site-packages/jinja2/environment.py", line 1084, in get_or_select_template
    return self.get_template(template_name_or_list, parent, globals)
  File "/Applications/XAMPP/xamppfiles/htdocs/ss/venv/lib/python3.9/site-packages/jinja2/environment.py", line 1013, in get_template
    return self._load_template(name, globals)
  File "/Applications/XAMPP/xamppfiles/htdocs/ss/venv/lib/python3.9/site-packages/jinja2/environment.py", line 972, in _load_template
    template = self.loader.load(self, name, self.make_globals(globals))
  File "/Applications/XAMPP/xamppfiles/htdocs/ss/venv/lib/python3.9/site-packages/jinja2/loaders.py", line 126, in load
    source, filename, uptodate = self.get_source(environment, name)
  File "/Applications/XAMPP/xamppfiles/htdocs/ss/venv/lib/python3.9/site-packages/flask/templating.py", line 65, in get_source
    return self._get_source_fast(environment, template)
  File "/Applications/XAMPP/xamppfiles/htdocs/ss/venv/lib/python3.9/site-packages/flask/templating.py", line 99, in _get_source_fast
    raise TemplateNotFound(template)
jinja2.exceptions.TemplateNotFound: index.html
2024-11-14 17:09:36,913 - werkzeug - INFO - 127.0.0.1 - - [14/Nov/2024 17:09:36] "[32mGET / HTTP/1.1[0m" 302 -
2024-11-14 17:09:36,919 - app.routes - ERROR - Erro na rota index: index.html
Traceback (most recent call last):
  File "/Applications/XAMPP/xamppfiles/htdocs/ss/app/routes.py", line 31, in index
    return render_template('index.html',
  File "/Applications/XAMPP/xamppfiles/htdocs/ss/venv/lib/python3.9/site-packages/flask/templating.py", line 149, in render_template
    template = app.jinja_env.get_or_select_template(template_name_or_list)
  File "/Applications/XAMPP/xamppfiles/htdocs/ss/venv/lib/python3.9/site-packages/jinja2/environment.py", line 1084, in get_or_select_template
    return self.get_template(template_name_or_list, parent, globals)
  File "/Applications/XAMPP/xamppfiles/htdocs/ss/venv/lib/python3.9/site-packages/jinja2/environment.py", line 1013, in get_template
    return self._load_template(name, globals)
  File "/Applications/XAMPP/xamppfiles/htdocs/ss/venv/lib/python3.9/site-packages/jinja2/environment.py", line 972, in _load_template
    template = self.loader.load(self, name, self.make_globals(globals))
  File "/Applications/XAMPP/xamppfiles/htdocs/ss/venv/lib/python3.9/site-packages/jinja2/loaders.py", line 126, in load
    source, filename, uptodate = self.get_source(environment, name)
  File "/Applications/XAMPP/xamppfiles/htdocs/ss/venv/lib/python3.9/site-packages/flask/templating.py", line 65, in get_source
    return self._get_source_fast(environment, template)
  File "/Applications/XAMPP/xamppfiles/htdocs/ss/venv/lib/python3.9/site-packages/flask/templating.py", line 99, in _get_source_fast
    raise TemplateNotFound(template)
jinja2.exceptions.TemplateNotFound: index.html
2024-11-14 17:09:36,920 - werkzeug - INFO - 127.0.0.1 - - [14/Nov/2024 17:09:36] "[32mGET / HTTP/1.1[0m" 302 -
2024-11-14 17:09:36,925 - app.routes - ERROR - Erro na rota index: index.html
Traceback (most recent call last):
  File "/Applications/XAMPP/xamppfiles/htdocs/ss/app/routes.py", line 31, in index
    return render_template('index.html',
  File "/Applications/XAMPP/xamppfiles/htdocs/ss/venv/lib/python3.9/site-packages/flask/templating.py", line 149, in render_template
    template = app.jinja_env.get_or_select_template(template_name_or_list)
  File "/Applications/XAMPP/xamppfiles/htdocs/ss/venv/lib/python3.9/site-packages/jinja2/environment.py", line 1084, in get_or_select_template
    return self.get_template(template_name_or_list, parent, globals)
  File "/Applications/XAMPP/xamppfiles/htdocs/ss/venv/lib/python3.9/site-packages/jinja2/environment.py", line 1013, in get_template
    return self._load_template(name, globals)
  File "/Applications/XAMPP/xamppfiles/htdocs/ss/venv/lib/python3.9/site-packages/jinja2/environment.py", line 972, in _load_template
    template = self.loader.load(self, name, self.make_globals(globals))
  File "/Applications/XAMPP/xamppfiles/htdocs/ss/venv/lib/python3.9/site-packages/jinja2/loaders.py", line 126, in load
    source, filename, uptodate = self.get_source(environment, name)
  File "/Applications/XAMPP/xamppfiles/htdocs/ss/venv/lib/python3.9/site-packages/flask/templating.py", line 65, in get_source
    return self._get_source_fast(environment, template)
  File "/Applications/XAMPP/xamppfiles/htdocs/ss/venv/lib/python3.9/site-packages/flask/templating.py", line 99, in _get_source_fast
    raise TemplateNotFound(template)
jinja2.exceptions.TemplateNotFound: index.html
2024-11-14 17:09:36,926 - werkzeug - INFO - 127.0.0.1 - - [14/Nov/2024 17:09:36] "[32mGET / HTTP/1.1[0m" 302 -
2024-11-14 17:09:36,932 - app.routes - ERROR - Erro na rota index: index.html
Traceback (most recent call last):
  File "/Applications/XAMPP/xamppfiles/htdocs/ss/app/routes.py", line 31, in index
    return render_template('index.html',
  File "/Applications/XAMPP/xamppfiles/htdocs/ss/venv/lib/python3.9/site-packages/flask/templating.py", line 149, in render_template
    template = app.jinja_env.get_or_select_template(template_name_or_list)
  File "/Applications/XAMPP/xamppfiles/htdocs/ss/venv/lib/python3.9/site-packages/jinja2/environment.py", line 1084, in get_or_select_template
    return self.get_template(template_name_or_list, parent, globals)
  File "/Applications/XAMPP/xamppfiles/htdocs/ss/venv/lib/python3.9/site-packages/jinja2/environment.py", line 1013, in get_template
    return self._load_template(name, globals)
  File "/Applications/XAMPP/xamppfiles/htdocs/ss/venv/lib/python3.9/site-packages/jinja2/environment.py", line 972, in _load_template
    template = self.loader.load(self, name, self.make_globals(globals))
  File "/Applications/XAMPP/xamppfiles/htdocs/ss/venv/lib/python3.9/site-packages/jinja2/loaders.py", line 126, in load
    source, filename, uptodate = self.get_source(environment, name)
  File "/Applications/XAMPP/xamppfiles/htdocs/ss/venv/lib/python3.9/site-packages/flask/templating.py", line 65, in get_source
    return self._get_source_fast(environment, template)
  File "/Applications/XAMPP/xamppfiles/htdocs/ss/venv/lib/python3.9/site-packages/flask/templating.py", line 99, in _get_source_fast
    raise TemplateNotFound(template)
jinja2.exceptions.TemplateNotFound: index.html
2024-11-14 17:09:36,933 - werkzeug - INFO - 127.0.0.1 - - [14/Nov/2024 17:09:36] "[32mGET / HTTP/1.1[0m" 302 -
2024-11-14 17:09:36,939 - app.routes - ERROR - Erro na rota index: index.html
Traceback (most recent call last):
  File "/Applications/XAMPP/xamppfiles/htdocs/ss/app/routes.py", line 31, in index
    return render_template('index.html',
  File "/Applications/XAMPP/xamppfiles/htdocs/ss/venv/lib/python3.9/site-packages/flask/templating.py", line 149, in render_template
    template = app.jinja_env.get_or_select_template(template_name_or_list)
  File "/Applications/XAMPP/xamppfiles/htdocs/ss/venv/lib/python3.9/site-packages/jinja2/environment.py", line 1084, in get_or_select_template
    return self.get_template(template_name_or_list, parent, globals)
  File "/Applications/XAMPP/xamppfiles/htdocs/ss/venv/lib/python3.9/site-packages/jinja2/environment.py", line 1013, in get_template
    return self._load_template(name, globals)
  File "/Applications/XAMPP/xamppfiles/htdocs/ss/venv/lib/python3.9/site-packages/jinja2/environment.py", line 972, in _load_template
    template = self.loader.load(self, name, self.make_globals(globals))
  File "/Applications/XAMPP/xamppfiles/htdocs/ss/venv/lib/python3.9/site-packages/jinja2/loaders.py", line 126, in load
    source, filename, uptodate = self.get_source(environment, name)
  File "/Applications/XAMPP/xamppfiles/htdocs/ss/venv/lib/python3.9/site-packages/flask/templating.py", line 65, in get_source
    return self._get_source_fast(environment, template)
  File "/Applications/XAMPP/xamppfiles/htdocs/ss/venv/lib/python3.9/site-packages/flask/templating.py", line 99, in _get_source_fast
    raise TemplateNotFound(template)
jinja2.exceptions.TemplateNotFound: index.html
2024-11-14 17:09:36,940 - werkzeug - INFO - 127.0.0.1 - - [14/Nov/2024 17:09:36] "[32mGET / HTTP/1.1[0m" 302 -
2024-11-14 17:09:36,945 - app.routes - ERROR - Erro na rota index: index.html
Traceback (most recent call last):
  File "/Applications/XAMPP/xamppfiles/htdocs/ss/app/routes.py", line 31, in index
    return render_template('index.html',
  File "/Applications/XAMPP/xamppfiles/htdocs/ss/venv/lib/python3.9/site-packages/flask/templating.py", line 149, in render_template
    template = app.jinja_env.get_or_select_template(template_name_or_list)
  File "/Applications/XAMPP/xamppfiles/htdocs/ss/venv/lib/python3.9/site-packages/jinja2/environment.py", line 1084, in get_or_select_template
    return self.get_template(template_name_or_list, parent, globals)
  File "/Applications/XAMPP/xamppfiles/htdocs/ss/venv/lib/python3.9/site-packages/jinja2/environment.py", line 1013, in get_template
    return self._load_template(name, globals)
  File "/Applications/XAMPP/xamppfiles/htdocs/ss/venv/lib/python3.9/site-packages/jinja2/environment.py", line 972, in _load_template
    template = self.loader.load(self, name, self.make_globals(globals))
  File "/Applications/XAMPP/xamppfiles/htdocs/ss/venv/lib/python3.9/site-packages/jinja2/loaders.py", line 126, in load
    source, filename, uptodate = self.get_source(environment, name)
  File "/Applications/XAMPP/xamppfiles/htdocs/ss/venv/lib/python3.9/site-packages/flask/templating.py", line 65, in get_source
    return self._get_source_fast(environment, template)
  File "/Applications/XAMPP/xamppfiles/htdocs/ss/venv/lib/python3.9/site-packages/flask/templating.py", line 99, in _get_source_fast
    raise TemplateNotFound(template)
jinja2.exceptions.TemplateNotFound: index.html
2024-11-14 17:09:36,946 - werkzeug - INFO - 127.0.0.1 - - [14/Nov/2024 17:09:36] "[32mGET / HTTP/1.1[0m" 302 -
2024-11-14 17:09:36,951 - app.routes - ERROR - Erro na rota index: index.html
Traceback (most recent call last):
  File "/Applications/XAMPP/xamppfiles/htdocs/ss/app/routes.py", line 31, in index
    return render_template('index.html',
  File "/Applications/XAMPP/xamppfiles/htdocs/ss/venv/lib/python3.9/site-packages/flask/templating.py", line 149, in render_template
    template = app.jinja_env.get_or_select_template(template_name_or_list)
  File "/Applications/XAMPP/xamppfiles/htdocs/ss/venv/lib/python3.9/site-packages/jinja2/environment.py", line 1084, in get_or_select_template
    return self.get_template(template_name_or_list, parent, globals)
  File "/Applications/XAMPP/xamppfiles/htdocs/ss/venv/lib/python3.9/site-packages/jinja2/environment.py", line 1013, in get_template
    return self._load_template(name, globals)
  File "/Applications/XAMPP/xamppfiles/htdocs/ss/venv/lib/python3.9/site-packages/jinja2/environment.py", line 972, in _load_template
    template = self.loader.load(self, name, self.make_globals(globals))
  File "/Applications/XAMPP/xamppfiles/htdocs/ss/venv/lib/python3.9/site-packages/jinja2/loaders.py", line 126, in load
    source, filename, uptodate = self.get_source(environment, name)
  File "/Applications/XAMPP/xamppfiles/htdocs/ss/venv/lib/python3.9/site-packages/flask/templating.py", line 65, in get_source
    return self._get_source_fast(environment, template)
  File "/Applications/XAMPP/xamppfiles/htdocs/ss/venv/lib/python3.9/site-packages/flask/templating.py", line 99, in _get_source_fast
    raise TemplateNotFound(template)
jinja2.exceptions.TemplateNotFound: index.html
2024-11-14 17:09:36,952 - werkzeug - INFO - 127.0.0.1 - - [14/Nov/2024 17:09:36] "[32mGET / HTTP/1.1[0m" 302 -
2024-11-14 17:09:36,957 - app.routes - ERROR - Erro na rota index: index.html
Traceback (most recent call last):
  File "/Applications/XAMPP/xamppfiles/htdocs/ss/app/routes.py", line 31, in index
    return render_template('index.html',
  File "/Applications/XAMPP/xamppfiles/htdocs/ss/venv/lib/python3.9/site-packages/flask/templating.py", line 149, in render_template
    template = app.jinja_env.get_or_select_template(template_name_or_list)
  File "/Applications/XAMPP/xamppfiles/htdocs/ss/venv/lib/python3.9/site-packages/jinja2/environment.py", line 1084, in get_or_select_template
    return self.get_template(template_name_or_list, parent, globals)
  File "/Applications/XAMPP/xamppfiles/htdocs/ss/venv/lib/python3.9/site-packages/jinja2/environment.py", line 1013, in get_template
    return self._load_template(name, globals)
  File "/Applications/XAMPP/xamppfiles/htdocs/ss/venv/lib/python3.9/site-packages/jinja2/environment.py", line 972, in _load_template
    template = self.loader.load(self, name, self.make_globals(globals))
  File "/Applications/XAMPP/xamppfiles/htdocs/ss/venv/lib/python3.9/site-packages/jinja2/loaders.py", line 126, in load
    source, filename, uptodate = self.get_source(environment, name)
  File "/Applications/XAMPP/xamppfiles/htdocs/ss/venv/lib/python3.9/site-packages/flask/templating.py", line 65, in get_source
    return self._get_source_fast(environment, template)
  File "/Applications/XAMPP/xamppfiles/htdocs/ss/venv/lib/python3.9/site-packages/flask/templating.py", line 99, in _get_source_fast
    raise TemplateNotFound(template)
jinja2.exceptions.TemplateNotFound: index.html
2024-11-14 17:09:36,958 - werkzeug - INFO - 127.0.0.1 - - [14/Nov/2024 17:09:36] "[32mGET / HTTP/1.1[0m" 302 -
2024-11-14 17:09:36,963 - app.routes - ERROR - Erro na rota index: index.html
Traceback (most recent call last):
  File "/Applications/XAMPP/xamppfiles/htdocs/ss/app/routes.py", line 31, in index
    return render_template('index.html',
  File "/Applications/XAMPP/xamppfiles/htdocs/ss/venv/lib/python3.9/site-packages/flask/templating.py", line 149, in render_template
    template = app.jinja_env.get_or_select_template(template_name_or_list)
  File "/Applications/XAMPP/xamppfiles/htdocs/ss/venv/lib/python3.9/site-packages/jinja2/environment.py", line 1084, in get_or_select_template
    return self.get_template(template_name_or_list, parent, globals)
  File "/Applications/XAMPP/xamppfiles/htdocs/ss/venv/lib/python3.9/site-packages/jinja2/environment.py", line 1013, in get_template
    return self._load_template(name, globals)
  File "/Applications/XAMPP/xamppfiles/htdocs/ss/venv/lib/python3.9/site-packages/jinja2/environment.py", line 972, in _load_template
    template = self.loader.load(self, name, self.make_globals(globals))
  File "/Applications/XAMPP/xamppfiles/htdocs/ss/venv/lib/python3.9/site-packages/jinja2/loaders.py", line 126, in load
    source, filename, uptodate = self.get_source(environment, name)
  File "/Applications/XAMPP/xamppfiles/htdocs/ss/venv/lib/python3.9/site-packages/flask/templating.py", line 65, in get_source
    return self._get_source_fast(environment, template)
  File "/Applications/XAMPP/xamppfiles/htdocs/ss/venv/lib/python3.9/site-packages/flask/templating.py", line 99, in _get_source_fast
    raise TemplateNotFound(template)
jinja2.exceptions.TemplateNotFound: index.html
2024-11-14 17:09:36,964 - werkzeug - INFO - 127.0.0.1 - - [14/Nov/2024 17:09:36] "[32mGET / HTTP/1.1[0m" 302 -
2024-11-14 17:09:36,970 - app.routes - ERROR - Erro na rota index: index.html
Traceback (most recent call last):
  File "/Applications/XAMPP/xamppfiles/htdocs/ss/app/routes.py", line 31, in index
    return render_template('index.html',
  File "/Applications/XAMPP/xamppfiles/htdocs/ss/venv/lib/python3.9/site-packages/flask/templating.py", line 149, in render_template
    template = app.jinja_env.get_or_select_template(template_name_or_list)
  File "/Applications/XAMPP/xamppfiles/htdocs/ss/venv/lib/python3.9/site-packages/jinja2/environment.py", line 1084, in get_or_select_template
    return self.get_template(template_name_or_list, parent, globals)
  File "/Applications/XAMPP/xamppfiles/htdocs/ss/venv/lib/python3.9/site-packages/jinja2/environment.py", line 1013, in get_template
    return self._load_template(name, globals)
  File "/Applications/XAMPP/xamppfiles/htdocs/ss/venv/lib/python3.9/site-packages/jinja2/environment.py", line 972, in _load_template
    template = self.loader.load(self, name, self.make_globals(globals))
  File "/Applications/XAMPP/xamppfiles/htdocs/ss/venv/lib/python3.9/site-packages/jinja2/loaders.py", line 126, in load
    source, filename, uptodate = self.get_source(environment, name)
  File "/Applications/XAMPP/xamppfiles/htdocs/ss/venv/lib/python3.9/site-packages/flask/templating.py", line 65, in get_source
    return self._get_source_fast(environment, template)
  File "/Applications/XAMPP/xamppfiles/htdocs/ss/venv/lib/python3.9/site-packages/flask/templating.py", line 99, in _get_source_fast
    raise TemplateNotFound(template)
jinja2.exceptions.TemplateNotFound: index.html
2024-11-14 17:09:36,970 - werkzeug - INFO - 127.0.0.1 - - [14/Nov/2024 17:09:36] "[32mGET / HTTP/1.1[0m" 302 -
2024-11-14 17:09:36,975 - app.routes - ERROR - Erro na rota index: index.html
Traceback (most recent call last):
  File "/Applications/XAMPP/xamppfiles/htdocs/ss/app/routes.py", line 31, in index
    return render_template('index.html',
  File "/Applications/XAMPP/xamppfiles/htdocs/ss/venv/lib/python3.9/site-packages/flask/templating.py", line 149, in render_template
    template = app.jinja_env.get_or_select_template(template_name_or_list)
  File "/Applications/XAMPP/xamppfiles/htdocs/ss/venv/lib/python3.9/site-packages/jinja2/environment.py", line 1084, in get_or_select_template
    return self.get_template(template_name_or_list, parent, globals)
  File "/Applications/XAMPP/xamppfiles/htdocs/ss/venv/lib/python3.9/site-packages/jinja2/environment.py", line 1013, in get_template
    return self._load_template(name, globals)
  File "/Applications/XAMPP/xamppfiles/htdocs/ss/venv/lib/python3.9/site-packages/jinja2/environment.py", line 972, in _load_template
    template = self.loader.load(self, name, self.make_globals(globals))
  File "/Applications/XAMPP/xamppfiles/htdocs/ss/venv/lib/python3.9/site-packages/jinja2/loaders.py", line 126, in load
    source, filename, uptodate = self.get_source(environment, name)
  File "/Applications/XAMPP/xamppfiles/htdocs/ss/venv/lib/python3.9/site-packages/flask/templating.py", line 65, in get_source
    return self._get_source_fast(environment, template)
  File "/Applications/XAMPP/xamppfiles/htdocs/ss/venv/lib/python3.9/site-packages/flask/templating.py", line 99, in _get_source_fast
    raise TemplateNotFound(template)
jinja2.exceptions.TemplateNotFound: index.html
2024-11-14 17:09:36,976 - werkzeug - INFO - 127.0.0.1 - - [14/Nov/2024 17:09:36] "[32mGET / HTTP/1.1[0m" 302 -
2024-11-14 17:09:36,981 - app.routes - ERROR - Erro na rota index: index.html
Traceback (most recent call last):
  File "/Applications/XAMPP/xamppfiles/htdocs/ss/app/routes.py", line 31, in index
    return render_template('index.html',
  File "/Applications/XAMPP/xamppfiles/htdocs/ss/venv/lib/python3.9/site-packages/flask/templating.py", line 149, in render_template
    template = app.jinja_env.get_or_select_template(template_name_or_list)
  File "/Applications/XAMPP/xamppfiles/htdocs/ss/venv/lib/python3.9/site-packages/jinja2/environment.py", line 1084, in get_or_select_template
    return self.get_template(template_name_or_list, parent, globals)
  File "/Applications/XAMPP/xamppfiles/htdocs/ss/venv/lib/python3.9/site-packages/jinja2/environment.py", line 1013, in get_template
    return self._load_template(name, globals)
  File "/Applications/XAMPP/xamppfiles/htdocs/ss/venv/lib/python3.9/site-packages/jinja2/environment.py", line 972, in _load_template
    template = self.loader.load(self, name, self.make_globals(globals))
  File "/Applications/XAMPP/xamppfiles/htdocs/ss/venv/lib/python3.9/site-packages/jinja2/loaders.py", line 126, in load
    source, filename, uptodate = self.get_source(environment, name)
  File "/Applications/XAMPP/xamppfiles/htdocs/ss/venv/lib/python3.9/site-packages/flask/templating.py", line 65, in get_source
    return self._get_source_fast(environment, template)
  File "/Applications/XAMPP/xamppfiles/htdocs/ss/venv/lib/python3.9/site-packages/flask/templating.py", line 99, in _get_source_fast
    raise TemplateNotFound(template)
jinja2.exceptions.TemplateNotFound: index.html
2024-11-14 17:09:36,982 - werkzeug - INFO - 127.0.0.1 - - [14/Nov/2024 17:09:36] "[32mGET / HTTP/1.1[0m" 302 -
2024-11-14 17:09:36,986 - app.routes - ERROR - Erro na rota index: index.html
Traceback (most recent call last):
  File "/Applications/XAMPP/xamppfiles/htdocs/ss/app/routes.py", line 31, in index
    return render_template('index.html',
  File "/Applications/XAMPP/xamppfiles/htdocs/ss/venv/lib/python3.9/site-packages/flask/templating.py", line 149, in render_template
    template = app.jinja_env.get_or_select_template(template_name_or_list)
  File "/Applications/XAMPP/xamppfiles/htdocs/ss/venv/lib/python3.9/site-packages/jinja2/environment.py", line 1084, in get_or_select_template
    return self.get_template(template_name_or_list, parent, globals)
  File "/Applications/XAMPP/xamppfiles/htdocs/ss/venv/lib/python3.9/site-packages/jinja2/environment.py", line 1013, in get_template
    return self._load_template(name, globals)
  File "/Applications/XAMPP/xamppfiles/htdocs/ss/venv/lib/python3.9/site-packages/jinja2/environment.py", line 972, in _load_template
    template = self.loader.load(self, name, self.make_globals(globals))
  File "/Applications/XAMPP/xamppfiles/htdocs/ss/venv/lib/python3.9/site-packages/jinja2/loaders.py", line 126, in load
    source, filename, uptodate = self.get_source(environment, name)
  File "/Applications/XAMPP/xamppfiles/htdocs/ss/venv/lib/python3.9/site-packages/flask/templating.py", line 65, in get_source
    return self._get_source_fast(environment, template)
  File "/Applications/XAMPP/xamppfiles/htdocs/ss/venv/lib/python3.9/site-packages/flask/templating.py", line 99, in _get_source_fast
    raise TemplateNotFound(template)
jinja2.exceptions.TemplateNotFound: index.html
2024-11-14 17:09:36,987 - werkzeug - INFO - 127.0.0.1 - - [14/Nov/2024 17:09:36] "[32mGET / HTTP/1.1[0m" 302 -
2024-11-14 17:09:36,992 - app.routes - ERROR - Erro na rota index: index.html
Traceback (most recent call last):
  File "/Applications/XAMPP/xamppfiles/htdocs/ss/app/routes.py", line 31, in index
    return render_template('index.html',
  File "/Applications/XAMPP/xamppfiles/htdocs/ss/venv/lib/python3.9/site-packages/flask/templating.py", line 149, in render_template
    template = app.jinja_env.get_or_select_template(template_name_or_list)
  File "/Applications/XAMPP/xamppfiles/htdocs/ss/venv/lib/python3.9/site-packages/jinja2/environment.py", line 1084, in get_or_select_template
    return self.get_template(template_name_or_list, parent, globals)
  File "/Applications/XAMPP/xamppfiles/htdocs/ss/venv/lib/python3.9/site-packages/jinja2/environment.py", line 1013, in get_template
    return self._load_template(name, globals)
  File "/Applications/XAMPP/xamppfiles/htdocs/ss/venv/lib/python3.9/site-packages/jinja2/environment.py", line 972, in _load_template
    template = self.loader.load(self, name, self.make_globals(globals))
  File "/Applications/XAMPP/xamppfiles/htdocs/ss/venv/lib/python3.9/site-packages/jinja2/loaders.py", line 126, in load
    source, filename, uptodate = self.get_source(environment, name)
  File "/Applications/XAMPP/xamppfiles/htdocs/ss/venv/lib/python3.9/site-packages/flask/templating.py", line 65, in get_source
    return self._get_source_fast(environment, template)
  File "/Applications/XAMPP/xamppfiles/htdocs/ss/venv/lib/python3.9/site-packages/flask/templating.py", line 99, in _get_source_fast
    raise TemplateNotFound(template)
jinja2.exceptions.TemplateNotFound: index.html
2024-11-14 17:09:36,993 - werkzeug - INFO - 127.0.0.1 - - [14/Nov/2024 17:09:36] "[32mGET / HTTP/1.1[0m" 302 -
2024-11-14 17:09:36,997 - app.routes - ERROR - Erro na rota index: index.html
Traceback (most recent call last):
  File "/Applications/XAMPP/xamppfiles/htdocs/ss/app/routes.py", line 31, in index
    return render_template('index.html',
  File "/Applications/XAMPP/xamppfiles/htdocs/ss/venv/lib/python3.9/site-packages/flask/templating.py", line 149, in render_template
    template = app.jinja_env.get_or_select_template(template_name_or_list)
  File "/Applications/XAMPP/xamppfiles/htdocs/ss/venv/lib/python3.9/site-packages/jinja2/environment.py", line 1084, in get_or_select_template
    return self.get_template(template_name_or_list, parent, globals)
  File "/Applications/XAMPP/xamppfiles/htdocs/ss/venv/lib/python3.9/site-packages/jinja2/environment.py", line 1013, in get_template
    return self._load_template(name, globals)
  File "/Applications/XAMPP/xamppfiles/htdocs/ss/venv/lib/python3.9/site-packages/jinja2/environment.py", line 972, in _load_template
    template = self.loader.load(self, name, self.make_globals(globals))
  File "/Applications/XAMPP/xamppfiles/htdocs/ss/venv/lib/python3.9/site-packages/jinja2/loaders.py", line 126, in load
    source, filename, uptodate = self.get_source(environment, name)
  File "/Applications/XAMPP/xamppfiles/htdocs/ss/venv/lib/python3.9/site-packages/flask/templating.py", line 65, in get_source
    return self._get_source_fast(environment, template)
  File "/Applications/XAMPP/xamppfiles/htdocs/ss/venv/lib/python3.9/site-packages/flask/templating.py", line 99, in _get_source_fast
    raise TemplateNotFound(template)
jinja2.exceptions.TemplateNotFound: index.html
2024-11-14 17:09:36,999 - werkzeug - INFO - 127.0.0.1 - - [14/Nov/2024 17:09:36] "[32mGET / HTTP/1.1[0m" 302 -
2024-11-14 17:09:37,005 - app.routes - ERROR - Erro na rota index: index.html
Traceback (most recent call last):
  File "/Applications/XAMPP/xamppfiles/htdocs/ss/app/routes.py", line 31, in index
    return render_template('index.html',
  File "/Applications/XAMPP/xamppfiles/htdocs/ss/venv/lib/python3.9/site-packages/flask/templating.py", line 149, in render_template
    template = app.jinja_env.get_or_select_template(template_name_or_list)
  File "/Applications/XAMPP/xamppfiles/htdocs/ss/venv/lib/python3.9/site-packages/jinja2/environment.py", line 1084, in get_or_select_template
    return self.get_template(template_name_or_list, parent, globals)
  File "/Applications/XAMPP/xamppfiles/htdocs/ss/venv/lib/python3.9/site-packages/jinja2/environment.py", line 1013, in get_template
    return self._load_template(name, globals)
  File "/Applications/XAMPP/xamppfiles/htdocs/ss/venv/lib/python3.9/site-packages/jinja2/environment.py", line 972, in _load_template
    template = self.loader.load(self, name, self.make_globals(globals))
  File "/Applications/XAMPP/xamppfiles/htdocs/ss/venv/lib/python3.9/site-packages/jinja2/loaders.py", line 126, in load
    source, filename, uptodate = self.get_source(environment, name)
  File "/Applications/XAMPP/xamppfiles/htdocs/ss/venv/lib/python3.9/site-packages/flask/templating.py", line 65, in get_source
    return self._get_source_fast(environment, template)
  File "/Applications/XAMPP/xamppfiles/htdocs/ss/venv/lib/python3.9/site-packages/flask/templating.py", line 99, in _get_source_fast
    raise TemplateNotFound(template)
jinja2.exceptions.TemplateNotFound: index.html
2024-11-14 17:09:37,006 - werkzeug - INFO - 127.0.0.1 - - [14/Nov/2024 17:09:37] "[32mGET / HTTP/1.1[0m" 302 -
2024-11-14 17:09:37,011 - app.routes - ERROR - Erro na rota index: index.html
Traceback (most recent call last):
  File "/Applications/XAMPP/xamppfiles/htdocs/ss/app/routes.py", line 31, in index
    return render_template('index.html',
  File "/Applications/XAMPP/xamppfiles/htdocs/ss/venv/lib/python3.9/site-packages/flask/templating.py", line 149, in render_template
    template = app.jinja_env.get_or_select_template(template_name_or_list)
  File "/Applications/XAMPP/xamppfiles/htdocs/ss/venv/lib/python3.9/site-packages/jinja2/environment.py", line 1084, in get_or_select_template
    return self.get_template(template_name_or_list, parent, globals)
  File "/Applications/XAMPP/xamppfiles/htdocs/ss/venv/lib/python3.9/site-packages/jinja2/environment.py", line 1013, in get_template
    return self._load_template(name, globals)
  File "/Applications/XAMPP/xamppfiles/htdocs/ss/venv/lib/python3.9/site-packages/jinja2/environment.py", line 972, in _load_template
    template = self.loader.load(self, name, self.make_globals(globals))
  File "/Applications/XAMPP/xamppfiles/htdocs/ss/venv/lib/python3.9/site-packages/jinja2/loaders.py", line 126, in load
    source, filename, uptodate = self.get_source(environment, name)
  File "/Applications/XAMPP/xamppfiles/htdocs/ss/venv/lib/python3.9/site-packages/flask/templating.py", line 65, in get_source
    return self._get_source_fast(environment, template)
  File "/Applications/XAMPP/xamppfiles/htdocs/ss/venv/lib/python3.9/site-packages/flask/templating.py", line 99, in _get_source_fast
    raise TemplateNotFound(template)
jinja2.exceptions.TemplateNotFound: index.html
2024-11-14 17:09:37,011 - werkzeug - INFO - 127.0.0.1 - - [14/Nov/2024 17:09:37] "[32mGET / HTTP/1.1[0m" 302 -
2024-11-14 17:09:37,016 - app.routes - ERROR - Erro na rota index: index.html
Traceback (most recent call last):
  File "/Applications/XAMPP/xamppfiles/htdocs/ss/app/routes.py", line 31, in index
    return render_template('index.html',
  File "/Applications/XAMPP/xamppfiles/htdocs/ss/venv/lib/python3.9/site-packages/flask/templating.py", line 149, in render_template
    template = app.jinja_env.get_or_select_template(template_name_or_list)
  File "/Applications/XAMPP/xamppfiles/htdocs/ss/venv/lib/python3.9/site-packages/jinja2/environment.py", line 1084, in get_or_select_template
    return self.get_template(template_name_or_list, parent, globals)
  File "/Applications/XAMPP/xamppfiles/htdocs/ss/venv/lib/python3.9/site-packages/jinja2/environment.py", line 1013, in get_template
    return self._load_template(name, globals)
  File "/Applications/XAMPP/xamppfiles/htdocs/ss/venv/lib/python3.9/site-packages/jinja2/environment.py", line 972, in _load_template
    template = self.loader.load(self, name, self.make_globals(globals))
  File "/Applications/XAMPP/xamppfiles/htdocs/ss/venv/lib/python3.9/site-packages/jinja2/loaders.py", line 126, in load
    source, filename, uptodate = self.get_source(environment, name)
  File "/Applications/XAMPP/xamppfiles/htdocs/ss/venv/lib/python3.9/site-packages/flask/templating.py", line 65, in get_source
    return self._get_source_fast(environment, template)
  File "/Applications/XAMPP/xamppfiles/htdocs/ss/venv/lib/python3.9/site-packages/flask/templating.py", line 99, in _get_source_fast
    raise TemplateNotFound(template)
jinja2.exceptions.TemplateNotFound: index.html
2024-11-14 17:09:37,017 - werkzeug - INFO - 127.0.0.1 - - [14/Nov/2024 17:09:37] "[32mGET / HTTP/1.1[0m" 302 -
2024-11-14 17:10:32,886 - app.routes - ERROR - Erro na rota index: index.html
Traceback (most recent call last):
  File "/Applications/XAMPP/xamppfiles/htdocs/ss/app/routes.py", line 31, in index
    return render_template('index.html',
  File "/Applications/XAMPP/xamppfiles/htdocs/ss/venv/lib/python3.9/site-packages/flask/templating.py", line 149, in render_template
    template = app.jinja_env.get_or_select_template(template_name_or_list)
  File "/Applications/XAMPP/xamppfiles/htdocs/ss/venv/lib/python3.9/site-packages/jinja2/environment.py", line 1084, in get_or_select_template
    return self.get_template(template_name_or_list, parent, globals)
  File "/Applications/XAMPP/xamppfiles/htdocs/ss/venv/lib/python3.9/site-packages/jinja2/environment.py", line 1013, in get_template
    return self._load_template(name, globals)
  File "/Applications/XAMPP/xamppfiles/htdocs/ss/venv/lib/python3.9/site-packages/jinja2/environment.py", line 972, in _load_template
    template = self.loader.load(self, name, self.make_globals(globals))
  File "/Applications/XAMPP/xamppfiles/htdocs/ss/venv/lib/python3.9/site-packages/jinja2/loaders.py", line 126, in load
    source, filename, uptodate = self.get_source(environment, name)
  File "/Applications/XAMPP/xamppfiles/htdocs/ss/venv/lib/python3.9/site-packages/flask/templating.py", line 65, in get_source
    return self._get_source_fast(environment, template)
  File "/Applications/XAMPP/xamppfiles/htdocs/ss/venv/lib/python3.9/site-packages/flask/templating.py", line 99, in _get_source_fast
    raise TemplateNotFound(template)
jinja2.exceptions.TemplateNotFound: index.html
2024-11-14 17:10:32,888 - werkzeug - INFO - 127.0.0.1 - - [14/Nov/2024 17:10:32] "[32mGET / HTTP/1.1[0m" 302 -
2024-11-14 17:10:32,898 - app.routes - ERROR - Erro na rota index: index.html
Traceback (most recent call last):
  File "/Applications/XAMPP/xamppfiles/htdocs/ss/app/routes.py", line 31, in index
    return render_template('index.html',
  File "/Applications/XAMPP/xamppfiles/htdocs/ss/venv/lib/python3.9/site-packages/flask/templating.py", line 149, in render_template
    template = app.jinja_env.get_or_select_template(template_name_or_list)
  File "/Applications/XAMPP/xamppfiles/htdocs/ss/venv/lib/python3.9/site-packages/jinja2/environment.py", line 1084, in get_or_select_template
    return self.get_template(template_name_or_list, parent, globals)
  File "/Applications/XAMPP/xamppfiles/htdocs/ss/venv/lib/python3.9/site-packages/jinja2/environment.py", line 1013, in get_template
    return self._load_template(name, globals)
  File "/Applications/XAMPP/xamppfiles/htdocs/ss/venv/lib/python3.9/site-packages/jinja2/environment.py", line 972, in _load_template
    template = self.loader.load(self, name, self.make_globals(globals))
  File "/Applications/XAMPP/xamppfiles/htdocs/ss/venv/lib/python3.9/site-packages/jinja2/loaders.py", line 126, in load
    source, filename, uptodate = self.get_source(environment, name)
  File "/Applications/XAMPP/xamppfiles/htdocs/ss/venv/lib/python3.9/site-packages/flask/templating.py", line 65, in get_source
    return self._get_source_fast(environment, template)
  File "/Applications/XAMPP/xamppfiles/htdocs/ss/venv/lib/python3.9/site-packages/flask/templating.py", line 99, in _get_source_fast
    raise TemplateNotFound(template)
jinja2.exceptions.TemplateNotFound: index.html
2024-11-14 17:10:32,899 - werkzeug - INFO - 127.0.0.1 - - [14/Nov/2024 17:10:32] "[32mGET / HTTP/1.1[0m" 302 -
2024-11-14 17:10:32,906 - app.routes - ERROR - Erro na rota index: index.html
Traceback (most recent call last):
  File "/Applications/XAMPP/xamppfiles/htdocs/ss/app/routes.py", line 31, in index
    return render_template('index.html',
  File "/Applications/XAMPP/xamppfiles/htdocs/ss/venv/lib/python3.9/site-packages/flask/templating.py", line 149, in render_template
    template = app.jinja_env.get_or_select_template(template_name_or_list)
  File "/Applications/XAMPP/xamppfiles/htdocs/ss/venv/lib/python3.9/site-packages/jinja2/environment.py", line 1084, in get_or_select_template
    return self.get_template(template_name_or_list, parent, globals)
  File "/Applications/XAMPP/xamppfiles/htdocs/ss/venv/lib/python3.9/site-packages/jinja2/environment.py", line 1013, in get_template
    return self._load_template(name, globals)
  File "/Applications/XAMPP/xamppfiles/htdocs/ss/venv/lib/python3.9/site-packages/jinja2/environment.py", line 972, in _load_template
    template = self.loader.load(self, name, self.make_globals(globals))
  File "/Applications/XAMPP/xamppfiles/htdocs/ss/venv/lib/python3.9/site-packages/jinja2/loaders.py", line 126, in load
    source, filename, uptodate = self.get_source(environment, name)
  File "/Applications/XAMPP/xamppfiles/htdocs/ss/venv/lib/python3.9/site-packages/flask/templating.py", line 65, in get_source
    return self._get_source_fast(environment, template)
  File "/Applications/XAMPP/xamppfiles/htdocs/ss/venv/lib/python3.9/site-packages/flask/templating.py", line 99, in _get_source_fast
    raise TemplateNotFound(template)
jinja2.exceptions.TemplateNotFound: index.html
2024-11-14 17:10:32,908 - werkzeug - INFO - 127.0.0.1 - - [14/Nov/2024 17:10:32] "[32mGET / HTTP/1.1[0m" 302 -
2024-11-14 17:10:32,925 - app.routes - ERROR - Erro na rota index: index.html
Traceback (most recent call last):
  File "/Applications/XAMPP/xamppfiles/htdocs/ss/app/routes.py", line 31, in index
    return render_template('index.html',
  File "/Applications/XAMPP/xamppfiles/htdocs/ss/venv/lib/python3.9/site-packages/flask/templating.py", line 149, in render_template
    template = app.jinja_env.get_or_select_template(template_name_or_list)
  File "/Applications/XAMPP/xamppfiles/htdocs/ss/venv/lib/python3.9/site-packages/jinja2/environment.py", line 1084, in get_or_select_template
    return self.get_template(template_name_or_list, parent, globals)
  File "/Applications/XAMPP/xamppfiles/htdocs/ss/venv/lib/python3.9/site-packages/jinja2/environment.py", line 1013, in get_template
    return self._load_template(name, globals)
  File "/Applications/XAMPP/xamppfiles/htdocs/ss/venv/lib/python3.9/site-packages/jinja2/environment.py", line 972, in _load_template
    template = self.loader.load(self, name, self.make_globals(globals))
  File "/Applications/XAMPP/xamppfiles/htdocs/ss/venv/lib/python3.9/site-packages/jinja2/loaders.py", line 126, in load
    source, filename, uptodate = self.get_source(environment, name)
  File "/Applications/XAMPP/xamppfiles/htdocs/ss/venv/lib/python3.9/site-packages/flask/templating.py", line 65, in get_source
    return self._get_source_fast(environment, template)
  File "/Applications/XAMPP/xamppfiles/htdocs/ss/venv/lib/python3.9/site-packages/flask/templating.py", line 99, in _get_source_fast
    raise TemplateNotFound(template)
jinja2.exceptions.TemplateNotFound: index.html
2024-11-14 17:10:32,942 - werkzeug - INFO - 127.0.0.1 - - [14/Nov/2024 17:10:32] "[32mGET / HTTP/1.1[0m" 302 -
2024-11-14 17:10:32,966 - app.routes - ERROR - Erro na rota index: index.html
Traceback (most recent call last):
  File "/Applications/XAMPP/xamppfiles/htdocs/ss/app/routes.py", line 31, in index
    return render_template('index.html',
  File "/Applications/XAMPP/xamppfiles/htdocs/ss/venv/lib/python3.9/site-packages/flask/templating.py", line 149, in render_template
    template = app.jinja_env.get_or_select_template(template_name_or_list)
  File "/Applications/XAMPP/xamppfiles/htdocs/ss/venv/lib/python3.9/site-packages/jinja2/environment.py", line 1084, in get_or_select_template
    return self.get_template(template_name_or_list, parent, globals)
  File "/Applications/XAMPP/xamppfiles/htdocs/ss/venv/lib/python3.9/site-packages/jinja2/environment.py", line 1013, in get_template
    return self._load_template(name, globals)
  File "/Applications/XAMPP/xamppfiles/htdocs/ss/venv/lib/python3.9/site-packages/jinja2/environment.py", line 972, in _load_template
    template = self.loader.load(self, name, self.make_globals(globals))
  File "/Applications/XAMPP/xamppfiles/htdocs/ss/venv/lib/python3.9/site-packages/jinja2/loaders.py", line 126, in load
    source, filename, uptodate = self.get_source(environment, name)
  File "/Applications/XAMPP/xamppfiles/htdocs/ss/venv/lib/python3.9/site-packages/flask/templating.py", line 65, in get_source
    return self._get_source_fast(environment, template)
  File "/Applications/XAMPP/xamppfiles/htdocs/ss/venv/lib/python3.9/site-packages/flask/templating.py", line 99, in _get_source_fast
    raise TemplateNotFound(template)
jinja2.exceptions.TemplateNotFound: index.html
2024-11-14 17:10:32,967 - werkzeug - INFO - 127.0.0.1 - - [14/Nov/2024 17:10:32] "[32mGET / HTTP/1.1[0m" 302 -
2024-11-14 17:10:32,975 - app.routes - ERROR - Erro na rota index: index.html
Traceback (most recent call last):
  File "/Applications/XAMPP/xamppfiles/htdocs/ss/app/routes.py", line 31, in index
    return render_template('index.html',
  File "/Applications/XAMPP/xamppfiles/htdocs/ss/venv/lib/python3.9/site-packages/flask/templating.py", line 149, in render_template
    template = app.jinja_env.get_or_select_template(template_name_or_list)
  File "/Applications/XAMPP/xamppfiles/htdocs/ss/venv/lib/python3.9/site-packages/jinja2/environment.py", line 1084, in get_or_select_template
    return self.get_template(template_name_or_list, parent, globals)
  File "/Applications/XAMPP/xamppfiles/htdocs/ss/venv/lib/python3.9/site-packages/jinja2/environment.py", line 1013, in get_template
    return self._load_template(name, globals)
  File "/Applications/XAMPP/xamppfiles/htdocs/ss/venv/lib/python3.9/site-packages/jinja2/environment.py", line 972, in _load_template
    template = self.loader.load(self, name, self.make_globals(globals))
  File "/Applications/XAMPP/xamppfiles/htdocs/ss/venv/lib/python3.9/site-packages/jinja2/loaders.py", line 126, in load
    source, filename, uptodate = self.get_source(environment, name)
  File "/Applications/XAMPP/xamppfiles/htdocs/ss/venv/lib/python3.9/site-packages/flask/templating.py", line 65, in get_source
    return self._get_source_fast(environment, template)
  File "/Applications/XAMPP/xamppfiles/htdocs/ss/venv/lib/python3.9/site-packages/flask/templating.py", line 99, in _get_source_fast
    raise TemplateNotFound(template)
jinja2.exceptions.TemplateNotFound: index.html
2024-11-14 17:10:32,976 - werkzeug - INFO - 127.0.0.1 - - [14/Nov/2024 17:10:32] "[32mGET / HTTP/1.1[0m" 302 -
2024-11-14 17:10:32,984 - app.routes - ERROR - Erro na rota index: index.html
Traceback (most recent call last):
  File "/Applications/XAMPP/xamppfiles/htdocs/ss/app/routes.py", line 31, in index
    return render_template('index.html',
  File "/Applications/XAMPP/xamppfiles/htdocs/ss/venv/lib/python3.9/site-packages/flask/templating.py", line 149, in render_template
    template = app.jinja_env.get_or_select_template(template_name_or_list)
  File "/Applications/XAMPP/xamppfiles/htdocs/ss/venv/lib/python3.9/site-packages/jinja2/environment.py", line 1084, in get_or_select_template
    return self.get_template(template_name_or_list, parent, globals)
  File "/Applications/XAMPP/xamppfiles/htdocs/ss/venv/lib/python3.9/site-packages/jinja2/environment.py", line 1013, in get_template
    return self._load_template(name, globals)
  File "/Applications/XAMPP/xamppfiles/htdocs/ss/venv/lib/python3.9/site-packages/jinja2/environment.py", line 972, in _load_template
    template = self.loader.load(self, name, self.make_globals(globals))
  File "/Applications/XAMPP/xamppfiles/htdocs/ss/venv/lib/python3.9/site-packages/jinja2/loaders.py", line 126, in load
    source, filename, uptodate = self.get_source(environment, name)
  File "/Applications/XAMPP/xamppfiles/htdocs/ss/venv/lib/python3.9/site-packages/flask/templating.py", line 65, in get_source
    return self._get_source_fast(environment, template)
  File "/Applications/XAMPP/xamppfiles/htdocs/ss/venv/lib/python3.9/site-packages/flask/templating.py", line 99, in _get_source_fast
    raise TemplateNotFound(template)
jinja2.exceptions.TemplateNotFound: index.html
2024-11-14 17:10:32,985 - werkzeug - INFO - 127.0.0.1 - - [14/Nov/2024 17:10:32] "[32mGET / HTTP/1.1[0m" 302 -
2024-11-14 17:10:32,988 - app.routes - ERROR - Erro na rota index: index.html
Traceback (most recent call last):
  File "/Applications/XAMPP/xamppfiles/htdocs/ss/app/routes.py", line 31, in index
    return render_template('index.html',
  File "/Applications/XAMPP/xamppfiles/htdocs/ss/venv/lib/python3.9/site-packages/flask/templating.py", line 149, in render_template
    template = app.jinja_env.get_or_select_template(template_name_or_list)
  File "/Applications/XAMPP/xamppfiles/htdocs/ss/venv/lib/python3.9/site-packages/jinja2/environment.py", line 1084, in get_or_select_template
    return self.get_template(template_name_or_list, parent, globals)
  File "/Applications/XAMPP/xamppfiles/htdocs/ss/venv/lib/python3.9/site-packages/jinja2/environment.py", line 1013, in get_template
    return self._load_template(name, globals)
  File "/Applications/XAMPP/xamppfiles/htdocs/ss/venv/lib/python3.9/site-packages/jinja2/environment.py", line 972, in _load_template
    template = self.loader.load(self, name, self.make_globals(globals))
  File "/Applications/XAMPP/xamppfiles/htdocs/ss/venv/lib/python3.9/site-packages/jinja2/loaders.py", line 126, in load
    source, filename, uptodate = self.get_source(environment, name)
  File "/Applications/XAMPP/xamppfiles/htdocs/ss/venv/lib/python3.9/site-packages/flask/templating.py", line 65, in get_source
    return self._get_source_fast(environment, template)
  File "/Applications/XAMPP/xamppfiles/htdocs/ss/venv/lib/python3.9/site-packages/flask/templating.py", line 99, in _get_source_fast
    raise TemplateNotFound(template)
jinja2.exceptions.TemplateNotFound: index.html
2024-11-14 17:10:32,989 - werkzeug - INFO - 127.0.0.1 - - [14/Nov/2024 17:10:32] "[32mGET / HTTP/1.1[0m" 302 -
2024-11-14 17:10:32,993 - app.routes - ERROR - Erro na rota index: index.html
Traceback (most recent call last):
  File "/Applications/XAMPP/xamppfiles/htdocs/ss/app/routes.py", line 31, in index
    return render_template('index.html',
  File "/Applications/XAMPP/xamppfiles/htdocs/ss/venv/lib/python3.9/site-packages/flask/templating.py", line 149, in render_template
    template = app.jinja_env.get_or_select_template(template_name_or_list)
  File "/Applications/XAMPP/xamppfiles/htdocs/ss/venv/lib/python3.9/site-packages/jinja2/environment.py", line 1084, in get_or_select_template
    return self.get_template(template_name_or_list, parent, globals)
  File "/Applications/XAMPP/xamppfiles/htdocs/ss/venv/lib/python3.9/site-packages/jinja2/environment.py", line 1013, in get_template
    return self._load_template(name, globals)
  File "/Applications/XAMPP/xamppfiles/htdocs/ss/venv/lib/python3.9/site-packages/jinja2/environment.py", line 972, in _load_template
    template = self.loader.load(self, name, self.make_globals(globals))
  File "/Applications/XAMPP/xamppfiles/htdocs/ss/venv/lib/python3.9/site-packages/jinja2/loaders.py", line 126, in load
    source, filename, uptodate = self.get_source(environment, name)
  File "/Applications/XAMPP/xamppfiles/htdocs/ss/venv/lib/python3.9/site-packages/flask/templating.py", line 65, in get_source
    return self._get_source_fast(environment, template)
  File "/Applications/XAMPP/xamppfiles/htdocs/ss/venv/lib/python3.9/site-packages/flask/templating.py", line 99, in _get_source_fast
    raise TemplateNotFound(template)
jinja2.exceptions.TemplateNotFound: index.html
2024-11-14 17:10:32,993 - werkzeug - INFO - 127.0.0.1 - - [14/Nov/2024 17:10:32] "[32mGET / HTTP/1.1[0m" 302 -
2024-11-14 17:10:32,996 - app.routes - ERROR - Erro na rota index: index.html
Traceback (most recent call last):
  File "/Applications/XAMPP/xamppfiles/htdocs/ss/app/routes.py", line 31, in index
    return render_template('index.html',
  File "/Applications/XAMPP/xamppfiles/htdocs/ss/venv/lib/python3.9/site-packages/flask/templating.py", line 149, in render_template
    template = app.jinja_env.get_or_select_template(template_name_or_list)
  File "/Applications/XAMPP/xamppfiles/htdocs/ss/venv/lib/python3.9/site-packages/jinja2/environment.py", line 1084, in get_or_select_template
    return self.get_template(template_name_or_list, parent, globals)
  File "/Applications/XAMPP/xamppfiles/htdocs/ss/venv/lib/python3.9/site-packages/jinja2/environment.py", line 1013, in get_template
    return self._load_template(name, globals)
  File "/Applications/XAMPP/xamppfiles/htdocs/ss/venv/lib/python3.9/site-packages/jinja2/environment.py", line 972, in _load_template
    template = self.loader.load(self, name, self.make_globals(globals))
  File "/Applications/XAMPP/xamppfiles/htdocs/ss/venv/lib/python3.9/site-packages/jinja2/loaders.py", line 126, in load
    source, filename, uptodate = self.get_source(environment, name)
  File "/Applications/XAMPP/xamppfiles/htdocs/ss/venv/lib/python3.9/site-packages/flask/templating.py", line 65, in get_source
    return self._get_source_fast(environment, template)
  File "/Applications/XAMPP/xamppfiles/htdocs/ss/venv/lib/python3.9/site-packages/flask/templating.py", line 99, in _get_source_fast
    raise TemplateNotFound(template)
jinja2.exceptions.TemplateNotFound: index.html
2024-11-14 17:10:32,997 - werkzeug - INFO - 127.0.0.1 - - [14/Nov/2024 17:10:32] "[32mGET / HTTP/1.1[0m" 302 -
2024-11-14 17:10:33,000 - app.routes - ERROR - Erro na rota index: index.html
Traceback (most recent call last):
  File "/Applications/XAMPP/xamppfiles/htdocs/ss/app/routes.py", line 31, in index
    return render_template('index.html',
  File "/Applications/XAMPP/xamppfiles/htdocs/ss/venv/lib/python3.9/site-packages/flask/templating.py", line 149, in render_template
    template = app.jinja_env.get_or_select_template(template_name_or_list)
  File "/Applications/XAMPP/xamppfiles/htdocs/ss/venv/lib/python3.9/site-packages/jinja2/environment.py", line 1084, in get_or_select_template
    return self.get_template(template_name_or_list, parent, globals)
  File "/Applications/XAMPP/xamppfiles/htdocs/ss/venv/lib/python3.9/site-packages/jinja2/environment.py", line 1013, in get_template
    return self._load_template(name, globals)
  File "/Applications/XAMPP/xamppfiles/htdocs/ss/venv/lib/python3.9/site-packages/jinja2/environment.py", line 972, in _load_template
    template = self.loader.load(self, name, self.make_globals(globals))
  File "/Applications/XAMPP/xamppfiles/htdocs/ss/venv/lib/python3.9/site-packages/jinja2/loaders.py", line 126, in load
    source, filename, uptodate = self.get_source(environment, name)
  File "/Applications/XAMPP/xamppfiles/htdocs/ss/venv/lib/python3.9/site-packages/flask/templating.py", line 65, in get_source
    return self._get_source_fast(environment, template)
  File "/Applications/XAMPP/xamppfiles/htdocs/ss/venv/lib/python3.9/site-packages/flask/templating.py", line 99, in _get_source_fast
    raise TemplateNotFound(template)
jinja2.exceptions.TemplateNotFound: index.html
2024-11-14 17:10:33,001 - werkzeug - INFO - 127.0.0.1 - - [14/Nov/2024 17:10:33] "[32mGET / HTTP/1.1[0m" 302 -
2024-11-14 17:10:33,004 - app.routes - ERROR - Erro na rota index: index.html
Traceback (most recent call last):
  File "/Applications/XAMPP/xamppfiles/htdocs/ss/app/routes.py", line 31, in index
    return render_template('index.html',
  File "/Applications/XAMPP/xamppfiles/htdocs/ss/venv/lib/python3.9/site-packages/flask/templating.py", line 149, in render_template
    template = app.jinja_env.get_or_select_template(template_name_or_list)
  File "/Applications/XAMPP/xamppfiles/htdocs/ss/venv/lib/python3.9/site-packages/jinja2/environment.py", line 1084, in get_or_select_template
    return self.get_template(template_name_or_list, parent, globals)
  File "/Applications/XAMPP/xamppfiles/htdocs/ss/venv/lib/python3.9/site-packages/jinja2/environment.py", line 1013, in get_template
    return self._load_template(name, globals)
  File "/Applications/XAMPP/xamppfiles/htdocs/ss/venv/lib/python3.9/site-packages/jinja2/environment.py", line 972, in _load_template
    template = self.loader.load(self, name, self.make_globals(globals))
  File "/Applications/XAMPP/xamppfiles/htdocs/ss/venv/lib/python3.9/site-packages/jinja2/loaders.py", line 126, in load
    source, filename, uptodate = self.get_source(environment, name)
  File "/Applications/XAMPP/xamppfiles/htdocs/ss/venv/lib/python3.9/site-packages/flask/templating.py", line 65, in get_source
    return self._get_source_fast(environment, template)
  File "/Applications/XAMPP/xamppfiles/htdocs/ss/venv/lib/python3.9/site-packages/flask/templating.py", line 99, in _get_source_fast
    raise TemplateNotFound(template)
jinja2.exceptions.TemplateNotFound: index.html
2024-11-14 17:10:33,005 - werkzeug - INFO - 127.0.0.1 - - [14/Nov/2024 17:10:33] "[32mGET / HTTP/1.1[0m" 302 -
2024-11-14 17:10:33,008 - app.routes - ERROR - Erro na rota index: index.html
Traceback (most recent call last):
  File "/Applications/XAMPP/xamppfiles/htdocs/ss/app/routes.py", line 31, in index
    return render_template('index.html',
  File "/Applications/XAMPP/xamppfiles/htdocs/ss/venv/lib/python3.9/site-packages/flask/templating.py", line 149, in render_template
    template = app.jinja_env.get_or_select_template(template_name_or_list)
  File "/Applications/XAMPP/xamppfiles/htdocs/ss/venv/lib/python3.9/site-packages/jinja2/environment.py", line 1084, in get_or_select_template
    return self.get_template(template_name_or_list, parent, globals)
  File "/Applications/XAMPP/xamppfiles/htdocs/ss/venv/lib/python3.9/site-packages/jinja2/environment.py", line 1013, in get_template
    return self._load_template(name, globals)
  File "/Applications/XAMPP/xamppfiles/htdocs/ss/venv/lib/python3.9/site-packages/jinja2/environment.py", line 972, in _load_template
    template = self.loader.load(self, name, self.make_globals(globals))
  File "/Applications/XAMPP/xamppfiles/htdocs/ss/venv/lib/python3.9/site-packages/jinja2/loaders.py", line 126, in load
    source, filename, uptodate = self.get_source(environment, name)
  File "/Applications/XAMPP/xamppfiles/htdocs/ss/venv/lib/python3.9/site-packages/flask/templating.py", line 65, in get_source
    return self._get_source_fast(environment, template)
  File "/Applications/XAMPP/xamppfiles/htdocs/ss/venv/lib/python3.9/site-packages/flask/templating.py", line 99, in _get_source_fast
    raise TemplateNotFound(template)
jinja2.exceptions.TemplateNotFound: index.html
2024-11-14 17:10:33,009 - werkzeug - INFO - 127.0.0.1 - - [14/Nov/2024 17:10:33] "[32mGET / HTTP/1.1[0m" 302 -
2024-11-14 17:10:33,012 - app.routes - ERROR - Erro na rota index: index.html
Traceback (most recent call last):
  File "/Applications/XAMPP/xamppfiles/htdocs/ss/app/routes.py", line 31, in index
    return render_template('index.html',
  File "/Applications/XAMPP/xamppfiles/htdocs/ss/venv/lib/python3.9/site-packages/flask/templating.py", line 149, in render_template
    template = app.jinja_env.get_or_select_template(template_name_or_list)
  File "/Applications/XAMPP/xamppfiles/htdocs/ss/venv/lib/python3.9/site-packages/jinja2/environment.py", line 1084, in get_or_select_template
    return self.get_template(template_name_or_list, parent, globals)
  File "/Applications/XAMPP/xamppfiles/htdocs/ss/venv/lib/python3.9/site-packages/jinja2/environment.py", line 1013, in get_template
    return self._load_template(name, globals)
  File "/Applications/XAMPP/xamppfiles/htdocs/ss/venv/lib/python3.9/site-packages/jinja2/environment.py", line 972, in _load_template
    template = self.loader.load(self, name, self.make_globals(globals))
  File "/Applications/XAMPP/xamppfiles/htdocs/ss/venv/lib/python3.9/site-packages/jinja2/loaders.py", line 126, in load
    source, filename, uptodate = self.get_source(environment, name)
  File "/Applications/XAMPP/xamppfiles/htdocs/ss/venv/lib/python3.9/site-packages/flask/templating.py", line 65, in get_source
    return self._get_source_fast(environment, template)
  File "/Applications/XAMPP/xamppfiles/htdocs/ss/venv/lib/python3.9/site-packages/flask/templating.py", line 99, in _get_source_fast
    raise TemplateNotFound(template)
jinja2.exceptions.TemplateNotFound: index.html
2024-11-14 17:10:33,013 - werkzeug - INFO - 127.0.0.1 - - [14/Nov/2024 17:10:33] "[32mGET / HTTP/1.1[0m" 302 -
2024-11-14 17:10:33,016 - app.routes - ERROR - Erro na rota index: index.html
Traceback (most recent call last):
  File "/Applications/XAMPP/xamppfiles/htdocs/ss/app/routes.py", line 31, in index
    return render_template('index.html',
  File "/Applications/XAMPP/xamppfiles/htdocs/ss/venv/lib/python3.9/site-packages/flask/templating.py", line 149, in render_template
    template = app.jinja_env.get_or_select_template(template_name_or_list)
  File "/Applications/XAMPP/xamppfiles/htdocs/ss/venv/lib/python3.9/site-packages/jinja2/environment.py", line 1084, in get_or_select_template
    return self.get_template(template_name_or_list, parent, globals)
  File "/Applications/XAMPP/xamppfiles/htdocs/ss/venv/lib/python3.9/site-packages/jinja2/environment.py", line 1013, in get_template
    return self._load_template(name, globals)
  File "/Applications/XAMPP/xamppfiles/htdocs/ss/venv/lib/python3.9/site-packages/jinja2/environment.py", line 972, in _load_template
    template = self.loader.load(self, name, self.make_globals(globals))
  File "/Applications/XAMPP/xamppfiles/htdocs/ss/venv/lib/python3.9/site-packages/jinja2/loaders.py", line 126, in load
    source, filename, uptodate = self.get_source(environment, name)
  File "/Applications/XAMPP/xamppfiles/htdocs/ss/venv/lib/python3.9/site-packages/flask/templating.py", line 65, in get_source
    return self._get_source_fast(environment, template)
  File "/Applications/XAMPP/xamppfiles/htdocs/ss/venv/lib/python3.9/site-packages/flask/templating.py", line 99, in _get_source_fast
    raise TemplateNotFound(template)
jinja2.exceptions.TemplateNotFound: index.html
2024-11-14 17:10:33,017 - werkzeug - INFO - 127.0.0.1 - - [14/Nov/2024 17:10:33] "[32mGET / HTTP/1.1[0m" 302 -
2024-11-14 17:10:33,020 - app.routes - ERROR - Erro na rota index: index.html
Traceback (most recent call last):
  File "/Applications/XAMPP/xamppfiles/htdocs/ss/app/routes.py", line 31, in index
    return render_template('index.html',
  File "/Applications/XAMPP/xamppfiles/htdocs/ss/venv/lib/python3.9/site-packages/flask/templating.py", line 149, in render_template
    template = app.jinja_env.get_or_select_template(template_name_or_list)
  File "/Applications/XAMPP/xamppfiles/htdocs/ss/venv/lib/python3.9/site-packages/jinja2/environment.py", line 1084, in get_or_select_template
    return self.get_template(template_name_or_list, parent, globals)
  File "/Applications/XAMPP/xamppfiles/htdocs/ss/venv/lib/python3.9/site-packages/jinja2/environment.py", line 1013, in get_template
    return self._load_template(name, globals)
  File "/Applications/XAMPP/xamppfiles/htdocs/ss/venv/lib/python3.9/site-packages/jinja2/environment.py", line 972, in _load_template
    template = self.loader.load(self, name, self.make_globals(globals))
  File "/Applications/XAMPP/xamppfiles/htdocs/ss/venv/lib/python3.9/site-packages/jinja2/loaders.py", line 126, in load
    source, filename, uptodate = self.get_source(environment, name)
  File "/Applications/XAMPP/xamppfiles/htdocs/ss/venv/lib/python3.9/site-packages/flask/templating.py", line 65, in get_source
    return self._get_source_fast(environment, template)
  File "/Applications/XAMPP/xamppfiles/htdocs/ss/venv/lib/python3.9/site-packages/flask/templating.py", line 99, in _get_source_fast
    raise TemplateNotFound(template)
jinja2.exceptions.TemplateNotFound: index.html
2024-11-14 17:10:33,021 - werkzeug - INFO - 127.0.0.1 - - [14/Nov/2024 17:10:33] "[32mGET / HTTP/1.1[0m" 302 -
2024-11-14 17:10:33,025 - app.routes - ERROR - Erro na rota index: index.html
Traceback (most recent call last):
  File "/Applications/XAMPP/xamppfiles/htdocs/ss/app/routes.py", line 31, in index
    return render_template('index.html',
  File "/Applications/XAMPP/xamppfiles/htdocs/ss/venv/lib/python3.9/site-packages/flask/templating.py", line 149, in render_template
    template = app.jinja_env.get_or_select_template(template_name_or_list)
  File "/Applications/XAMPP/xamppfiles/htdocs/ss/venv/lib/python3.9/site-packages/jinja2/environment.py", line 1084, in get_or_select_template
    return self.get_template(template_name_or_list, parent, globals)
  File "/Applications/XAMPP/xamppfiles/htdocs/ss/venv/lib/python3.9/site-packages/jinja2/environment.py", line 1013, in get_template
    return self._load_template(name, globals)
  File "/Applications/XAMPP/xamppfiles/htdocs/ss/venv/lib/python3.9/site-packages/jinja2/environment.py", line 972, in _load_template
    template = self.loader.load(self, name, self.make_globals(globals))
  File "/Applications/XAMPP/xamppfiles/htdocs/ss/venv/lib/python3.9/site-packages/jinja2/loaders.py", line 126, in load
    source, filename, uptodate = self.get_source(environment, name)
  File "/Applications/XAMPP/xamppfiles/htdocs/ss/venv/lib/python3.9/site-packages/flask/templating.py", line 65, in get_source
    return self._get_source_fast(environment, template)
  File "/Applications/XAMPP/xamppfiles/htdocs/ss/venv/lib/python3.9/site-packages/flask/templating.py", line 99, in _get_source_fast
    raise TemplateNotFound(template)
jinja2.exceptions.TemplateNotFound: index.html
2024-11-14 17:10:33,026 - werkzeug - INFO - 127.0.0.1 - - [14/Nov/2024 17:10:33] "[32mGET / HTTP/1.1[0m" 302 -
2024-11-14 17:10:33,029 - app.routes - ERROR - Erro na rota index: index.html
Traceback (most recent call last):
  File "/Applications/XAMPP/xamppfiles/htdocs/ss/app/routes.py", line 31, in index
    return render_template('index.html',
  File "/Applications/XAMPP/xamppfiles/htdocs/ss/venv/lib/python3.9/site-packages/flask/templating.py", line 149, in render_template
    template = app.jinja_env.get_or_select_template(template_name_or_list)
  File "/Applications/XAMPP/xamppfiles/htdocs/ss/venv/lib/python3.9/site-packages/jinja2/environment.py", line 1084, in get_or_select_template
    return self.get_template(template_name_or_list, parent, globals)
  File "/Applications/XAMPP/xamppfiles/htdocs/ss/venv/lib/python3.9/site-packages/jinja2/environment.py", line 1013, in get_template
    return self._load_template(name, globals)
  File "/Applications/XAMPP/xamppfiles/htdocs/ss/venv/lib/python3.9/site-packages/jinja2/environment.py", line 972, in _load_template
    template = self.loader.load(self, name, self.make_globals(globals))
  File "/Applications/XAMPP/xamppfiles/htdocs/ss/venv/lib/python3.9/site-packages/jinja2/loaders.py", line 126, in load
    source, filename, uptodate = self.get_source(environment, name)
  File "/Applications/XAMPP/xamppfiles/htdocs/ss/venv/lib/python3.9/site-packages/flask/templating.py", line 65, in get_source
    return self._get_source_fast(environment, template)
  File "/Applications/XAMPP/xamppfiles/htdocs/ss/venv/lib/python3.9/site-packages/flask/templating.py", line 99, in _get_source_fast
    raise TemplateNotFound(template)
jinja2.exceptions.TemplateNotFound: index.html
2024-11-14 17:10:33,030 - werkzeug - INFO - 127.0.0.1 - - [14/Nov/2024 17:10:33] "[32mGET / HTTP/1.1[0m" 302 -
2024-11-14 17:10:33,033 - app.routes - ERROR - Erro na rota index: index.html
Traceback (most recent call last):
  File "/Applications/XAMPP/xamppfiles/htdocs/ss/app/routes.py", line 31, in index
    return render_template('index.html',
  File "/Applications/XAMPP/xamppfiles/htdocs/ss/venv/lib/python3.9/site-packages/flask/templating.py", line 149, in render_template
    template = app.jinja_env.get_or_select_template(template_name_or_list)
  File "/Applications/XAMPP/xamppfiles/htdocs/ss/venv/lib/python3.9/site-packages/jinja2/environment.py", line 1084, in get_or_select_template
    return self.get_template(template_name_or_list, parent, globals)
  File "/Applications/XAMPP/xamppfiles/htdocs/ss/venv/lib/python3.9/site-packages/jinja2/environment.py", line 1013, in get_template
    return self._load_template(name, globals)
  File "/Applications/XAMPP/xamppfiles/htdocs/ss/venv/lib/python3.9/site-packages/jinja2/environment.py", line 972, in _load_template
    template = self.loader.load(self, name, self.make_globals(globals))
  File "/Applications/XAMPP/xamppfiles/htdocs/ss/venv/lib/python3.9/site-packages/jinja2/loaders.py", line 126, in load
    source, filename, uptodate = self.get_source(environment, name)
  File "/Applications/XAMPP/xamppfiles/htdocs/ss/venv/lib/python3.9/site-packages/flask/templating.py", line 65, in get_source
    return self._get_source_fast(environment, template)
  File "/Applications/XAMPP/xamppfiles/htdocs/ss/venv/lib/python3.9/site-packages/flask/templating.py", line 99, in _get_source_fast
    raise TemplateNotFound(template)
jinja2.exceptions.TemplateNotFound: index.html
2024-11-14 17:10:33,034 - werkzeug - INFO - 127.0.0.1 - - [14/Nov/2024 17:10:33] "[32mGET / HTTP/1.1[0m" 302 -
2024-11-14 17:10:33,037 - app.routes - ERROR - Erro na rota index: index.html
Traceback (most recent call last):
  File "/Applications/XAMPP/xamppfiles/htdocs/ss/app/routes.py", line 31, in index
    return render_template('index.html',
  File "/Applications/XAMPP/xamppfiles/htdocs/ss/venv/lib/python3.9/site-packages/flask/templating.py", line 149, in render_template
    template = app.jinja_env.get_or_select_template(template_name_or_list)
  File "/Applications/XAMPP/xamppfiles/htdocs/ss/venv/lib/python3.9/site-packages/jinja2/environment.py", line 1084, in get_or_select_template
    return self.get_template(template_name_or_list, parent, globals)
  File "/Applications/XAMPP/xamppfiles/htdocs/ss/venv/lib/python3.9/site-packages/jinja2/environment.py", line 1013, in get_template
    return self._load_template(name, globals)
  File "/Applications/XAMPP/xamppfiles/htdocs/ss/venv/lib/python3.9/site-packages/jinja2/environment.py", line 972, in _load_template
    template = self.loader.load(self, name, self.make_globals(globals))
  File "/Applications/XAMPP/xamppfiles/htdocs/ss/venv/lib/python3.9/site-packages/jinja2/loaders.py", line 126, in load
    source, filename, uptodate = self.get_source(environment, name)
  File "/Applications/XAMPP/xamppfiles/htdocs/ss/venv/lib/python3.9/site-packages/flask/templating.py", line 65, in get_source
    return self._get_source_fast(environment, template)
  File "/Applications/XAMPP/xamppfiles/htdocs/ss/venv/lib/python3.9/site-packages/flask/templating.py", line 99, in _get_source_fast
    raise TemplateNotFound(template)
jinja2.exceptions.TemplateNotFound: index.html
2024-11-14 17:10:33,038 - werkzeug - INFO - 127.0.0.1 - - [14/Nov/2024 17:10:33] "[32mGET / HTTP/1.1[0m" 302 -
2024-11-14 17:10:33,042 - app.routes - ERROR - Erro na rota index: index.html
Traceback (most recent call last):
  File "/Applications/XAMPP/xamppfiles/htdocs/ss/app/routes.py", line 31, in index
    return render_template('index.html',
  File "/Applications/XAMPP/xamppfiles/htdocs/ss/venv/lib/python3.9/site-packages/flask/templating.py", line 149, in render_template
    template = app.jinja_env.get_or_select_template(template_name_or_list)
  File "/Applications/XAMPP/xamppfiles/htdocs/ss/venv/lib/python3.9/site-packages/jinja2/environment.py", line 1084, in get_or_select_template
    return self.get_template(template_name_or_list, parent, globals)
  File "/Applications/XAMPP/xamppfiles/htdocs/ss/venv/lib/python3.9/site-packages/jinja2/environment.py", line 1013, in get_template
    return self._load_template(name, globals)
  File "/Applications/XAMPP/xamppfiles/htdocs/ss/venv/lib/python3.9/site-packages/jinja2/environment.py", line 972, in _load_template
    template = self.loader.load(self, name, self.make_globals(globals))
  File "/Applications/XAMPP/xamppfiles/htdocs/ss/venv/lib/python3.9/site-packages/jinja2/loaders.py", line 126, in load
    source, filename, uptodate = self.get_source(environment, name)
  File "/Applications/XAMPP/xamppfiles/htdocs/ss/venv/lib/python3.9/site-packages/flask/templating.py", line 65, in get_source
    return self._get_source_fast(environment, template)
  File "/Applications/XAMPP/xamppfiles/htdocs/ss/venv/lib/python3.9/site-packages/flask/templating.py", line 99, in _get_source_fast
    raise TemplateNotFound(template)
jinja2.exceptions.TemplateNotFound: index.html
2024-11-14 17:10:33,043 - werkzeug - INFO - 127.0.0.1 - - [14/Nov/2024 17:10:33] "[32mGET / HTTP/1.1[0m" 302 -
2024-11-14 17:11:38,898 - app.routes - ERROR - Erro na rota index: index.html
Traceback (most recent call last):
  File "/Applications/XAMPP/xamppfiles/htdocs/ss/app/routes.py", line 31, in index
    return render_template('index.html',
  File "/Applications/XAMPP/xamppfiles/htdocs/ss/venv/lib/python3.9/site-packages/flask/templating.py", line 149, in render_template
    template = app.jinja_env.get_or_select_template(template_name_or_list)
  File "/Applications/XAMPP/xamppfiles/htdocs/ss/venv/lib/python3.9/site-packages/jinja2/environment.py", line 1084, in get_or_select_template
    return self.get_template(template_name_or_list, parent, globals)
  File "/Applications/XAMPP/xamppfiles/htdocs/ss/venv/lib/python3.9/site-packages/jinja2/environment.py", line 1013, in get_template
    return self._load_template(name, globals)
  File "/Applications/XAMPP/xamppfiles/htdocs/ss/venv/lib/python3.9/site-packages/jinja2/environment.py", line 972, in _load_template
    template = self.loader.load(self, name, self.make_globals(globals))
  File "/Applications/XAMPP/xamppfiles/htdocs/ss/venv/lib/python3.9/site-packages/jinja2/loaders.py", line 126, in load
    source, filename, uptodate = self.get_source(environment, name)
  File "/Applications/XAMPP/xamppfiles/htdocs/ss/venv/lib/python3.9/site-packages/flask/templating.py", line 65, in get_source
    return self._get_source_fast(environment, template)
  File "/Applications/XAMPP/xamppfiles/htdocs/ss/venv/lib/python3.9/site-packages/flask/templating.py", line 99, in _get_source_fast
    raise TemplateNotFound(template)
jinja2.exceptions.TemplateNotFound: index.html
2024-11-14 17:11:38,900 - werkzeug - INFO - 127.0.0.1 - - [14/Nov/2024 17:11:38] "[32mGET / HTTP/1.1[0m" 302 -
2024-11-14 17:11:38,911 - app.routes - ERROR - Erro na rota index: index.html
Traceback (most recent call last):
  File "/Applications/XAMPP/xamppfiles/htdocs/ss/app/routes.py", line 31, in index
    return render_template('index.html',
  File "/Applications/XAMPP/xamppfiles/htdocs/ss/venv/lib/python3.9/site-packages/flask/templating.py", line 149, in render_template
    template = app.jinja_env.get_or_select_template(template_name_or_list)
  File "/Applications/XAMPP/xamppfiles/htdocs/ss/venv/lib/python3.9/site-packages/jinja2/environment.py", line 1084, in get_or_select_template
    return self.get_template(template_name_or_list, parent, globals)
  File "/Applications/XAMPP/xamppfiles/htdocs/ss/venv/lib/python3.9/site-packages/jinja2/environment.py", line 1013, in get_template
    return self._load_template(name, globals)
  File "/Applications/XAMPP/xamppfiles/htdocs/ss/venv/lib/python3.9/site-packages/jinja2/environment.py", line 972, in _load_template
    template = self.loader.load(self, name, self.make_globals(globals))
  File "/Applications/XAMPP/xamppfiles/htdocs/ss/venv/lib/python3.9/site-packages/jinja2/loaders.py", line 126, in load
    source, filename, uptodate = self.get_source(environment, name)
  File "/Applications/XAMPP/xamppfiles/htdocs/ss/venv/lib/python3.9/site-packages/flask/templating.py", line 65, in get_source
    return self._get_source_fast(environment, template)
  File "/Applications/XAMPP/xamppfiles/htdocs/ss/venv/lib/python3.9/site-packages/flask/templating.py", line 99, in _get_source_fast
    raise TemplateNotFound(template)
jinja2.exceptions.TemplateNotFound: index.html
2024-11-14 17:11:38,912 - werkzeug - INFO - 127.0.0.1 - - [14/Nov/2024 17:11:38] "[32mGET / HTTP/1.1[0m" 302 -
2024-11-14 17:11:38,919 - app.routes - ERROR - Erro na rota index: index.html
Traceback (most recent call last):
  File "/Applications/XAMPP/xamppfiles/htdocs/ss/app/routes.py", line 31, in index
    return render_template('index.html',
  File "/Applications/XAMPP/xamppfiles/htdocs/ss/venv/lib/python3.9/site-packages/flask/templating.py", line 149, in render_template
    template = app.jinja_env.get_or_select_template(template_name_or_list)
  File "/Applications/XAMPP/xamppfiles/htdocs/ss/venv/lib/python3.9/site-packages/jinja2/environment.py", line 1084, in get_or_select_template
    return self.get_template(template_name_or_list, parent, globals)
  File "/Applications/XAMPP/xamppfiles/htdocs/ss/venv/lib/python3.9/site-packages/jinja2/environment.py", line 1013, in get_template
    return self._load_template(name, globals)
  File "/Applications/XAMPP/xamppfiles/htdocs/ss/venv/lib/python3.9/site-packages/jinja2/environment.py", line 972, in _load_template
    template = self.loader.load(self, name, self.make_globals(globals))
  File "/Applications/XAMPP/xamppfiles/htdocs/ss/venv/lib/python3.9/site-packages/jinja2/loaders.py", line 126, in load
    source, filename, uptodate = self.get_source(environment, name)
  File "/Applications/XAMPP/xamppfiles/htdocs/ss/venv/lib/python3.9/site-packages/flask/templating.py", line 65, in get_source
    return self._get_source_fast(environment, template)
  File "/Applications/XAMPP/xamppfiles/htdocs/ss/venv/lib/python3.9/site-packages/flask/templating.py", line 99, in _get_source_fast
    raise TemplateNotFound(template)
jinja2.exceptions.TemplateNotFound: index.html
2024-11-14 17:11:38,920 - werkzeug - INFO - 127.0.0.1 - - [14/Nov/2024 17:11:38] "[32mGET / HTTP/1.1[0m" 302 -
2024-11-14 17:11:38,927 - app.routes - ERROR - Erro na rota index: index.html
Traceback (most recent call last):
  File "/Applications/XAMPP/xamppfiles/htdocs/ss/app/routes.py", line 31, in index
    return render_template('index.html',
  File "/Applications/XAMPP/xamppfiles/htdocs/ss/venv/lib/python3.9/site-packages/flask/templating.py", line 149, in render_template
    template = app.jinja_env.get_or_select_template(template_name_or_list)
  File "/Applications/XAMPP/xamppfiles/htdocs/ss/venv/lib/python3.9/site-packages/jinja2/environment.py", line 1084, in get_or_select_template
    return self.get_template(template_name_or_list, parent, globals)
  File "/Applications/XAMPP/xamppfiles/htdocs/ss/venv/lib/python3.9/site-packages/jinja2/environment.py", line 1013, in get_template
    return self._load_template(name, globals)
  File "/Applications/XAMPP/xamppfiles/htdocs/ss/venv/lib/python3.9/site-packages/jinja2/environment.py", line 972, in _load_template
    template = self.loader.load(self, name, self.make_globals(globals))
  File "/Applications/XAMPP/xamppfiles/htdocs/ss/venv/lib/python3.9/site-packages/jinja2/loaders.py", line 126, in load
    source, filename, uptodate = self.get_source(environment, name)
  File "/Applications/XAMPP/xamppfiles/htdocs/ss/venv/lib/python3.9/site-packages/flask/templating.py", line 65, in get_source
    return self._get_source_fast(environment, template)
  File "/Applications/XAMPP/xamppfiles/htdocs/ss/venv/lib/python3.9/site-packages/flask/templating.py", line 99, in _get_source_fast
    raise TemplateNotFound(template)
jinja2.exceptions.TemplateNotFound: index.html
2024-11-14 17:11:38,928 - werkzeug - INFO - 127.0.0.1 - - [14/Nov/2024 17:11:38] "[32mGET / HTTP/1.1[0m" 302 -
2024-11-14 17:11:38,934 - app.routes - ERROR - Erro na rota index: index.html
Traceback (most recent call last):
  File "/Applications/XAMPP/xamppfiles/htdocs/ss/app/routes.py", line 31, in index
    return render_template('index.html',
  File "/Applications/XAMPP/xamppfiles/htdocs/ss/venv/lib/python3.9/site-packages/flask/templating.py", line 149, in render_template
    template = app.jinja_env.get_or_select_template(template_name_or_list)
  File "/Applications/XAMPP/xamppfiles/htdocs/ss/venv/lib/python3.9/site-packages/jinja2/environment.py", line 1084, in get_or_select_template
    return self.get_template(template_name_or_list, parent, globals)
  File "/Applications/XAMPP/xamppfiles/htdocs/ss/venv/lib/python3.9/site-packages/jinja2/environment.py", line 1013, in get_template
    return self._load_template(name, globals)
  File "/Applications/XAMPP/xamppfiles/htdocs/ss/venv/lib/python3.9/site-packages/jinja2/environment.py", line 972, in _load_template
    template = self.loader.load(self, name, self.make_globals(globals))
  File "/Applications/XAMPP/xamppfiles/htdocs/ss/venv/lib/python3.9/site-packages/jinja2/loaders.py", line 126, in load
    source, filename, uptodate = self.get_source(environment, name)
  File "/Applications/XAMPP/xamppfiles/htdocs/ss/venv/lib/python3.9/site-packages/flask/templating.py", line 65, in get_source
    return self._get_source_fast(environment, template)
  File "/Applications/XAMPP/xamppfiles/htdocs/ss/venv/lib/python3.9/site-packages/flask/templating.py", line 99, in _get_source_fast
    raise TemplateNotFound(template)
jinja2.exceptions.TemplateNotFound: index.html
2024-11-14 17:11:38,935 - werkzeug - INFO - 127.0.0.1 - - [14/Nov/2024 17:11:38] "[32mGET / HTTP/1.1[0m" 302 -
2024-11-14 17:11:38,942 - app.routes - ERROR - Erro na rota index: index.html
Traceback (most recent call last):
  File "/Applications/XAMPP/xamppfiles/htdocs/ss/app/routes.py", line 31, in index
    return render_template('index.html',
  File "/Applications/XAMPP/xamppfiles/htdocs/ss/venv/lib/python3.9/site-packages/flask/templating.py", line 149, in render_template
    template = app.jinja_env.get_or_select_template(template_name_or_list)
  File "/Applications/XAMPP/xamppfiles/htdocs/ss/venv/lib/python3.9/site-packages/jinja2/environment.py", line 1084, in get_or_select_template
    return self.get_template(template_name_or_list, parent, globals)
  File "/Applications/XAMPP/xamppfiles/htdocs/ss/venv/lib/python3.9/site-packages/jinja2/environment.py", line 1013, in get_template
    return self._load_template(name, globals)
  File "/Applications/XAMPP/xamppfiles/htdocs/ss/venv/lib/python3.9/site-packages/jinja2/environment.py", line 972, in _load_template
    template = self.loader.load(self, name, self.make_globals(globals))
  File "/Applications/XAMPP/xamppfiles/htdocs/ss/venv/lib/python3.9/site-packages/jinja2/loaders.py", line 126, in load
    source, filename, uptodate = self.get_source(environment, name)
  File "/Applications/XAMPP/xamppfiles/htdocs/ss/venv/lib/python3.9/site-packages/flask/templating.py", line 65, in get_source
    return self._get_source_fast(environment, template)
  File "/Applications/XAMPP/xamppfiles/htdocs/ss/venv/lib/python3.9/site-packages/flask/templating.py", line 99, in _get_source_fast
    raise TemplateNotFound(template)
jinja2.exceptions.TemplateNotFound: index.html
2024-11-14 17:11:38,943 - werkzeug - INFO - 127.0.0.1 - - [14/Nov/2024 17:11:38] "[32mGET / HTTP/1.1[0m" 302 -
2024-11-14 17:11:38,948 - app.routes - ERROR - Erro na rota index: index.html
Traceback (most recent call last):
  File "/Applications/XAMPP/xamppfiles/htdocs/ss/app/routes.py", line 31, in index
    return render_template('index.html',
  File "/Applications/XAMPP/xamppfiles/htdocs/ss/venv/lib/python3.9/site-packages/flask/templating.py", line 149, in render_template
    template = app.jinja_env.get_or_select_template(template_name_or_list)
  File "/Applications/XAMPP/xamppfiles/htdocs/ss/venv/lib/python3.9/site-packages/jinja2/environment.py", line 1084, in get_or_select_template
    return self.get_template(template_name_or_list, parent, globals)
  File "/Applications/XAMPP/xamppfiles/htdocs/ss/venv/lib/python3.9/site-packages/jinja2/environment.py", line 1013, in get_template
    return self._load_template(name, globals)
  File "/Applications/XAMPP/xamppfiles/htdocs/ss/venv/lib/python3.9/site-packages/jinja2/environment.py", line 972, in _load_template
    template = self.loader.load(self, name, self.make_globals(globals))
  File "/Applications/XAMPP/xamppfiles/htdocs/ss/venv/lib/python3.9/site-packages/jinja2/loaders.py", line 126, in load
    source, filename, uptodate = self.get_source(environment, name)
  File "/Applications/XAMPP/xamppfiles/htdocs/ss/venv/lib/python3.9/site-packages/flask/templating.py", line 65, in get_source
    return self._get_source_fast(environment, template)
  File "/Applications/XAMPP/xamppfiles/htdocs/ss/venv/lib/python3.9/site-packages/flask/templating.py", line 99, in _get_source_fast
    raise TemplateNotFound(template)
jinja2.exceptions.TemplateNotFound: index.html
2024-11-14 17:11:38,949 - werkzeug - INFO - 127.0.0.1 - - [14/Nov/2024 17:11:38] "[32mGET / HTTP/1.1[0m" 302 -
2024-11-14 17:11:38,955 - app.routes - ERROR - Erro na rota index: index.html
Traceback (most recent call last):
  File "/Applications/XAMPP/xamppfiles/htdocs/ss/app/routes.py", line 31, in index
    return render_template('index.html',
  File "/Applications/XAMPP/xamppfiles/htdocs/ss/venv/lib/python3.9/site-packages/flask/templating.py", line 149, in render_template
    template = app.jinja_env.get_or_select_template(template_name_or_list)
  File "/Applications/XAMPP/xamppfiles/htdocs/ss/venv/lib/python3.9/site-packages/jinja2/environment.py", line 1084, in get_or_select_template
    return self.get_template(template_name_or_list, parent, globals)
  File "/Applications/XAMPP/xamppfiles/htdocs/ss/venv/lib/python3.9/site-packages/jinja2/environment.py", line 1013, in get_template
    return self._load_template(name, globals)
  File "/Applications/XAMPP/xamppfiles/htdocs/ss/venv/lib/python3.9/site-packages/jinja2/environment.py", line 972, in _load_template
    template = self.loader.load(self, name, self.make_globals(globals))
  File "/Applications/XAMPP/xamppfiles/htdocs/ss/venv/lib/python3.9/site-packages/jinja2/loaders.py", line 126, in load
    source, filename, uptodate = self.get_source(environment, name)
  File "/Applications/XAMPP/xamppfiles/htdocs/ss/venv/lib/python3.9/site-packages/flask/templating.py", line 65, in get_source
    return self._get_source_fast(environment, template)
  File "/Applications/XAMPP/xamppfiles/htdocs/ss/venv/lib/python3.9/site-packages/flask/templating.py", line 99, in _get_source_fast
    raise TemplateNotFound(template)
jinja2.exceptions.TemplateNotFound: index.html
2024-11-14 17:11:38,956 - werkzeug - INFO - 127.0.0.1 - - [14/Nov/2024 17:11:38] "[32mGET / HTTP/1.1[0m" 302 -
2024-11-14 17:11:38,962 - app.routes - ERROR - Erro na rota index: index.html
Traceback (most recent call last):
  File "/Applications/XAMPP/xamppfiles/htdocs/ss/app/routes.py", line 31, in index
    return render_template('index.html',
  File "/Applications/XAMPP/xamppfiles/htdocs/ss/venv/lib/python3.9/site-packages/flask/templating.py", line 149, in render_template
    template = app.jinja_env.get_or_select_template(template_name_or_list)
  File "/Applications/XAMPP/xamppfiles/htdocs/ss/venv/lib/python3.9/site-packages/jinja2/environment.py", line 1084, in get_or_select_template
    return self.get_template(template_name_or_list, parent, globals)
  File "/Applications/XAMPP/xamppfiles/htdocs/ss/venv/lib/python3.9/site-packages/jinja2/environment.py", line 1013, in get_template
    return self._load_template(name, globals)
  File "/Applications/XAMPP/xamppfiles/htdocs/ss/venv/lib/python3.9/site-packages/jinja2/environment.py", line 972, in _load_template
    template = self.loader.load(self, name, self.make_globals(globals))
  File "/Applications/XAMPP/xamppfiles/htdocs/ss/venv/lib/python3.9/site-packages/jinja2/loaders.py", line 126, in load
    source, filename, uptodate = self.get_source(environment, name)
  File "/Applications/XAMPP/xamppfiles/htdocs/ss/venv/lib/python3.9/site-packages/flask/templating.py", line 65, in get_source
    return self._get_source_fast(environment, template)
  File "/Applications/XAMPP/xamppfiles/htdocs/ss/venv/lib/python3.9/site-packages/flask/templating.py", line 99, in _get_source_fast
    raise TemplateNotFound(template)
jinja2.exceptions.TemplateNotFound: index.html
2024-11-14 17:11:38,963 - werkzeug - INFO - 127.0.0.1 - - [14/Nov/2024 17:11:38] "[32mGET / HTTP/1.1[0m" 302 -
2024-11-14 17:11:38,968 - app.routes - ERROR - Erro na rota index: index.html
Traceback (most recent call last):
  File "/Applications/XAMPP/xamppfiles/htdocs/ss/app/routes.py", line 31, in index
    return render_template('index.html',
  File "/Applications/XAMPP/xamppfiles/htdocs/ss/venv/lib/python3.9/site-packages/flask/templating.py", line 149, in render_template
    template = app.jinja_env.get_or_select_template(template_name_or_list)
  File "/Applications/XAMPP/xamppfiles/htdocs/ss/venv/lib/python3.9/site-packages/jinja2/environment.py", line 1084, in get_or_select_template
    return self.get_template(template_name_or_list, parent, globals)
  File "/Applications/XAMPP/xamppfiles/htdocs/ss/venv/lib/python3.9/site-packages/jinja2/environment.py", line 1013, in get_template
    return self._load_template(name, globals)
  File "/Applications/XAMPP/xamppfiles/htdocs/ss/venv/lib/python3.9/site-packages/jinja2/environment.py", line 972, in _load_template
    template = self.loader.load(self, name, self.make_globals(globals))
  File "/Applications/XAMPP/xamppfiles/htdocs/ss/venv/lib/python3.9/site-packages/jinja2/loaders.py", line 126, in load
    source, filename, uptodate = self.get_source(environment, name)
  File "/Applications/XAMPP/xamppfiles/htdocs/ss/venv/lib/python3.9/site-packages/flask/templating.py", line 65, in get_source
    return self._get_source_fast(environment, template)
  File "/Applications/XAMPP/xamppfiles/htdocs/ss/venv/lib/python3.9/site-packages/flask/templating.py", line 99, in _get_source_fast
    raise TemplateNotFound(template)
jinja2.exceptions.TemplateNotFound: index.html
2024-11-14 17:11:38,969 - werkzeug - INFO - 127.0.0.1 - - [14/Nov/2024 17:11:38] "[32mGET / HTTP/1.1[0m" 302 -
2024-11-14 17:11:38,975 - app.routes - ERROR - Erro na rota index: index.html
Traceback (most recent call last):
  File "/Applications/XAMPP/xamppfiles/htdocs/ss/app/routes.py", line 31, in index
    return render_template('index.html',
  File "/Applications/XAMPP/xamppfiles/htdocs/ss/venv/lib/python3.9/site-packages/flask/templating.py", line 149, in render_template
    template = app.jinja_env.get_or_select_template(template_name_or_list)
  File "/Applications/XAMPP/xamppfiles/htdocs/ss/venv/lib/python3.9/site-packages/jinja2/environment.py", line 1084, in get_or_select_template
    return self.get_template(template_name_or_list, parent, globals)
  File "/Applications/XAMPP/xamppfiles/htdocs/ss/venv/lib/python3.9/site-packages/jinja2/environment.py", line 1013, in get_template
    return self._load_template(name, globals)
  File "/Applications/XAMPP/xamppfiles/htdocs/ss/venv/lib/python3.9/site-packages/jinja2/environment.py", line 972, in _load_template
    template = self.loader.load(self, name, self.make_globals(globals))
  File "/Applications/XAMPP/xamppfiles/htdocs/ss/venv/lib/python3.9/site-packages/jinja2/loaders.py", line 126, in load
    source, filename, uptodate = self.get_source(environment, name)
  File "/Applications/XAMPP/xamppfiles/htdocs/ss/venv/lib/python3.9/site-packages/flask/templating.py", line 65, in get_source
    return self._get_source_fast(environment, template)
  File "/Applications/XAMPP/xamppfiles/htdocs/ss/venv/lib/python3.9/site-packages/flask/templating.py", line 99, in _get_source_fast
    raise TemplateNotFound(template)
jinja2.exceptions.TemplateNotFound: index.html
2024-11-14 17:11:38,976 - werkzeug - INFO - 127.0.0.1 - - [14/Nov/2024 17:11:38] "[32mGET / HTTP/1.1[0m" 302 -
2024-11-14 17:11:38,981 - app.routes - ERROR - Erro na rota index: index.html
Traceback (most recent call last):
  File "/Applications/XAMPP/xamppfiles/htdocs/ss/app/routes.py", line 31, in index
    return render_template('index.html',
  File "/Applications/XAMPP/xamppfiles/htdocs/ss/venv/lib/python3.9/site-packages/flask/templating.py", line 149, in render_template
    template = app.jinja_env.get_or_select_template(template_name_or_list)
  File "/Applications/XAMPP/xamppfiles/htdocs/ss/venv/lib/python3.9/site-packages/jinja2/environment.py", line 1084, in get_or_select_template
    return self.get_template(template_name_or_list, parent, globals)
  File "/Applications/XAMPP/xamppfiles/htdocs/ss/venv/lib/python3.9/site-packages/jinja2/environment.py", line 1013, in get_template
    return self._load_template(name, globals)
  File "/Applications/XAMPP/xamppfiles/htdocs/ss/venv/lib/python3.9/site-packages/jinja2/environment.py", line 972, in _load_template
    template = self.loader.load(self, name, self.make_globals(globals))
  File "/Applications/XAMPP/xamppfiles/htdocs/ss/venv/lib/python3.9/site-packages/jinja2/loaders.py", line 126, in load
    source, filename, uptodate = self.get_source(environment, name)
  File "/Applications/XAMPP/xamppfiles/htdocs/ss/venv/lib/python3.9/site-packages/flask/templating.py", line 65, in get_source
    return self._get_source_fast(environment, template)
  File "/Applications/XAMPP/xamppfiles/htdocs/ss/venv/lib/python3.9/site-packages/flask/templating.py", line 99, in _get_source_fast
    raise TemplateNotFound(template)
jinja2.exceptions.TemplateNotFound: index.html
2024-11-14 17:11:38,982 - werkzeug - INFO - 127.0.0.1 - - [14/Nov/2024 17:11:38] "[32mGET / HTTP/1.1[0m" 302 -
2024-11-14 17:11:38,987 - app.routes - ERROR - Erro na rota index: index.html
Traceback (most recent call last):
  File "/Applications/XAMPP/xamppfiles/htdocs/ss/app/routes.py", line 31, in index
    return render_template('index.html',
  File "/Applications/XAMPP/xamppfiles/htdocs/ss/venv/lib/python3.9/site-packages/flask/templating.py", line 149, in render_template
    template = app.jinja_env.get_or_select_template(template_name_or_list)
  File "/Applications/XAMPP/xamppfiles/htdocs/ss/venv/lib/python3.9/site-packages/jinja2/environment.py", line 1084, in get_or_select_template
    return self.get_template(template_name_or_list, parent, globals)
  File "/Applications/XAMPP/xamppfiles/htdocs/ss/venv/lib/python3.9/site-packages/jinja2/environment.py", line 1013, in get_template
    return self._load_template(name, globals)
  File "/Applications/XAMPP/xamppfiles/htdocs/ss/venv/lib/python3.9/site-packages/jinja2/environment.py", line 972, in _load_template
    template = self.loader.load(self, name, self.make_globals(globals))
  File "/Applications/XAMPP/xamppfiles/htdocs/ss/venv/lib/python3.9/site-packages/jinja2/loaders.py", line 126, in load
    source, filename, uptodate = self.get_source(environment, name)
  File "/Applications/XAMPP/xamppfiles/htdocs/ss/venv/lib/python3.9/site-packages/flask/templating.py", line 65, in get_source
    return self._get_source_fast(environment, template)
  File "/Applications/XAMPP/xamppfiles/htdocs/ss/venv/lib/python3.9/site-packages/flask/templating.py", line 99, in _get_source_fast
    raise TemplateNotFound(template)
jinja2.exceptions.TemplateNotFound: index.html
2024-11-14 17:11:38,989 - werkzeug - INFO - 127.0.0.1 - - [14/Nov/2024 17:11:38] "[32mGET / HTTP/1.1[0m" 302 -
2024-11-14 17:11:38,994 - app.routes - ERROR - Erro na rota index: index.html
Traceback (most recent call last):
  File "/Applications/XAMPP/xamppfiles/htdocs/ss/app/routes.py", line 31, in index
    return render_template('index.html',
  File "/Applications/XAMPP/xamppfiles/htdocs/ss/venv/lib/python3.9/site-packages/flask/templating.py", line 149, in render_template
    template = app.jinja_env.get_or_select_template(template_name_or_list)
  File "/Applications/XAMPP/xamppfiles/htdocs/ss/venv/lib/python3.9/site-packages/jinja2/environment.py", line 1084, in get_or_select_template
    return self.get_template(template_name_or_list, parent, globals)
  File "/Applications/XAMPP/xamppfiles/htdocs/ss/venv/lib/python3.9/site-packages/jinja2/environment.py", line 1013, in get_template
    return self._load_template(name, globals)
  File "/Applications/XAMPP/xamppfiles/htdocs/ss/venv/lib/python3.9/site-packages/jinja2/environment.py", line 972, in _load_template
    template = self.loader.load(self, name, self.make_globals(globals))
  File "/Applications/XAMPP/xamppfiles/htdocs/ss/venv/lib/python3.9/site-packages/jinja2/loaders.py", line 126, in load
    source, filename, uptodate = self.get_source(environment, name)
  File "/Applications/XAMPP/xamppfiles/htdocs/ss/venv/lib/python3.9/site-packages/flask/templating.py", line 65, in get_source
    return self._get_source_fast(environment, template)
  File "/Applications/XAMPP/xamppfiles/htdocs/ss/venv/lib/python3.9/site-packages/flask/templating.py", line 99, in _get_source_fast
    raise TemplateNotFound(template)
jinja2.exceptions.TemplateNotFound: index.html
2024-11-14 17:11:38,995 - werkzeug - INFO - 127.0.0.1 - - [14/Nov/2024 17:11:38] "[32mGET / HTTP/1.1[0m" 302 -
2024-11-14 17:11:39,000 - app.routes - ERROR - Erro na rota index: index.html
Traceback (most recent call last):
  File "/Applications/XAMPP/xamppfiles/htdocs/ss/app/routes.py", line 31, in index
    return render_template('index.html',
  File "/Applications/XAMPP/xamppfiles/htdocs/ss/venv/lib/python3.9/site-packages/flask/templating.py", line 149, in render_template
    template = app.jinja_env.get_or_select_template(template_name_or_list)
  File "/Applications/XAMPP/xamppfiles/htdocs/ss/venv/lib/python3.9/site-packages/jinja2/environment.py", line 1084, in get_or_select_template
    return self.get_template(template_name_or_list, parent, globals)
  File "/Applications/XAMPP/xamppfiles/htdocs/ss/venv/lib/python3.9/site-packages/jinja2/environment.py", line 1013, in get_template
    return self._load_template(name, globals)
  File "/Applications/XAMPP/xamppfiles/htdocs/ss/venv/lib/python3.9/site-packages/jinja2/environment.py", line 972, in _load_template
    template = self.loader.load(self, name, self.make_globals(globals))
  File "/Applications/XAMPP/xamppfiles/htdocs/ss/venv/lib/python3.9/site-packages/jinja2/loaders.py", line 126, in load
    source, filename, uptodate = self.get_source(environment, name)
  File "/Applications/XAMPP/xamppfiles/htdocs/ss/venv/lib/python3.9/site-packages/flask/templating.py", line 65, in get_source
    return self._get_source_fast(environment, template)
  File "/Applications/XAMPP/xamppfiles/htdocs/ss/venv/lib/python3.9/site-packages/flask/templating.py", line 99, in _get_source_fast
    raise TemplateNotFound(template)
jinja2.exceptions.TemplateNotFound: index.html
2024-11-14 17:11:39,001 - werkzeug - INFO - 127.0.0.1 - - [14/Nov/2024 17:11:39] "[32mGET / HTTP/1.1[0m" 302 -
2024-11-14 17:11:39,006 - app.routes - ERROR - Erro na rota index: index.html
Traceback (most recent call last):
  File "/Applications/XAMPP/xamppfiles/htdocs/ss/app/routes.py", line 31, in index
    return render_template('index.html',
  File "/Applications/XAMPP/xamppfiles/htdocs/ss/venv/lib/python3.9/site-packages/flask/templating.py", line 149, in render_template
    template = app.jinja_env.get_or_select_template(template_name_or_list)
  File "/Applications/XAMPP/xamppfiles/htdocs/ss/venv/lib/python3.9/site-packages/jinja2/environment.py", line 1084, in get_or_select_template
    return self.get_template(template_name_or_list, parent, globals)
  File "/Applications/XAMPP/xamppfiles/htdocs/ss/venv/lib/python3.9/site-packages/jinja2/environment.py", line 1013, in get_template
    return self._load_template(name, globals)
  File "/Applications/XAMPP/xamppfiles/htdocs/ss/venv/lib/python3.9/site-packages/jinja2/environment.py", line 972, in _load_template
    template = self.loader.load(self, name, self.make_globals(globals))
  File "/Applications/XAMPP/xamppfiles/htdocs/ss/venv/lib/python3.9/site-packages/jinja2/loaders.py", line 126, in load
    source, filename, uptodate = self.get_source(environment, name)
  File "/Applications/XAMPP/xamppfiles/htdocs/ss/venv/lib/python3.9/site-packages/flask/templating.py", line 65, in get_source
    return self._get_source_fast(environment, template)
  File "/Applications/XAMPP/xamppfiles/htdocs/ss/venv/lib/python3.9/site-packages/flask/templating.py", line 99, in _get_source_fast
    raise TemplateNotFound(template)
jinja2.exceptions.TemplateNotFound: index.html
2024-11-14 17:11:39,007 - werkzeug - INFO - 127.0.0.1 - - [14/Nov/2024 17:11:39] "[32mGET / HTTP/1.1[0m" 302 -
2024-11-14 17:11:39,012 - app.routes - ERROR - Erro na rota index: index.html
Traceback (most recent call last):
  File "/Applications/XAMPP/xamppfiles/htdocs/ss/app/routes.py", line 31, in index
    return render_template('index.html',
  File "/Applications/XAMPP/xamppfiles/htdocs/ss/venv/lib/python3.9/site-packages/flask/templating.py", line 149, in render_template
    template = app.jinja_env.get_or_select_template(template_name_or_list)
  File "/Applications/XAMPP/xamppfiles/htdocs/ss/venv/lib/python3.9/site-packages/jinja2/environment.py", line 1084, in get_or_select_template
    return self.get_template(template_name_or_list, parent, globals)
  File "/Applications/XAMPP/xamppfiles/htdocs/ss/venv/lib/python3.9/site-packages/jinja2/environment.py", line 1013, in get_template
    return self._load_template(name, globals)
  File "/Applications/XAMPP/xamppfiles/htdocs/ss/venv/lib/python3.9/site-packages/jinja2/environment.py", line 972, in _load_template
    template = self.loader.load(self, name, self.make_globals(globals))
  File "/Applications/XAMPP/xamppfiles/htdocs/ss/venv/lib/python3.9/site-packages/jinja2/loaders.py", line 126, in load
    source, filename, uptodate = self.get_source(environment, name)
  File "/Applications/XAMPP/xamppfiles/htdocs/ss/venv/lib/python3.9/site-packages/flask/templating.py", line 65, in get_source
    return self._get_source_fast(environment, template)
  File "/Applications/XAMPP/xamppfiles/htdocs/ss/venv/lib/python3.9/site-packages/flask/templating.py", line 99, in _get_source_fast
    raise TemplateNotFound(template)
jinja2.exceptions.TemplateNotFound: index.html
2024-11-14 17:11:39,013 - werkzeug - INFO - 127.0.0.1 - - [14/Nov/2024 17:11:39] "[32mGET / HTTP/1.1[0m" 302 -
2024-11-14 17:11:39,018 - app.routes - ERROR - Erro na rota index: index.html
Traceback (most recent call last):
  File "/Applications/XAMPP/xamppfiles/htdocs/ss/app/routes.py", line 31, in index
    return render_template('index.html',
  File "/Applications/XAMPP/xamppfiles/htdocs/ss/venv/lib/python3.9/site-packages/flask/templating.py", line 149, in render_template
    template = app.jinja_env.get_or_select_template(template_name_or_list)
  File "/Applications/XAMPP/xamppfiles/htdocs/ss/venv/lib/python3.9/site-packages/jinja2/environment.py", line 1084, in get_or_select_template
    return self.get_template(template_name_or_list, parent, globals)
  File "/Applications/XAMPP/xamppfiles/htdocs/ss/venv/lib/python3.9/site-packages/jinja2/environment.py", line 1013, in get_template
    return self._load_template(name, globals)
  File "/Applications/XAMPP/xamppfiles/htdocs/ss/venv/lib/python3.9/site-packages/jinja2/environment.py", line 972, in _load_template
    template = self.loader.load(self, name, self.make_globals(globals))
  File "/Applications/XAMPP/xamppfiles/htdocs/ss/venv/lib/python3.9/site-packages/jinja2/loaders.py", line 126, in load
    source, filename, uptodate = self.get_source(environment, name)
  File "/Applications/XAMPP/xamppfiles/htdocs/ss/venv/lib/python3.9/site-packages/flask/templating.py", line 65, in get_source
    return self._get_source_fast(environment, template)
  File "/Applications/XAMPP/xamppfiles/htdocs/ss/venv/lib/python3.9/site-packages/flask/templating.py", line 99, in _get_source_fast
    raise TemplateNotFound(template)
jinja2.exceptions.TemplateNotFound: index.html
2024-11-14 17:11:39,019 - werkzeug - INFO - 127.0.0.1 - - [14/Nov/2024 17:11:39] "[32mGET / HTTP/1.1[0m" 302 -
2024-11-14 17:11:39,024 - app.routes - ERROR - Erro na rota index: index.html
Traceback (most recent call last):
  File "/Applications/XAMPP/xamppfiles/htdocs/ss/app/routes.py", line 31, in index
    return render_template('index.html',
  File "/Applications/XAMPP/xamppfiles/htdocs/ss/venv/lib/python3.9/site-packages/flask/templating.py", line 149, in render_template
    template = app.jinja_env.get_or_select_template(template_name_or_list)
  File "/Applications/XAMPP/xamppfiles/htdocs/ss/venv/lib/python3.9/site-packages/jinja2/environment.py", line 1084, in get_or_select_template
    return self.get_template(template_name_or_list, parent, globals)
  File "/Applications/XAMPP/xamppfiles/htdocs/ss/venv/lib/python3.9/site-packages/jinja2/environment.py", line 1013, in get_template
    return self._load_template(name, globals)
  File "/Applications/XAMPP/xamppfiles/htdocs/ss/venv/lib/python3.9/site-packages/jinja2/environment.py", line 972, in _load_template
    template = self.loader.load(self, name, self.make_globals(globals))
  File "/Applications/XAMPP/xamppfiles/htdocs/ss/venv/lib/python3.9/site-packages/jinja2/loaders.py", line 126, in load
    source, filename, uptodate = self.get_source(environment, name)
  File "/Applications/XAMPP/xamppfiles/htdocs/ss/venv/lib/python3.9/site-packages/flask/templating.py", line 65, in get_source
    return self._get_source_fast(environment, template)
  File "/Applications/XAMPP/xamppfiles/htdocs/ss/venv/lib/python3.9/site-packages/flask/templating.py", line 99, in _get_source_fast
    raise TemplateNotFound(template)
jinja2.exceptions.TemplateNotFound: index.html
2024-11-14 17:11:39,025 - werkzeug - INFO - 127.0.0.1 - - [14/Nov/2024 17:11:39] "[32mGET / HTTP/1.1[0m" 302 -
2024-11-14 17:11:39,029 - app.routes - ERROR - Erro na rota index: index.html
Traceback (most recent call last):
  File "/Applications/XAMPP/xamppfiles/htdocs/ss/app/routes.py", line 31, in index
    return render_template('index.html',
  File "/Applications/XAMPP/xamppfiles/htdocs/ss/venv/lib/python3.9/site-packages/flask/templating.py", line 149, in render_template
    template = app.jinja_env.get_or_select_template(template_name_or_list)
  File "/Applications/XAMPP/xamppfiles/htdocs/ss/venv/lib/python3.9/site-packages/jinja2/environment.py", line 1084, in get_or_select_template
    return self.get_template(template_name_or_list, parent, globals)
  File "/Applications/XAMPP/xamppfiles/htdocs/ss/venv/lib/python3.9/site-packages/jinja2/environment.py", line 1013, in get_template
    return self._load_template(name, globals)
  File "/Applications/XAMPP/xamppfiles/htdocs/ss/venv/lib/python3.9/site-packages/jinja2/environment.py", line 972, in _load_template
    template = self.loader.load(self, name, self.make_globals(globals))
  File "/Applications/XAMPP/xamppfiles/htdocs/ss/venv/lib/python3.9/site-packages/jinja2/loaders.py", line 126, in load
    source, filename, uptodate = self.get_source(environment, name)
  File "/Applications/XAMPP/xamppfiles/htdocs/ss/venv/lib/python3.9/site-packages/flask/templating.py", line 65, in get_source
    return self._get_source_fast(environment, template)
  File "/Applications/XAMPP/xamppfiles/htdocs/ss/venv/lib/python3.9/site-packages/flask/templating.py", line 99, in _get_source_fast
    raise TemplateNotFound(template)
jinja2.exceptions.TemplateNotFound: index.html
2024-11-14 17:11:39,030 - werkzeug - INFO - 127.0.0.1 - - [14/Nov/2024 17:11:39] "[32mGET / HTTP/1.1[0m" 302 -
2024-11-14 17:11:39,035 - app.routes - ERROR - Erro na rota index: index.html
Traceback (most recent call last):
  File "/Applications/XAMPP/xamppfiles/htdocs/ss/app/routes.py", line 31, in index
    return render_template('index.html',
  File "/Applications/XAMPP/xamppfiles/htdocs/ss/venv/lib/python3.9/site-packages/flask/templating.py", line 149, in render_template
    template = app.jinja_env.get_or_select_template(template_name_or_list)
  File "/Applications/XAMPP/xamppfiles/htdocs/ss/venv/lib/python3.9/site-packages/jinja2/environment.py", line 1084, in get_or_select_template
    return self.get_template(template_name_or_list, parent, globals)
  File "/Applications/XAMPP/xamppfiles/htdocs/ss/venv/lib/python3.9/site-packages/jinja2/environment.py", line 1013, in get_template
    return self._load_template(name, globals)
  File "/Applications/XAMPP/xamppfiles/htdocs/ss/venv/lib/python3.9/site-packages/jinja2/environment.py", line 972, in _load_template
    template = self.loader.load(self, name, self.make_globals(globals))
  File "/Applications/XAMPP/xamppfiles/htdocs/ss/venv/lib/python3.9/site-packages/jinja2/loaders.py", line 126, in load
    source, filename, uptodate = self.get_source(environment, name)
  File "/Applications/XAMPP/xamppfiles/htdocs/ss/venv/lib/python3.9/site-packages/flask/templating.py", line 65, in get_source
    return self._get_source_fast(environment, template)
  File "/Applications/XAMPP/xamppfiles/htdocs/ss/venv/lib/python3.9/site-packages/flask/templating.py", line 99, in _get_source_fast
    raise TemplateNotFound(template)
jinja2.exceptions.TemplateNotFound: index.html
2024-11-14 17:11:39,036 - werkzeug - INFO - 127.0.0.1 - - [14/Nov/2024 17:11:39] "[32mGET / HTTP/1.1[0m" 302 -
2024-11-14 17:12:48,916 - app.routes - ERROR - Erro na rota index: index.html
Traceback (most recent call last):
  File "/Applications/XAMPP/xamppfiles/htdocs/ss/app/routes.py", line 31, in index
    return render_template('index.html',
  File "/Applications/XAMPP/xamppfiles/htdocs/ss/venv/lib/python3.9/site-packages/flask/templating.py", line 149, in render_template
    template = app.jinja_env.get_or_select_template(template_name_or_list)
  File "/Applications/XAMPP/xamppfiles/htdocs/ss/venv/lib/python3.9/site-packages/jinja2/environment.py", line 1084, in get_or_select_template
    return self.get_template(template_name_or_list, parent, globals)
  File "/Applications/XAMPP/xamppfiles/htdocs/ss/venv/lib/python3.9/site-packages/jinja2/environment.py", line 1013, in get_template
    return self._load_template(name, globals)
  File "/Applications/XAMPP/xamppfiles/htdocs/ss/venv/lib/python3.9/site-packages/jinja2/environment.py", line 972, in _load_template
    template = self.loader.load(self, name, self.make_globals(globals))
  File "/Applications/XAMPP/xamppfiles/htdocs/ss/venv/lib/python3.9/site-packages/jinja2/loaders.py", line 126, in load
    source, filename, uptodate = self.get_source(environment, name)
  File "/Applications/XAMPP/xamppfiles/htdocs/ss/venv/lib/python3.9/site-packages/flask/templating.py", line 65, in get_source
    return self._get_source_fast(environment, template)
  File "/Applications/XAMPP/xamppfiles/htdocs/ss/venv/lib/python3.9/site-packages/flask/templating.py", line 99, in _get_source_fast
    raise TemplateNotFound(template)
jinja2.exceptions.TemplateNotFound: index.html
2024-11-14 17:12:48,919 - werkzeug - INFO - 127.0.0.1 - - [14/Nov/2024 17:12:48] "[32mGET / HTTP/1.1[0m" 302 -
2024-11-14 17:12:48,931 - app.routes - ERROR - Erro na rota index: index.html
Traceback (most recent call last):
  File "/Applications/XAMPP/xamppfiles/htdocs/ss/app/routes.py", line 31, in index
    return render_template('index.html',
  File "/Applications/XAMPP/xamppfiles/htdocs/ss/venv/lib/python3.9/site-packages/flask/templating.py", line 149, in render_template
    template = app.jinja_env.get_or_select_template(template_name_or_list)
  File "/Applications/XAMPP/xamppfiles/htdocs/ss/venv/lib/python3.9/site-packages/jinja2/environment.py", line 1084, in get_or_select_template
    return self.get_template(template_name_or_list, parent, globals)
  File "/Applications/XAMPP/xamppfiles/htdocs/ss/venv/lib/python3.9/site-packages/jinja2/environment.py", line 1013, in get_template
    return self._load_template(name, globals)
  File "/Applications/XAMPP/xamppfiles/htdocs/ss/venv/lib/python3.9/site-packages/jinja2/environment.py", line 972, in _load_template
    template = self.loader.load(self, name, self.make_globals(globals))
  File "/Applications/XAMPP/xamppfiles/htdocs/ss/venv/lib/python3.9/site-packages/jinja2/loaders.py", line 126, in load
    source, filename, uptodate = self.get_source(environment, name)
  File "/Applications/XAMPP/xamppfiles/htdocs/ss/venv/lib/python3.9/site-packages/flask/templating.py", line 65, in get_source
    return self._get_source_fast(environment, template)
  File "/Applications/XAMPP/xamppfiles/htdocs/ss/venv/lib/python3.9/site-packages/flask/templating.py", line 99, in _get_source_fast
    raise TemplateNotFound(template)
jinja2.exceptions.TemplateNotFound: index.html
2024-11-14 17:12:48,933 - werkzeug - INFO - 127.0.0.1 - - [14/Nov/2024 17:12:48] "[32mGET / HTTP/1.1[0m" 302 -
2024-11-14 17:12:48,941 - app.routes - ERROR - Erro na rota index: index.html
Traceback (most recent call last):
  File "/Applications/XAMPP/xamppfiles/htdocs/ss/app/routes.py", line 31, in index
    return render_template('index.html',
  File "/Applications/XAMPP/xamppfiles/htdocs/ss/venv/lib/python3.9/site-packages/flask/templating.py", line 149, in render_template
    template = app.jinja_env.get_or_select_template(template_name_or_list)
  File "/Applications/XAMPP/xamppfiles/htdocs/ss/venv/lib/python3.9/site-packages/jinja2/environment.py", line 1084, in get_or_select_template
    return self.get_template(template_name_or_list, parent, globals)
  File "/Applications/XAMPP/xamppfiles/htdocs/ss/venv/lib/python3.9/site-packages/jinja2/environment.py", line 1013, in get_template
    return self._load_template(name, globals)
  File "/Applications/XAMPP/xamppfiles/htdocs/ss/venv/lib/python3.9/site-packages/jinja2/environment.py", line 972, in _load_template
    template = self.loader.load(self, name, self.make_globals(globals))
  File "/Applications/XAMPP/xamppfiles/htdocs/ss/venv/lib/python3.9/site-packages/jinja2/loaders.py", line 126, in load
    source, filename, uptodate = self.get_source(environment, name)
  File "/Applications/XAMPP/xamppfiles/htdocs/ss/venv/lib/python3.9/site-packages/flask/templating.py", line 65, in get_source
    return self._get_source_fast(environment, template)
  File "/Applications/XAMPP/xamppfiles/htdocs/ss/venv/lib/python3.9/site-packages/flask/templating.py", line 99, in _get_source_fast
    raise TemplateNotFound(template)
jinja2.exceptions.TemplateNotFound: index.html
2024-11-14 17:12:48,942 - werkzeug - INFO - 127.0.0.1 - - [14/Nov/2024 17:12:48] "[32mGET / HTTP/1.1[0m" 302 -
2024-11-14 17:12:48,949 - app.routes - ERROR - Erro na rota index: index.html
Traceback (most recent call last):
  File "/Applications/XAMPP/xamppfiles/htdocs/ss/app/routes.py", line 31, in index
    return render_template('index.html',
  File "/Applications/XAMPP/xamppfiles/htdocs/ss/venv/lib/python3.9/site-packages/flask/templating.py", line 149, in render_template
    template = app.jinja_env.get_or_select_template(template_name_or_list)
  File "/Applications/XAMPP/xamppfiles/htdocs/ss/venv/lib/python3.9/site-packages/jinja2/environment.py", line 1084, in get_or_select_template
    return self.get_template(template_name_or_list, parent, globals)
  File "/Applications/XAMPP/xamppfiles/htdocs/ss/venv/lib/python3.9/site-packages/jinja2/environment.py", line 1013, in get_template
    return self._load_template(name, globals)
  File "/Applications/XAMPP/xamppfiles/htdocs/ss/venv/lib/python3.9/site-packages/jinja2/environment.py", line 972, in _load_template
    template = self.loader.load(self, name, self.make_globals(globals))
  File "/Applications/XAMPP/xamppfiles/htdocs/ss/venv/lib/python3.9/site-packages/jinja2/loaders.py", line 126, in load
    source, filename, uptodate = self.get_source(environment, name)
  File "/Applications/XAMPP/xamppfiles/htdocs/ss/venv/lib/python3.9/site-packages/flask/templating.py", line 65, in get_source
    return self._get_source_fast(environment, template)
  File "/Applications/XAMPP/xamppfiles/htdocs/ss/venv/lib/python3.9/site-packages/flask/templating.py", line 99, in _get_source_fast
    raise TemplateNotFound(template)
jinja2.exceptions.TemplateNotFound: index.html
2024-11-14 17:12:48,950 - werkzeug - INFO - 127.0.0.1 - - [14/Nov/2024 17:12:48] "[32mGET / HTTP/1.1[0m" 302 -
2024-11-14 17:12:48,956 - app.routes - ERROR - Erro na rota index: index.html
Traceback (most recent call last):
  File "/Applications/XAMPP/xamppfiles/htdocs/ss/app/routes.py", line 31, in index
    return render_template('index.html',
  File "/Applications/XAMPP/xamppfiles/htdocs/ss/venv/lib/python3.9/site-packages/flask/templating.py", line 149, in render_template
    template = app.jinja_env.get_or_select_template(template_name_or_list)
  File "/Applications/XAMPP/xamppfiles/htdocs/ss/venv/lib/python3.9/site-packages/jinja2/environment.py", line 1084, in get_or_select_template
    return self.get_template(template_name_or_list, parent, globals)
  File "/Applications/XAMPP/xamppfiles/htdocs/ss/venv/lib/python3.9/site-packages/jinja2/environment.py", line 1013, in get_template
    return self._load_template(name, globals)
  File "/Applications/XAMPP/xamppfiles/htdocs/ss/venv/lib/python3.9/site-packages/jinja2/environment.py", line 972, in _load_template
    template = self.loader.load(self, name, self.make_globals(globals))
  File "/Applications/XAMPP/xamppfiles/htdocs/ss/venv/lib/python3.9/site-packages/jinja2/loaders.py", line 126, in load
    source, filename, uptodate = self.get_source(environment, name)
  File "/Applications/XAMPP/xamppfiles/htdocs/ss/venv/lib/python3.9/site-packages/flask/templating.py", line 65, in get_source
    return self._get_source_fast(environment, template)
  File "/Applications/XAMPP/xamppfiles/htdocs/ss/venv/lib/python3.9/site-packages/flask/templating.py", line 99, in _get_source_fast
    raise TemplateNotFound(template)
jinja2.exceptions.TemplateNotFound: index.html
2024-11-14 17:12:48,957 - werkzeug - INFO - 127.0.0.1 - - [14/Nov/2024 17:12:48] "[32mGET / HTTP/1.1[0m" 302 -
2024-11-14 17:12:48,963 - app.routes - ERROR - Erro na rota index: index.html
Traceback (most recent call last):
  File "/Applications/XAMPP/xamppfiles/htdocs/ss/app/routes.py", line 31, in index
    return render_template('index.html',
  File "/Applications/XAMPP/xamppfiles/htdocs/ss/venv/lib/python3.9/site-packages/flask/templating.py", line 149, in render_template
    template = app.jinja_env.get_or_select_template(template_name_or_list)
  File "/Applications/XAMPP/xamppfiles/htdocs/ss/venv/lib/python3.9/site-packages/jinja2/environment.py", line 1084, in get_or_select_template
    return self.get_template(template_name_or_list, parent, globals)
  File "/Applications/XAMPP/xamppfiles/htdocs/ss/venv/lib/python3.9/site-packages/jinja2/environment.py", line 1013, in get_template
    return self._load_template(name, globals)
  File "/Applications/XAMPP/xamppfiles/htdocs/ss/venv/lib/python3.9/site-packages/jinja2/environment.py", line 972, in _load_template
    template = self.loader.load(self, name, self.make_globals(globals))
  File "/Applications/XAMPP/xamppfiles/htdocs/ss/venv/lib/python3.9/site-packages/jinja2/loaders.py", line 126, in load
    source, filename, uptodate = self.get_source(environment, name)
  File "/Applications/XAMPP/xamppfiles/htdocs/ss/venv/lib/python3.9/site-packages/flask/templating.py", line 65, in get_source
    return self._get_source_fast(environment, template)
  File "/Applications/XAMPP/xamppfiles/htdocs/ss/venv/lib/python3.9/site-packages/flask/templating.py", line 99, in _get_source_fast
    raise TemplateNotFound(template)
jinja2.exceptions.TemplateNotFound: index.html
2024-11-14 17:12:48,964 - werkzeug - INFO - 127.0.0.1 - - [14/Nov/2024 17:12:48] "[32mGET / HTTP/1.1[0m" 302 -
2024-11-14 17:12:48,971 - app.routes - ERROR - Erro na rota index: index.html
Traceback (most recent call last):
  File "/Applications/XAMPP/xamppfiles/htdocs/ss/app/routes.py", line 31, in index
    return render_template('index.html',
  File "/Applications/XAMPP/xamppfiles/htdocs/ss/venv/lib/python3.9/site-packages/flask/templating.py", line 149, in render_template
    template = app.jinja_env.get_or_select_template(template_name_or_list)
  File "/Applications/XAMPP/xamppfiles/htdocs/ss/venv/lib/python3.9/site-packages/jinja2/environment.py", line 1084, in get_or_select_template
    return self.get_template(template_name_or_list, parent, globals)
  File "/Applications/XAMPP/xamppfiles/htdocs/ss/venv/lib/python3.9/site-packages/jinja2/environment.py", line 1013, in get_template
    return self._load_template(name, globals)
  File "/Applications/XAMPP/xamppfiles/htdocs/ss/venv/lib/python3.9/site-packages/jinja2/environment.py", line 972, in _load_template
    template = self.loader.load(self, name, self.make_globals(globals))
  File "/Applications/XAMPP/xamppfiles/htdocs/ss/venv/lib/python3.9/site-packages/jinja2/loaders.py", line 126, in load
    source, filename, uptodate = self.get_source(environment, name)
  File "/Applications/XAMPP/xamppfiles/htdocs/ss/venv/lib/python3.9/site-packages/flask/templating.py", line 65, in get_source
    return self._get_source_fast(environment, template)
  File "/Applications/XAMPP/xamppfiles/htdocs/ss/venv/lib/python3.9/site-packages/flask/templating.py", line 99, in _get_source_fast
    raise TemplateNotFound(template)
jinja2.exceptions.TemplateNotFound: index.html
2024-11-14 17:12:48,972 - werkzeug - INFO - 127.0.0.1 - - [14/Nov/2024 17:12:48] "[32mGET / HTTP/1.1[0m" 302 -
2024-11-14 17:12:48,979 - app.routes - ERROR - Erro na rota index: index.html
Traceback (most recent call last):
  File "/Applications/XAMPP/xamppfiles/htdocs/ss/app/routes.py", line 31, in index
    return render_template('index.html',
  File "/Applications/XAMPP/xamppfiles/htdocs/ss/venv/lib/python3.9/site-packages/flask/templating.py", line 149, in render_template
    template = app.jinja_env.get_or_select_template(template_name_or_list)
  File "/Applications/XAMPP/xamppfiles/htdocs/ss/venv/lib/python3.9/site-packages/jinja2/environment.py", line 1084, in get_or_select_template
    return self.get_template(template_name_or_list, parent, globals)
  File "/Applications/XAMPP/xamppfiles/htdocs/ss/venv/lib/python3.9/site-packages/jinja2/environment.py", line 1013, in get_template
    return self._load_template(name, globals)
  File "/Applications/XAMPP/xamppfiles/htdocs/ss/venv/lib/python3.9/site-packages/jinja2/environment.py", line 972, in _load_template
    template = self.loader.load(self, name, self.make_globals(globals))
  File "/Applications/XAMPP/xamppfiles/htdocs/ss/venv/lib/python3.9/site-packages/jinja2/loaders.py", line 126, in load
    source, filename, uptodate = self.get_source(environment, name)
  File "/Applications/XAMPP/xamppfiles/htdocs/ss/venv/lib/python3.9/site-packages/flask/templating.py", line 65, in get_source
    return self._get_source_fast(environment, template)
  File "/Applications/XAMPP/xamppfiles/htdocs/ss/venv/lib/python3.9/site-packages/flask/templating.py", line 99, in _get_source_fast
    raise TemplateNotFound(template)
jinja2.exceptions.TemplateNotFound: index.html
2024-11-14 17:12:48,980 - werkzeug - INFO - 127.0.0.1 - - [14/Nov/2024 17:12:48] "[32mGET / HTTP/1.1[0m" 302 -
2024-11-14 17:12:48,986 - app.routes - ERROR - Erro na rota index: index.html
Traceback (most recent call last):
  File "/Applications/XAMPP/xamppfiles/htdocs/ss/app/routes.py", line 31, in index
    return render_template('index.html',
  File "/Applications/XAMPP/xamppfiles/htdocs/ss/venv/lib/python3.9/site-packages/flask/templating.py", line 149, in render_template
    template = app.jinja_env.get_or_select_template(template_name_or_list)
  File "/Applications/XAMPP/xamppfiles/htdocs/ss/venv/lib/python3.9/site-packages/jinja2/environment.py", line 1084, in get_or_select_template
    return self.get_template(template_name_or_list, parent, globals)
  File "/Applications/XAMPP/xamppfiles/htdocs/ss/venv/lib/python3.9/site-packages/jinja2/environment.py", line 1013, in get_template
    return self._load_template(name, globals)
  File "/Applications/XAMPP/xamppfiles/htdocs/ss/venv/lib/python3.9/site-packages/jinja2/environment.py", line 972, in _load_template
    template = self.loader.load(self, name, self.make_globals(globals))
  File "/Applications/XAMPP/xamppfiles/htdocs/ss/venv/lib/python3.9/site-packages/jinja2/loaders.py", line 126, in load
    source, filename, uptodate = self.get_source(environment, name)
  File "/Applications/XAMPP/xamppfiles/htdocs/ss/venv/lib/python3.9/site-packages/flask/templating.py", line 65, in get_source
    return self._get_source_fast(environment, template)
  File "/Applications/XAMPP/xamppfiles/htdocs/ss/venv/lib/python3.9/site-packages/flask/templating.py", line 99, in _get_source_fast
    raise TemplateNotFound(template)
jinja2.exceptions.TemplateNotFound: index.html
2024-11-14 17:12:48,987 - werkzeug - INFO - 127.0.0.1 - - [14/Nov/2024 17:12:48] "[32mGET / HTTP/1.1[0m" 302 -
2024-11-14 17:12:48,993 - app.routes - ERROR - Erro na rota index: index.html
Traceback (most recent call last):
  File "/Applications/XAMPP/xamppfiles/htdocs/ss/app/routes.py", line 31, in index
    return render_template('index.html',
  File "/Applications/XAMPP/xamppfiles/htdocs/ss/venv/lib/python3.9/site-packages/flask/templating.py", line 149, in render_template
    template = app.jinja_env.get_or_select_template(template_name_or_list)
  File "/Applications/XAMPP/xamppfiles/htdocs/ss/venv/lib/python3.9/site-packages/jinja2/environment.py", line 1084, in get_or_select_template
    return self.get_template(template_name_or_list, parent, globals)
  File "/Applications/XAMPP/xamppfiles/htdocs/ss/venv/lib/python3.9/site-packages/jinja2/environment.py", line 1013, in get_template
    return self._load_template(name, globals)
  File "/Applications/XAMPP/xamppfiles/htdocs/ss/venv/lib/python3.9/site-packages/jinja2/environment.py", line 972, in _load_template
    template = self.loader.load(self, name, self.make_globals(globals))
  File "/Applications/XAMPP/xamppfiles/htdocs/ss/venv/lib/python3.9/site-packages/jinja2/loaders.py", line 126, in load
    source, filename, uptodate = self.get_source(environment, name)
  File "/Applications/XAMPP/xamppfiles/htdocs/ss/venv/lib/python3.9/site-packages/flask/templating.py", line 65, in get_source
    return self._get_source_fast(environment, template)
  File "/Applications/XAMPP/xamppfiles/htdocs/ss/venv/lib/python3.9/site-packages/flask/templating.py", line 99, in _get_source_fast
    raise TemplateNotFound(template)
jinja2.exceptions.TemplateNotFound: index.html
2024-11-14 17:12:48,995 - werkzeug - INFO - 127.0.0.1 - - [14/Nov/2024 17:12:48] "[32mGET / HTTP/1.1[0m" 302 -
2024-11-14 17:12:49,001 - app.routes - ERROR - Erro na rota index: index.html
Traceback (most recent call last):
  File "/Applications/XAMPP/xamppfiles/htdocs/ss/app/routes.py", line 31, in index
    return render_template('index.html',
  File "/Applications/XAMPP/xamppfiles/htdocs/ss/venv/lib/python3.9/site-packages/flask/templating.py", line 149, in render_template
    template = app.jinja_env.get_or_select_template(template_name_or_list)
  File "/Applications/XAMPP/xamppfiles/htdocs/ss/venv/lib/python3.9/site-packages/jinja2/environment.py", line 1084, in get_or_select_template
    return self.get_template(template_name_or_list, parent, globals)
  File "/Applications/XAMPP/xamppfiles/htdocs/ss/venv/lib/python3.9/site-packages/jinja2/environment.py", line 1013, in get_template
    return self._load_template(name, globals)
  File "/Applications/XAMPP/xamppfiles/htdocs/ss/venv/lib/python3.9/site-packages/jinja2/environment.py", line 972, in _load_template
    template = self.loader.load(self, name, self.make_globals(globals))
  File "/Applications/XAMPP/xamppfiles/htdocs/ss/venv/lib/python3.9/site-packages/jinja2/loaders.py", line 126, in load
    source, filename, uptodate = self.get_source(environment, name)
  File "/Applications/XAMPP/xamppfiles/htdocs/ss/venv/lib/python3.9/site-packages/flask/templating.py", line 65, in get_source
    return self._get_source_fast(environment, template)
  File "/Applications/XAMPP/xamppfiles/htdocs/ss/venv/lib/python3.9/site-packages/flask/templating.py", line 99, in _get_source_fast
    raise TemplateNotFound(template)
jinja2.exceptions.TemplateNotFound: index.html
2024-11-14 17:12:49,002 - werkzeug - INFO - 127.0.0.1 - - [14/Nov/2024 17:12:49] "[32mGET / HTTP/1.1[0m" 302 -
2024-11-14 17:12:49,008 - app.routes - ERROR - Erro na rota index: index.html
Traceback (most recent call last):
  File "/Applications/XAMPP/xamppfiles/htdocs/ss/app/routes.py", line 31, in index
    return render_template('index.html',
  File "/Applications/XAMPP/xamppfiles/htdocs/ss/venv/lib/python3.9/site-packages/flask/templating.py", line 149, in render_template
    template = app.jinja_env.get_or_select_template(template_name_or_list)
  File "/Applications/XAMPP/xamppfiles/htdocs/ss/venv/lib/python3.9/site-packages/jinja2/environment.py", line 1084, in get_or_select_template
    return self.get_template(template_name_or_list, parent, globals)
  File "/Applications/XAMPP/xamppfiles/htdocs/ss/venv/lib/python3.9/site-packages/jinja2/environment.py", line 1013, in get_template
    return self._load_template(name, globals)
  File "/Applications/XAMPP/xamppfiles/htdocs/ss/venv/lib/python3.9/site-packages/jinja2/environment.py", line 972, in _load_template
    template = self.loader.load(self, name, self.make_globals(globals))
  File "/Applications/XAMPP/xamppfiles/htdocs/ss/venv/lib/python3.9/site-packages/jinja2/loaders.py", line 126, in load
    source, filename, uptodate = self.get_source(environment, name)
  File "/Applications/XAMPP/xamppfiles/htdocs/ss/venv/lib/python3.9/site-packages/flask/templating.py", line 65, in get_source
    return self._get_source_fast(environment, template)
  File "/Applications/XAMPP/xamppfiles/htdocs/ss/venv/lib/python3.9/site-packages/flask/templating.py", line 99, in _get_source_fast
    raise TemplateNotFound(template)
jinja2.exceptions.TemplateNotFound: index.html
2024-11-14 17:12:49,010 - werkzeug - INFO - 127.0.0.1 - - [14/Nov/2024 17:12:49] "[32mGET / HTTP/1.1[0m" 302 -
2024-11-14 17:12:49,015 - app.routes - ERROR - Erro na rota index: index.html
Traceback (most recent call last):
  File "/Applications/XAMPP/xamppfiles/htdocs/ss/app/routes.py", line 31, in index
    return render_template('index.html',
  File "/Applications/XAMPP/xamppfiles/htdocs/ss/venv/lib/python3.9/site-packages/flask/templating.py", line 149, in render_template
    template = app.jinja_env.get_or_select_template(template_name_or_list)
  File "/Applications/XAMPP/xamppfiles/htdocs/ss/venv/lib/python3.9/site-packages/jinja2/environment.py", line 1084, in get_or_select_template
    return self.get_template(template_name_or_list, parent, globals)
  File "/Applications/XAMPP/xamppfiles/htdocs/ss/venv/lib/python3.9/site-packages/jinja2/environment.py", line 1013, in get_template
    return self._load_template(name, globals)
  File "/Applications/XAMPP/xamppfiles/htdocs/ss/venv/lib/python3.9/site-packages/jinja2/environment.py", line 972, in _load_template
    template = self.loader.load(self, name, self.make_globals(globals))
  File "/Applications/XAMPP/xamppfiles/htdocs/ss/venv/lib/python3.9/site-packages/jinja2/loaders.py", line 126, in load
    source, filename, uptodate = self.get_source(environment, name)
  File "/Applications/XAMPP/xamppfiles/htdocs/ss/venv/lib/python3.9/site-packages/flask/templating.py", line 65, in get_source
    return self._get_source_fast(environment, template)
  File "/Applications/XAMPP/xamppfiles/htdocs/ss/venv/lib/python3.9/site-packages/flask/templating.py", line 99, in _get_source_fast
    raise TemplateNotFound(template)
jinja2.exceptions.TemplateNotFound: index.html
2024-11-14 17:12:49,016 - werkzeug - INFO - 127.0.0.1 - - [14/Nov/2024 17:12:49] "[32mGET / HTTP/1.1[0m" 302 -
2024-11-14 17:12:49,022 - app.routes - ERROR - Erro na rota index: index.html
Traceback (most recent call last):
  File "/Applications/XAMPP/xamppfiles/htdocs/ss/app/routes.py", line 31, in index
    return render_template('index.html',
  File "/Applications/XAMPP/xamppfiles/htdocs/ss/venv/lib/python3.9/site-packages/flask/templating.py", line 149, in render_template
    template = app.jinja_env.get_or_select_template(template_name_or_list)
  File "/Applications/XAMPP/xamppfiles/htdocs/ss/venv/lib/python3.9/site-packages/jinja2/environment.py", line 1084, in get_or_select_template
    return self.get_template(template_name_or_list, parent, globals)
  File "/Applications/XAMPP/xamppfiles/htdocs/ss/venv/lib/python3.9/site-packages/jinja2/environment.py", line 1013, in get_template
    return self._load_template(name, globals)
  File "/Applications/XAMPP/xamppfiles/htdocs/ss/venv/lib/python3.9/site-packages/jinja2/environment.py", line 972, in _load_template
    template = self.loader.load(self, name, self.make_globals(globals))
  File "/Applications/XAMPP/xamppfiles/htdocs/ss/venv/lib/python3.9/site-packages/jinja2/loaders.py", line 126, in load
    source, filename, uptodate = self.get_source(environment, name)
  File "/Applications/XAMPP/xamppfiles/htdocs/ss/venv/lib/python3.9/site-packages/flask/templating.py", line 65, in get_source
    return self._get_source_fast(environment, template)
  File "/Applications/XAMPP/xamppfiles/htdocs/ss/venv/lib/python3.9/site-packages/flask/templating.py", line 99, in _get_source_fast
    raise TemplateNotFound(template)
jinja2.exceptions.TemplateNotFound: index.html
2024-11-14 17:12:49,023 - werkzeug - INFO - 127.0.0.1 - - [14/Nov/2024 17:12:49] "[32mGET / HTTP/1.1[0m" 302 -
2024-11-14 17:12:49,028 - app.routes - ERROR - Erro na rota index: index.html
Traceback (most recent call last):
  File "/Applications/XAMPP/xamppfiles/htdocs/ss/app/routes.py", line 31, in index
    return render_template('index.html',
  File "/Applications/XAMPP/xamppfiles/htdocs/ss/venv/lib/python3.9/site-packages/flask/templating.py", line 149, in render_template
    template = app.jinja_env.get_or_select_template(template_name_or_list)
  File "/Applications/XAMPP/xamppfiles/htdocs/ss/venv/lib/python3.9/site-packages/jinja2/environment.py", line 1084, in get_or_select_template
    return self.get_template(template_name_or_list, parent, globals)
  File "/Applications/XAMPP/xamppfiles/htdocs/ss/venv/lib/python3.9/site-packages/jinja2/environment.py", line 1013, in get_template
    return self._load_template(name, globals)
  File "/Applications/XAMPP/xamppfiles/htdocs/ss/venv/lib/python3.9/site-packages/jinja2/environment.py", line 972, in _load_template
    template = self.loader.load(self, name, self.make_globals(globals))
  File "/Applications/XAMPP/xamppfiles/htdocs/ss/venv/lib/python3.9/site-packages/jinja2/loaders.py", line 126, in load
    source, filename, uptodate = self.get_source(environment, name)
  File "/Applications/XAMPP/xamppfiles/htdocs/ss/venv/lib/python3.9/site-packages/flask/templating.py", line 65, in get_source
    return self._get_source_fast(environment, template)
  File "/Applications/XAMPP/xamppfiles/htdocs/ss/venv/lib/python3.9/site-packages/flask/templating.py", line 99, in _get_source_fast
    raise TemplateNotFound(template)
jinja2.exceptions.TemplateNotFound: index.html
2024-11-14 17:12:49,029 - werkzeug - INFO - 127.0.0.1 - - [14/Nov/2024 17:12:49] "[32mGET / HTTP/1.1[0m" 302 -
2024-11-14 17:12:49,034 - app.routes - ERROR - Erro na rota index: index.html
Traceback (most recent call last):
  File "/Applications/XAMPP/xamppfiles/htdocs/ss/app/routes.py", line 31, in index
    return render_template('index.html',
  File "/Applications/XAMPP/xamppfiles/htdocs/ss/venv/lib/python3.9/site-packages/flask/templating.py", line 149, in render_template
    template = app.jinja_env.get_or_select_template(template_name_or_list)
  File "/Applications/XAMPP/xamppfiles/htdocs/ss/venv/lib/python3.9/site-packages/jinja2/environment.py", line 1084, in get_or_select_template
    return self.get_template(template_name_or_list, parent, globals)
  File "/Applications/XAMPP/xamppfiles/htdocs/ss/venv/lib/python3.9/site-packages/jinja2/environment.py", line 1013, in get_template
    return self._load_template(name, globals)
  File "/Applications/XAMPP/xamppfiles/htdocs/ss/venv/lib/python3.9/site-packages/jinja2/environment.py", line 972, in _load_template
    template = self.loader.load(self, name, self.make_globals(globals))
  File "/Applications/XAMPP/xamppfiles/htdocs/ss/venv/lib/python3.9/site-packages/jinja2/loaders.py", line 126, in load
    source, filename, uptodate = self.get_source(environment, name)
  File "/Applications/XAMPP/xamppfiles/htdocs/ss/venv/lib/python3.9/site-packages/flask/templating.py", line 65, in get_source
    return self._get_source_fast(environment, template)
  File "/Applications/XAMPP/xamppfiles/htdocs/ss/venv/lib/python3.9/site-packages/flask/templating.py", line 99, in _get_source_fast
    raise TemplateNotFound(template)
jinja2.exceptions.TemplateNotFound: index.html
2024-11-14 17:12:49,035 - werkzeug - INFO - 127.0.0.1 - - [14/Nov/2024 17:12:49] "[32mGET / HTTP/1.1[0m" 302 -
2024-11-14 17:12:49,041 - app.routes - ERROR - Erro na rota index: index.html
Traceback (most recent call last):
  File "/Applications/XAMPP/xamppfiles/htdocs/ss/app/routes.py", line 31, in index
    return render_template('index.html',
  File "/Applications/XAMPP/xamppfiles/htdocs/ss/venv/lib/python3.9/site-packages/flask/templating.py", line 149, in render_template
    template = app.jinja_env.get_or_select_template(template_name_or_list)
  File "/Applications/XAMPP/xamppfiles/htdocs/ss/venv/lib/python3.9/site-packages/jinja2/environment.py", line 1084, in get_or_select_template
    return self.get_template(template_name_or_list, parent, globals)
  File "/Applications/XAMPP/xamppfiles/htdocs/ss/venv/lib/python3.9/site-packages/jinja2/environment.py", line 1013, in get_template
    return self._load_template(name, globals)
  File "/Applications/XAMPP/xamppfiles/htdocs/ss/venv/lib/python3.9/site-packages/jinja2/environment.py", line 972, in _load_template
    template = self.loader.load(self, name, self.make_globals(globals))
  File "/Applications/XAMPP/xamppfiles/htdocs/ss/venv/lib/python3.9/site-packages/jinja2/loaders.py", line 126, in load
    source, filename, uptodate = self.get_source(environment, name)
  File "/Applications/XAMPP/xamppfiles/htdocs/ss/venv/lib/python3.9/site-packages/flask/templating.py", line 65, in get_source
    return self._get_source_fast(environment, template)
  File "/Applications/XAMPP/xamppfiles/htdocs/ss/venv/lib/python3.9/site-packages/flask/templating.py", line 99, in _get_source_fast
    raise TemplateNotFound(template)
jinja2.exceptions.TemplateNotFound: index.html
2024-11-14 17:12:49,042 - werkzeug - INFO - 127.0.0.1 - - [14/Nov/2024 17:12:49] "[32mGET / HTTP/1.1[0m" 302 -
2024-11-14 17:12:49,048 - app.routes - ERROR - Erro na rota index: index.html
Traceback (most recent call last):
  File "/Applications/XAMPP/xamppfiles/htdocs/ss/app/routes.py", line 31, in index
    return render_template('index.html',
  File "/Applications/XAMPP/xamppfiles/htdocs/ss/venv/lib/python3.9/site-packages/flask/templating.py", line 149, in render_template
    template = app.jinja_env.get_or_select_template(template_name_or_list)
  File "/Applications/XAMPP/xamppfiles/htdocs/ss/venv/lib/python3.9/site-packages/jinja2/environment.py", line 1084, in get_or_select_template
    return self.get_template(template_name_or_list, parent, globals)
  File "/Applications/XAMPP/xamppfiles/htdocs/ss/venv/lib/python3.9/site-packages/jinja2/environment.py", line 1013, in get_template
    return self._load_template(name, globals)
  File "/Applications/XAMPP/xamppfiles/htdocs/ss/venv/lib/python3.9/site-packages/jinja2/environment.py", line 972, in _load_template
    template = self.loader.load(self, name, self.make_globals(globals))
  File "/Applications/XAMPP/xamppfiles/htdocs/ss/venv/lib/python3.9/site-packages/jinja2/loaders.py", line 126, in load
    source, filename, uptodate = self.get_source(environment, name)
  File "/Applications/XAMPP/xamppfiles/htdocs/ss/venv/lib/python3.9/site-packages/flask/templating.py", line 65, in get_source
    return self._get_source_fast(environment, template)
  File "/Applications/XAMPP/xamppfiles/htdocs/ss/venv/lib/python3.9/site-packages/flask/templating.py", line 99, in _get_source_fast
    raise TemplateNotFound(template)
jinja2.exceptions.TemplateNotFound: index.html
2024-11-14 17:12:49,049 - werkzeug - INFO - 127.0.0.1 - - [14/Nov/2024 17:12:49] "[32mGET / HTTP/1.1[0m" 302 -
2024-11-14 17:12:49,054 - app.routes - ERROR - Erro na rota index: index.html
Traceback (most recent call last):
  File "/Applications/XAMPP/xamppfiles/htdocs/ss/app/routes.py", line 31, in index
    return render_template('index.html',
  File "/Applications/XAMPP/xamppfiles/htdocs/ss/venv/lib/python3.9/site-packages/flask/templating.py", line 149, in render_template
    template = app.jinja_env.get_or_select_template(template_name_or_list)
  File "/Applications/XAMPP/xamppfiles/htdocs/ss/venv/lib/python3.9/site-packages/jinja2/environment.py", line 1084, in get_or_select_template
    return self.get_template(template_name_or_list, parent, globals)
  File "/Applications/XAMPP/xamppfiles/htdocs/ss/venv/lib/python3.9/site-packages/jinja2/environment.py", line 1013, in get_template
    return self._load_template(name, globals)
  File "/Applications/XAMPP/xamppfiles/htdocs/ss/venv/lib/python3.9/site-packages/jinja2/environment.py", line 972, in _load_template
    template = self.loader.load(self, name, self.make_globals(globals))
  File "/Applications/XAMPP/xamppfiles/htdocs/ss/venv/lib/python3.9/site-packages/jinja2/loaders.py", line 126, in load
    source, filename, uptodate = self.get_source(environment, name)
  File "/Applications/XAMPP/xamppfiles/htdocs/ss/venv/lib/python3.9/site-packages/flask/templating.py", line 65, in get_source
    return self._get_source_fast(environment, template)
  File "/Applications/XAMPP/xamppfiles/htdocs/ss/venv/lib/python3.9/site-packages/flask/templating.py", line 99, in _get_source_fast
    raise TemplateNotFound(template)
jinja2.exceptions.TemplateNotFound: index.html
2024-11-14 17:12:49,055 - werkzeug - INFO - 127.0.0.1 - - [14/Nov/2024 17:12:49] "[32mGET / HTTP/1.1[0m" 302 -
2024-11-14 17:12:49,060 - app.routes - ERROR - Erro na rota index: index.html
Traceback (most recent call last):
  File "/Applications/XAMPP/xamppfiles/htdocs/ss/app/routes.py", line 31, in index
    return render_template('index.html',
  File "/Applications/XAMPP/xamppfiles/htdocs/ss/venv/lib/python3.9/site-packages/flask/templating.py", line 149, in render_template
    template = app.jinja_env.get_or_select_template(template_name_or_list)
  File "/Applications/XAMPP/xamppfiles/htdocs/ss/venv/lib/python3.9/site-packages/jinja2/environment.py", line 1084, in get_or_select_template
    return self.get_template(template_name_or_list, parent, globals)
  File "/Applications/XAMPP/xamppfiles/htdocs/ss/venv/lib/python3.9/site-packages/jinja2/environment.py", line 1013, in get_template
    return self._load_template(name, globals)
  File "/Applications/XAMPP/xamppfiles/htdocs/ss/venv/lib/python3.9/site-packages/jinja2/environment.py", line 972, in _load_template
    template = self.loader.load(self, name, self.make_globals(globals))
  File "/Applications/XAMPP/xamppfiles/htdocs/ss/venv/lib/python3.9/site-packages/jinja2/loaders.py", line 126, in load
    source, filename, uptodate = self.get_source(environment, name)
  File "/Applications/XAMPP/xamppfiles/htdocs/ss/venv/lib/python3.9/site-packages/flask/templating.py", line 65, in get_source
    return self._get_source_fast(environment, template)
  File "/Applications/XAMPP/xamppfiles/htdocs/ss/venv/lib/python3.9/site-packages/flask/templating.py", line 99, in _get_source_fast
    raise TemplateNotFound(template)
jinja2.exceptions.TemplateNotFound: index.html
2024-11-14 17:12:49,061 - werkzeug - INFO - 127.0.0.1 - - [14/Nov/2024 17:12:49] "[32mGET / HTTP/1.1[0m" 302 -
2024-11-14 17:12:49,066 - app.routes - ERROR - Erro na rota index: index.html
Traceback (most recent call last):
  File "/Applications/XAMPP/xamppfiles/htdocs/ss/app/routes.py", line 31, in index
    return render_template('index.html',
  File "/Applications/XAMPP/xamppfiles/htdocs/ss/venv/lib/python3.9/site-packages/flask/templating.py", line 149, in render_template
    template = app.jinja_env.get_or_select_template(template_name_or_list)
  File "/Applications/XAMPP/xamppfiles/htdocs/ss/venv/lib/python3.9/site-packages/jinja2/environment.py", line 1084, in get_or_select_template
    return self.get_template(template_name_or_list, parent, globals)
  File "/Applications/XAMPP/xamppfiles/htdocs/ss/venv/lib/python3.9/site-packages/jinja2/environment.py", line 1013, in get_template
    return self._load_template(name, globals)
  File "/Applications/XAMPP/xamppfiles/htdocs/ss/venv/lib/python3.9/site-packages/jinja2/environment.py", line 972, in _load_template
    template = self.loader.load(self, name, self.make_globals(globals))
  File "/Applications/XAMPP/xamppfiles/htdocs/ss/venv/lib/python3.9/site-packages/jinja2/loaders.py", line 126, in load
    source, filename, uptodate = self.get_source(environment, name)
  File "/Applications/XAMPP/xamppfiles/htdocs/ss/venv/lib/python3.9/site-packages/flask/templating.py", line 65, in get_source
    return self._get_source_fast(environment, template)
  File "/Applications/XAMPP/xamppfiles/htdocs/ss/venv/lib/python3.9/site-packages/flask/templating.py", line 99, in _get_source_fast
    raise TemplateNotFound(template)
jinja2.exceptions.TemplateNotFound: index.html
2024-11-14 17:12:49,067 - werkzeug - INFO - 127.0.0.1 - - [14/Nov/2024 17:12:49] "[32mGET / HTTP/1.1[0m" 302 -
2024-11-14 17:14:01,960 - app.routes - ERROR - Erro na rota index: index.html
Traceback (most recent call last):
  File "/Applications/XAMPP/xamppfiles/htdocs/ss/app/routes.py", line 31, in index
    return render_template('index.html',
  File "/Applications/XAMPP/xamppfiles/htdocs/ss/venv/lib/python3.9/site-packages/flask/templating.py", line 149, in render_template
    template = app.jinja_env.get_or_select_template(template_name_or_list)
  File "/Applications/XAMPP/xamppfiles/htdocs/ss/venv/lib/python3.9/site-packages/jinja2/environment.py", line 1084, in get_or_select_template
    return self.get_template(template_name_or_list, parent, globals)
  File "/Applications/XAMPP/xamppfiles/htdocs/ss/venv/lib/python3.9/site-packages/jinja2/environment.py", line 1013, in get_template
    return self._load_template(name, globals)
  File "/Applications/XAMPP/xamppfiles/htdocs/ss/venv/lib/python3.9/site-packages/jinja2/environment.py", line 972, in _load_template
    template = self.loader.load(self, name, self.make_globals(globals))
  File "/Applications/XAMPP/xamppfiles/htdocs/ss/venv/lib/python3.9/site-packages/jinja2/loaders.py", line 126, in load
    source, filename, uptodate = self.get_source(environment, name)
  File "/Applications/XAMPP/xamppfiles/htdocs/ss/venv/lib/python3.9/site-packages/flask/templating.py", line 65, in get_source
    return self._get_source_fast(environment, template)
  File "/Applications/XAMPP/xamppfiles/htdocs/ss/venv/lib/python3.9/site-packages/flask/templating.py", line 99, in _get_source_fast
    raise TemplateNotFound(template)
jinja2.exceptions.TemplateNotFound: index.html
2024-11-14 17:14:01,963 - werkzeug - INFO - 127.0.0.1 - - [14/Nov/2024 17:14:01] "[32mGET / HTTP/1.1[0m" 302 -
2024-11-14 17:14:01,979 - app.routes - ERROR - Erro na rota index: index.html
Traceback (most recent call last):
  File "/Applications/XAMPP/xamppfiles/htdocs/ss/app/routes.py", line 31, in index
    return render_template('index.html',
  File "/Applications/XAMPP/xamppfiles/htdocs/ss/venv/lib/python3.9/site-packages/flask/templating.py", line 149, in render_template
    template = app.jinja_env.get_or_select_template(template_name_or_list)
  File "/Applications/XAMPP/xamppfiles/htdocs/ss/venv/lib/python3.9/site-packages/jinja2/environment.py", line 1084, in get_or_select_template
    return self.get_template(template_name_or_list, parent, globals)
  File "/Applications/XAMPP/xamppfiles/htdocs/ss/venv/lib/python3.9/site-packages/jinja2/environment.py", line 1013, in get_template
    return self._load_template(name, globals)
  File "/Applications/XAMPP/xamppfiles/htdocs/ss/venv/lib/python3.9/site-packages/jinja2/environment.py", line 972, in _load_template
    template = self.loader.load(self, name, self.make_globals(globals))
  File "/Applications/XAMPP/xamppfiles/htdocs/ss/venv/lib/python3.9/site-packages/jinja2/loaders.py", line 126, in load
    source, filename, uptodate = self.get_source(environment, name)
  File "/Applications/XAMPP/xamppfiles/htdocs/ss/venv/lib/python3.9/site-packages/flask/templating.py", line 65, in get_source
    return self._get_source_fast(environment, template)
  File "/Applications/XAMPP/xamppfiles/htdocs/ss/venv/lib/python3.9/site-packages/flask/templating.py", line 99, in _get_source_fast
    raise TemplateNotFound(template)
jinja2.exceptions.TemplateNotFound: index.html
2024-11-14 17:14:01,981 - werkzeug - INFO - 127.0.0.1 - - [14/Nov/2024 17:14:01] "[32mGET / HTTP/1.1[0m" 302 -
2024-11-14 17:14:01,990 - app.routes - ERROR - Erro na rota index: index.html
Traceback (most recent call last):
  File "/Applications/XAMPP/xamppfiles/htdocs/ss/app/routes.py", line 31, in index
    return render_template('index.html',
  File "/Applications/XAMPP/xamppfiles/htdocs/ss/venv/lib/python3.9/site-packages/flask/templating.py", line 149, in render_template
    template = app.jinja_env.get_or_select_template(template_name_or_list)
  File "/Applications/XAMPP/xamppfiles/htdocs/ss/venv/lib/python3.9/site-packages/jinja2/environment.py", line 1084, in get_or_select_template
    return self.get_template(template_name_or_list, parent, globals)
  File "/Applications/XAMPP/xamppfiles/htdocs/ss/venv/lib/python3.9/site-packages/jinja2/environment.py", line 1013, in get_template
    return self._load_template(name, globals)
  File "/Applications/XAMPP/xamppfiles/htdocs/ss/venv/lib/python3.9/site-packages/jinja2/environment.py", line 972, in _load_template
    template = self.loader.load(self, name, self.make_globals(globals))
  File "/Applications/XAMPP/xamppfiles/htdocs/ss/venv/lib/python3.9/site-packages/jinja2/loaders.py", line 126, in load
    source, filename, uptodate = self.get_source(environment, name)
  File "/Applications/XAMPP/xamppfiles/htdocs/ss/venv/lib/python3.9/site-packages/flask/templating.py", line 65, in get_source
    return self._get_source_fast(environment, template)
  File "/Applications/XAMPP/xamppfiles/htdocs/ss/venv/lib/python3.9/site-packages/flask/templating.py", line 99, in _get_source_fast
    raise TemplateNotFound(template)
jinja2.exceptions.TemplateNotFound: index.html
2024-11-14 17:14:01,992 - werkzeug - INFO - 127.0.0.1 - - [14/Nov/2024 17:14:01] "[32mGET / HTTP/1.1[0m" 302 -
2024-11-14 17:14:02,000 - app.routes - ERROR - Erro na rota index: index.html
Traceback (most recent call last):
  File "/Applications/XAMPP/xamppfiles/htdocs/ss/app/routes.py", line 31, in index
    return render_template('index.html',
  File "/Applications/XAMPP/xamppfiles/htdocs/ss/venv/lib/python3.9/site-packages/flask/templating.py", line 149, in render_template
    template = app.jinja_env.get_or_select_template(template_name_or_list)
  File "/Applications/XAMPP/xamppfiles/htdocs/ss/venv/lib/python3.9/site-packages/jinja2/environment.py", line 1084, in get_or_select_template
    return self.get_template(template_name_or_list, parent, globals)
  File "/Applications/XAMPP/xamppfiles/htdocs/ss/venv/lib/python3.9/site-packages/jinja2/environment.py", line 1013, in get_template
    return self._load_template(name, globals)
  File "/Applications/XAMPP/xamppfiles/htdocs/ss/venv/lib/python3.9/site-packages/jinja2/environment.py", line 972, in _load_template
    template = self.loader.load(self, name, self.make_globals(globals))
  File "/Applications/XAMPP/xamppfiles/htdocs/ss/venv/lib/python3.9/site-packages/jinja2/loaders.py", line 126, in load
    source, filename, uptodate = self.get_source(environment, name)
  File "/Applications/XAMPP/xamppfiles/htdocs/ss/venv/lib/python3.9/site-packages/flask/templating.py", line 65, in get_source
    return self._get_source_fast(environment, template)
  File "/Applications/XAMPP/xamppfiles/htdocs/ss/venv/lib/python3.9/site-packages/flask/templating.py", line 99, in _get_source_fast
    raise TemplateNotFound(template)
jinja2.exceptions.TemplateNotFound: index.html
2024-11-14 17:14:02,001 - werkzeug - INFO - 127.0.0.1 - - [14/Nov/2024 17:14:02] "[32mGET / HTTP/1.1[0m" 302 -
2024-11-14 17:14:02,010 - app.routes - ERROR - Erro na rota index: index.html
Traceback (most recent call last):
  File "/Applications/XAMPP/xamppfiles/htdocs/ss/app/routes.py", line 31, in index
    return render_template('index.html',
  File "/Applications/XAMPP/xamppfiles/htdocs/ss/venv/lib/python3.9/site-packages/flask/templating.py", line 149, in render_template
    template = app.jinja_env.get_or_select_template(template_name_or_list)
  File "/Applications/XAMPP/xamppfiles/htdocs/ss/venv/lib/python3.9/site-packages/jinja2/environment.py", line 1084, in get_or_select_template
    return self.get_template(template_name_or_list, parent, globals)
  File "/Applications/XAMPP/xamppfiles/htdocs/ss/venv/lib/python3.9/site-packages/jinja2/environment.py", line 1013, in get_template
    return self._load_template(name, globals)
  File "/Applications/XAMPP/xamppfiles/htdocs/ss/venv/lib/python3.9/site-packages/jinja2/environment.py", line 972, in _load_template
    template = self.loader.load(self, name, self.make_globals(globals))
  File "/Applications/XAMPP/xamppfiles/htdocs/ss/venv/lib/python3.9/site-packages/jinja2/loaders.py", line 126, in load
    source, filename, uptodate = self.get_source(environment, name)
  File "/Applications/XAMPP/xamppfiles/htdocs/ss/venv/lib/python3.9/site-packages/flask/templating.py", line 65, in get_source
    return self._get_source_fast(environment, template)
  File "/Applications/XAMPP/xamppfiles/htdocs/ss/venv/lib/python3.9/site-packages/flask/templating.py", line 99, in _get_source_fast
    raise TemplateNotFound(template)
jinja2.exceptions.TemplateNotFound: index.html
2024-11-14 17:14:02,011 - werkzeug - INFO - 127.0.0.1 - - [14/Nov/2024 17:14:02] "[32mGET / HTTP/1.1[0m" 302 -
2024-11-14 17:14:02,018 - app.routes - ERROR - Erro na rota index: index.html
Traceback (most recent call last):
  File "/Applications/XAMPP/xamppfiles/htdocs/ss/app/routes.py", line 31, in index
    return render_template('index.html',
  File "/Applications/XAMPP/xamppfiles/htdocs/ss/venv/lib/python3.9/site-packages/flask/templating.py", line 149, in render_template
    template = app.jinja_env.get_or_select_template(template_name_or_list)
  File "/Applications/XAMPP/xamppfiles/htdocs/ss/venv/lib/python3.9/site-packages/jinja2/environment.py", line 1084, in get_or_select_template
    return self.get_template(template_name_or_list, parent, globals)
  File "/Applications/XAMPP/xamppfiles/htdocs/ss/venv/lib/python3.9/site-packages/jinja2/environment.py", line 1013, in get_template
    return self._load_template(name, globals)
  File "/Applications/XAMPP/xamppfiles/htdocs/ss/venv/lib/python3.9/site-packages/jinja2/environment.py", line 972, in _load_template
    template = self.loader.load(self, name, self.make_globals(globals))
  File "/Applications/XAMPP/xamppfiles/htdocs/ss/venv/lib/python3.9/site-packages/jinja2/loaders.py", line 126, in load
    source, filename, uptodate = self.get_source(environment, name)
  File "/Applications/XAMPP/xamppfiles/htdocs/ss/venv/lib/python3.9/site-packages/flask/templating.py", line 65, in get_source
    return self._get_source_fast(environment, template)
  File "/Applications/XAMPP/xamppfiles/htdocs/ss/venv/lib/python3.9/site-packages/flask/templating.py", line 99, in _get_source_fast
    raise TemplateNotFound(template)
jinja2.exceptions.TemplateNotFound: index.html
2024-11-14 17:14:02,020 - werkzeug - INFO - 127.0.0.1 - - [14/Nov/2024 17:14:02] "[32mGET / HTTP/1.1[0m" 302 -
2024-11-14 17:14:02,027 - app.routes - ERROR - Erro na rota index: index.html
Traceback (most recent call last):
  File "/Applications/XAMPP/xamppfiles/htdocs/ss/app/routes.py", line 31, in index
    return render_template('index.html',
  File "/Applications/XAMPP/xamppfiles/htdocs/ss/venv/lib/python3.9/site-packages/flask/templating.py", line 149, in render_template
    template = app.jinja_env.get_or_select_template(template_name_or_list)
  File "/Applications/XAMPP/xamppfiles/htdocs/ss/venv/lib/python3.9/site-packages/jinja2/environment.py", line 1084, in get_or_select_template
    return self.get_template(template_name_or_list, parent, globals)
  File "/Applications/XAMPP/xamppfiles/htdocs/ss/venv/lib/python3.9/site-packages/jinja2/environment.py", line 1013, in get_template
    return self._load_template(name, globals)
  File "/Applications/XAMPP/xamppfiles/htdocs/ss/venv/lib/python3.9/site-packages/jinja2/environment.py", line 972, in _load_template
    template = self.loader.load(self, name, self.make_globals(globals))
  File "/Applications/XAMPP/xamppfiles/htdocs/ss/venv/lib/python3.9/site-packages/jinja2/loaders.py", line 126, in load
    source, filename, uptodate = self.get_source(environment, name)
  File "/Applications/XAMPP/xamppfiles/htdocs/ss/venv/lib/python3.9/site-packages/flask/templating.py", line 65, in get_source
    return self._get_source_fast(environment, template)
  File "/Applications/XAMPP/xamppfiles/htdocs/ss/venv/lib/python3.9/site-packages/flask/templating.py", line 99, in _get_source_fast
    raise TemplateNotFound(template)
jinja2.exceptions.TemplateNotFound: index.html
2024-11-14 17:14:02,029 - werkzeug - INFO - 127.0.0.1 - - [14/Nov/2024 17:14:02] "[32mGET / HTTP/1.1[0m" 302 -
2024-11-14 17:14:02,035 - app.routes - ERROR - Erro na rota index: index.html
Traceback (most recent call last):
  File "/Applications/XAMPP/xamppfiles/htdocs/ss/app/routes.py", line 31, in index
    return render_template('index.html',
  File "/Applications/XAMPP/xamppfiles/htdocs/ss/venv/lib/python3.9/site-packages/flask/templating.py", line 149, in render_template
    template = app.jinja_env.get_or_select_template(template_name_or_list)
  File "/Applications/XAMPP/xamppfiles/htdocs/ss/venv/lib/python3.9/site-packages/jinja2/environment.py", line 1084, in get_or_select_template
    return self.get_template(template_name_or_list, parent, globals)
  File "/Applications/XAMPP/xamppfiles/htdocs/ss/venv/lib/python3.9/site-packages/jinja2/environment.py", line 1013, in get_template
    return self._load_template(name, globals)
  File "/Applications/XAMPP/xamppfiles/htdocs/ss/venv/lib/python3.9/site-packages/jinja2/environment.py", line 972, in _load_template
    template = self.loader.load(self, name, self.make_globals(globals))
  File "/Applications/XAMPP/xamppfiles/htdocs/ss/venv/lib/python3.9/site-packages/jinja2/loaders.py", line 126, in load
    source, filename, uptodate = self.get_source(environment, name)
  File "/Applications/XAMPP/xamppfiles/htdocs/ss/venv/lib/python3.9/site-packages/flask/templating.py", line 65, in get_source
    return self._get_source_fast(environment, template)
  File "/Applications/XAMPP/xamppfiles/htdocs/ss/venv/lib/python3.9/site-packages/flask/templating.py", line 99, in _get_source_fast
    raise TemplateNotFound(template)
jinja2.exceptions.TemplateNotFound: index.html
2024-11-14 17:14:02,038 - werkzeug - INFO - 127.0.0.1 - - [14/Nov/2024 17:14:02] "[32mGET / HTTP/1.1[0m" 302 -
2024-11-14 17:14:02,045 - app.routes - ERROR - Erro na rota index: index.html
Traceback (most recent call last):
  File "/Applications/XAMPP/xamppfiles/htdocs/ss/app/routes.py", line 31, in index
    return render_template('index.html',
  File "/Applications/XAMPP/xamppfiles/htdocs/ss/venv/lib/python3.9/site-packages/flask/templating.py", line 149, in render_template
    template = app.jinja_env.get_or_select_template(template_name_or_list)
  File "/Applications/XAMPP/xamppfiles/htdocs/ss/venv/lib/python3.9/site-packages/jinja2/environment.py", line 1084, in get_or_select_template
    return self.get_template(template_name_or_list, parent, globals)
  File "/Applications/XAMPP/xamppfiles/htdocs/ss/venv/lib/python3.9/site-packages/jinja2/environment.py", line 1013, in get_template
    return self._load_template(name, globals)
  File "/Applications/XAMPP/xamppfiles/htdocs/ss/venv/lib/python3.9/site-packages/jinja2/environment.py", line 972, in _load_template
    template = self.loader.load(self, name, self.make_globals(globals))
  File "/Applications/XAMPP/xamppfiles/htdocs/ss/venv/lib/python3.9/site-packages/jinja2/loaders.py", line 126, in load
    source, filename, uptodate = self.get_source(environment, name)
  File "/Applications/XAMPP/xamppfiles/htdocs/ss/venv/lib/python3.9/site-packages/flask/templating.py", line 65, in get_source
    return self._get_source_fast(environment, template)
  File "/Applications/XAMPP/xamppfiles/htdocs/ss/venv/lib/python3.9/site-packages/flask/templating.py", line 99, in _get_source_fast
    raise TemplateNotFound(template)
jinja2.exceptions.TemplateNotFound: index.html
2024-11-14 17:14:02,046 - werkzeug - INFO - 127.0.0.1 - - [14/Nov/2024 17:14:02] "[32mGET / HTTP/1.1[0m" 302 -
2024-11-14 17:14:02,054 - app.routes - ERROR - Erro na rota index: index.html
Traceback (most recent call last):
  File "/Applications/XAMPP/xamppfiles/htdocs/ss/app/routes.py", line 31, in index
    return render_template('index.html',
  File "/Applications/XAMPP/xamppfiles/htdocs/ss/venv/lib/python3.9/site-packages/flask/templating.py", line 149, in render_template
    template = app.jinja_env.get_or_select_template(template_name_or_list)
  File "/Applications/XAMPP/xamppfiles/htdocs/ss/venv/lib/python3.9/site-packages/jinja2/environment.py", line 1084, in get_or_select_template
    return self.get_template(template_name_or_list, parent, globals)
  File "/Applications/XAMPP/xamppfiles/htdocs/ss/venv/lib/python3.9/site-packages/jinja2/environment.py", line 1013, in get_template
    return self._load_template(name, globals)
  File "/Applications/XAMPP/xamppfiles/htdocs/ss/venv/lib/python3.9/site-packages/jinja2/environment.py", line 972, in _load_template
    template = self.loader.load(self, name, self.make_globals(globals))
  File "/Applications/XAMPP/xamppfiles/htdocs/ss/venv/lib/python3.9/site-packages/jinja2/loaders.py", line 126, in load
    source, filename, uptodate = self.get_source(environment, name)
  File "/Applications/XAMPP/xamppfiles/htdocs/ss/venv/lib/python3.9/site-packages/flask/templating.py", line 65, in get_source
    return self._get_source_fast(environment, template)
  File "/Applications/XAMPP/xamppfiles/htdocs/ss/venv/lib/python3.9/site-packages/flask/templating.py", line 99, in _get_source_fast
    raise TemplateNotFound(template)
jinja2.exceptions.TemplateNotFound: index.html
2024-11-14 17:14:02,055 - werkzeug - INFO - 127.0.0.1 - - [14/Nov/2024 17:14:02] "[32mGET / HTTP/1.1[0m" 302 -
2024-11-14 17:14:02,062 - app.routes - ERROR - Erro na rota index: index.html
Traceback (most recent call last):
  File "/Applications/XAMPP/xamppfiles/htdocs/ss/app/routes.py", line 31, in index
    return render_template('index.html',
  File "/Applications/XAMPP/xamppfiles/htdocs/ss/venv/lib/python3.9/site-packages/flask/templating.py", line 149, in render_template
    template = app.jinja_env.get_or_select_template(template_name_or_list)
  File "/Applications/XAMPP/xamppfiles/htdocs/ss/venv/lib/python3.9/site-packages/jinja2/environment.py", line 1084, in get_or_select_template
    return self.get_template(template_name_or_list, parent, globals)
  File "/Applications/XAMPP/xamppfiles/htdocs/ss/venv/lib/python3.9/site-packages/jinja2/environment.py", line 1013, in get_template
    return self._load_template(name, globals)
  File "/Applications/XAMPP/xamppfiles/htdocs/ss/venv/lib/python3.9/site-packages/jinja2/environment.py", line 972, in _load_template
    template = self.loader.load(self, name, self.make_globals(globals))
  File "/Applications/XAMPP/xamppfiles/htdocs/ss/venv/lib/python3.9/site-packages/jinja2/loaders.py", line 126, in load
    source, filename, uptodate = self.get_source(environment, name)
  File "/Applications/XAMPP/xamppfiles/htdocs/ss/venv/lib/python3.9/site-packages/flask/templating.py", line 65, in get_source
    return self._get_source_fast(environment, template)
  File "/Applications/XAMPP/xamppfiles/htdocs/ss/venv/lib/python3.9/site-packages/flask/templating.py", line 99, in _get_source_fast
    raise TemplateNotFound(template)
jinja2.exceptions.TemplateNotFound: index.html
2024-11-14 17:14:02,064 - werkzeug - INFO - 127.0.0.1 - - [14/Nov/2024 17:14:02] "[32mGET / HTTP/1.1[0m" 302 -
2024-11-14 17:14:02,071 - app.routes - ERROR - Erro na rota index: index.html
Traceback (most recent call last):
  File "/Applications/XAMPP/xamppfiles/htdocs/ss/app/routes.py", line 31, in index
    return render_template('index.html',
  File "/Applications/XAMPP/xamppfiles/htdocs/ss/venv/lib/python3.9/site-packages/flask/templating.py", line 149, in render_template
    template = app.jinja_env.get_or_select_template(template_name_or_list)
  File "/Applications/XAMPP/xamppfiles/htdocs/ss/venv/lib/python3.9/site-packages/jinja2/environment.py", line 1084, in get_or_select_template
    return self.get_template(template_name_or_list, parent, globals)
  File "/Applications/XAMPP/xamppfiles/htdocs/ss/venv/lib/python3.9/site-packages/jinja2/environment.py", line 1013, in get_template
    return self._load_template(name, globals)
  File "/Applications/XAMPP/xamppfiles/htdocs/ss/venv/lib/python3.9/site-packages/jinja2/environment.py", line 972, in _load_template
    template = self.loader.load(self, name, self.make_globals(globals))
  File "/Applications/XAMPP/xamppfiles/htdocs/ss/venv/lib/python3.9/site-packages/jinja2/loaders.py", line 126, in load
    source, filename, uptodate = self.get_source(environment, name)
  File "/Applications/XAMPP/xamppfiles/htdocs/ss/venv/lib/python3.9/site-packages/flask/templating.py", line 65, in get_source
    return self._get_source_fast(environment, template)
  File "/Applications/XAMPP/xamppfiles/htdocs/ss/venv/lib/python3.9/site-packages/flask/templating.py", line 99, in _get_source_fast
    raise TemplateNotFound(template)
jinja2.exceptions.TemplateNotFound: index.html
2024-11-14 17:14:02,072 - werkzeug - INFO - 127.0.0.1 - - [14/Nov/2024 17:14:02] "[32mGET / HTTP/1.1[0m" 302 -
2024-11-14 17:14:02,079 - app.routes - ERROR - Erro na rota index: index.html
Traceback (most recent call last):
  File "/Applications/XAMPP/xamppfiles/htdocs/ss/app/routes.py", line 31, in index
    return render_template('index.html',
  File "/Applications/XAMPP/xamppfiles/htdocs/ss/venv/lib/python3.9/site-packages/flask/templating.py", line 149, in render_template
    template = app.jinja_env.get_or_select_template(template_name_or_list)
  File "/Applications/XAMPP/xamppfiles/htdocs/ss/venv/lib/python3.9/site-packages/jinja2/environment.py", line 1084, in get_or_select_template
    return self.get_template(template_name_or_list, parent, globals)
  File "/Applications/XAMPP/xamppfiles/htdocs/ss/venv/lib/python3.9/site-packages/jinja2/environment.py", line 1013, in get_template
    return self._load_template(name, globals)
  File "/Applications/XAMPP/xamppfiles/htdocs/ss/venv/lib/python3.9/site-packages/jinja2/environment.py", line 972, in _load_template
    template = self.loader.load(self, name, self.make_globals(globals))
  File "/Applications/XAMPP/xamppfiles/htdocs/ss/venv/lib/python3.9/site-packages/jinja2/loaders.py", line 126, in load
    source, filename, uptodate = self.get_source(environment, name)
  File "/Applications/XAMPP/xamppfiles/htdocs/ss/venv/lib/python3.9/site-packages/flask/templating.py", line 65, in get_source
    return self._get_source_fast(environment, template)
  File "/Applications/XAMPP/xamppfiles/htdocs/ss/venv/lib/python3.9/site-packages/flask/templating.py", line 99, in _get_source_fast
    raise TemplateNotFound(template)
jinja2.exceptions.TemplateNotFound: index.html
2024-11-14 17:14:02,080 - werkzeug - INFO - 127.0.0.1 - - [14/Nov/2024 17:14:02] "[32mGET / HTTP/1.1[0m" 302 -
2024-11-14 17:14:02,086 - app.routes - ERROR - Erro na rota index: index.html
Traceback (most recent call last):
  File "/Applications/XAMPP/xamppfiles/htdocs/ss/app/routes.py", line 31, in index
    return render_template('index.html',
  File "/Applications/XAMPP/xamppfiles/htdocs/ss/venv/lib/python3.9/site-packages/flask/templating.py", line 149, in render_template
    template = app.jinja_env.get_or_select_template(template_name_or_list)
  File "/Applications/XAMPP/xamppfiles/htdocs/ss/venv/lib/python3.9/site-packages/jinja2/environment.py", line 1084, in get_or_select_template
    return self.get_template(template_name_or_list, parent, globals)
  File "/Applications/XAMPP/xamppfiles/htdocs/ss/venv/lib/python3.9/site-packages/jinja2/environment.py", line 1013, in get_template
    return self._load_template(name, globals)
  File "/Applications/XAMPP/xamppfiles/htdocs/ss/venv/lib/python3.9/site-packages/jinja2/environment.py", line 972, in _load_template
    template = self.loader.load(self, name, self.make_globals(globals))
  File "/Applications/XAMPP/xamppfiles/htdocs/ss/venv/lib/python3.9/site-packages/jinja2/loaders.py", line 126, in load
    source, filename, uptodate = self.get_source(environment, name)
  File "/Applications/XAMPP/xamppfiles/htdocs/ss/venv/lib/python3.9/site-packages/flask/templating.py", line 65, in get_source
    return self._get_source_fast(environment, template)
  File "/Applications/XAMPP/xamppfiles/htdocs/ss/venv/lib/python3.9/site-packages/flask/templating.py", line 99, in _get_source_fast
    raise TemplateNotFound(template)
jinja2.exceptions.TemplateNotFound: index.html
2024-11-14 17:14:02,088 - werkzeug - INFO - 127.0.0.1 - - [14/Nov/2024 17:14:02] "[32mGET / HTTP/1.1[0m" 302 -
2024-11-14 17:14:02,094 - app.routes - ERROR - Erro na rota index: index.html
Traceback (most recent call last):
  File "/Applications/XAMPP/xamppfiles/htdocs/ss/app/routes.py", line 31, in index
    return render_template('index.html',
  File "/Applications/XAMPP/xamppfiles/htdocs/ss/venv/lib/python3.9/site-packages/flask/templating.py", line 149, in render_template
    template = app.jinja_env.get_or_select_template(template_name_or_list)
  File "/Applications/XAMPP/xamppfiles/htdocs/ss/venv/lib/python3.9/site-packages/jinja2/environment.py", line 1084, in get_or_select_template
    return self.get_template(template_name_or_list, parent, globals)
  File "/Applications/XAMPP/xamppfiles/htdocs/ss/venv/lib/python3.9/site-packages/jinja2/environment.py", line 1013, in get_template
    return self._load_template(name, globals)
  File "/Applications/XAMPP/xamppfiles/htdocs/ss/venv/lib/python3.9/site-packages/jinja2/environment.py", line 972, in _load_template
    template = self.loader.load(self, name, self.make_globals(globals))
  File "/Applications/XAMPP/xamppfiles/htdocs/ss/venv/lib/python3.9/site-packages/jinja2/loaders.py", line 126, in load
    source, filename, uptodate = self.get_source(environment, name)
  File "/Applications/XAMPP/xamppfiles/htdocs/ss/venv/lib/python3.9/site-packages/flask/templating.py", line 65, in get_source
    return self._get_source_fast(environment, template)
  File "/Applications/XAMPP/xamppfiles/htdocs/ss/venv/lib/python3.9/site-packages/flask/templating.py", line 99, in _get_source_fast
    raise TemplateNotFound(template)
jinja2.exceptions.TemplateNotFound: index.html
2024-11-14 17:14:02,095 - werkzeug - INFO - 127.0.0.1 - - [14/Nov/2024 17:14:02] "[32mGET / HTTP/1.1[0m" 302 -
2024-11-14 17:14:02,101 - app.routes - ERROR - Erro na rota index: index.html
Traceback (most recent call last):
  File "/Applications/XAMPP/xamppfiles/htdocs/ss/app/routes.py", line 31, in index
    return render_template('index.html',
  File "/Applications/XAMPP/xamppfiles/htdocs/ss/venv/lib/python3.9/site-packages/flask/templating.py", line 149, in render_template
    template = app.jinja_env.get_or_select_template(template_name_or_list)
  File "/Applications/XAMPP/xamppfiles/htdocs/ss/venv/lib/python3.9/site-packages/jinja2/environment.py", line 1084, in get_or_select_template
    return self.get_template(template_name_or_list, parent, globals)
  File "/Applications/XAMPP/xamppfiles/htdocs/ss/venv/lib/python3.9/site-packages/jinja2/environment.py", line 1013, in get_template
    return self._load_template(name, globals)
  File "/Applications/XAMPP/xamppfiles/htdocs/ss/venv/lib/python3.9/site-packages/jinja2/environment.py", line 972, in _load_template
    template = self.loader.load(self, name, self.make_globals(globals))
  File "/Applications/XAMPP/xamppfiles/htdocs/ss/venv/lib/python3.9/site-packages/jinja2/loaders.py", line 126, in load
    source, filename, uptodate = self.get_source(environment, name)
  File "/Applications/XAMPP/xamppfiles/htdocs/ss/venv/lib/python3.9/site-packages/flask/templating.py", line 65, in get_source
    return self._get_source_fast(environment, template)
  File "/Applications/XAMPP/xamppfiles/htdocs/ss/venv/lib/python3.9/site-packages/flask/templating.py", line 99, in _get_source_fast
    raise TemplateNotFound(template)
jinja2.exceptions.TemplateNotFound: index.html
2024-11-14 17:14:02,102 - werkzeug - INFO - 127.0.0.1 - - [14/Nov/2024 17:14:02] "[32mGET / HTTP/1.1[0m" 302 -
2024-11-14 17:14:02,109 - app.routes - ERROR - Erro na rota index: index.html
Traceback (most recent call last):
  File "/Applications/XAMPP/xamppfiles/htdocs/ss/app/routes.py", line 31, in index
    return render_template('index.html',
  File "/Applications/XAMPP/xamppfiles/htdocs/ss/venv/lib/python3.9/site-packages/flask/templating.py", line 149, in render_template
    template = app.jinja_env.get_or_select_template(template_name_or_list)
  File "/Applications/XAMPP/xamppfiles/htdocs/ss/venv/lib/python3.9/site-packages/jinja2/environment.py", line 1084, in get_or_select_template
    return self.get_template(template_name_or_list, parent, globals)
  File "/Applications/XAMPP/xamppfiles/htdocs/ss/venv/lib/python3.9/site-packages/jinja2/environment.py", line 1013, in get_template
    return self._load_template(name, globals)
  File "/Applications/XAMPP/xamppfiles/htdocs/ss/venv/lib/python3.9/site-packages/jinja2/environment.py", line 972, in _load_template
    template = self.loader.load(self, name, self.make_globals(globals))
  File "/Applications/XAMPP/xamppfiles/htdocs/ss/venv/lib/python3.9/site-packages/jinja2/loaders.py", line 126, in load
    source, filename, uptodate = self.get_source(environment, name)
  File "/Applications/XAMPP/xamppfiles/htdocs/ss/venv/lib/python3.9/site-packages/flask/templating.py", line 65, in get_source
    return self._get_source_fast(environment, template)
  File "/Applications/XAMPP/xamppfiles/htdocs/ss/venv/lib/python3.9/site-packages/flask/templating.py", line 99, in _get_source_fast
    raise TemplateNotFound(template)
jinja2.exceptions.TemplateNotFound: index.html
2024-11-14 17:14:02,111 - werkzeug - INFO - 127.0.0.1 - - [14/Nov/2024 17:14:02] "[32mGET / HTTP/1.1[0m" 302 -
2024-11-14 17:14:02,117 - app.routes - ERROR - Erro na rota index: index.html
Traceback (most recent call last):
  File "/Applications/XAMPP/xamppfiles/htdocs/ss/app/routes.py", line 31, in index
    return render_template('index.html',
  File "/Applications/XAMPP/xamppfiles/htdocs/ss/venv/lib/python3.9/site-packages/flask/templating.py", line 149, in render_template
    template = app.jinja_env.get_or_select_template(template_name_or_list)
  File "/Applications/XAMPP/xamppfiles/htdocs/ss/venv/lib/python3.9/site-packages/jinja2/environment.py", line 1084, in get_or_select_template
    return self.get_template(template_name_or_list, parent, globals)
  File "/Applications/XAMPP/xamppfiles/htdocs/ss/venv/lib/python3.9/site-packages/jinja2/environment.py", line 1013, in get_template
    return self._load_template(name, globals)
  File "/Applications/XAMPP/xamppfiles/htdocs/ss/venv/lib/python3.9/site-packages/jinja2/environment.py", line 972, in _load_template
    template = self.loader.load(self, name, self.make_globals(globals))
  File "/Applications/XAMPP/xamppfiles/htdocs/ss/venv/lib/python3.9/site-packages/jinja2/loaders.py", line 126, in load
    source, filename, uptodate = self.get_source(environment, name)
  File "/Applications/XAMPP/xamppfiles/htdocs/ss/venv/lib/python3.9/site-packages/flask/templating.py", line 65, in get_source
    return self._get_source_fast(environment, template)
  File "/Applications/XAMPP/xamppfiles/htdocs/ss/venv/lib/python3.9/site-packages/flask/templating.py", line 99, in _get_source_fast
    raise TemplateNotFound(template)
jinja2.exceptions.TemplateNotFound: index.html
2024-11-14 17:14:02,118 - werkzeug - INFO - 127.0.0.1 - - [14/Nov/2024 17:14:02] "[32mGET / HTTP/1.1[0m" 302 -
2024-11-14 17:14:02,125 - app.routes - ERROR - Erro na rota index: index.html
Traceback (most recent call last):
  File "/Applications/XAMPP/xamppfiles/htdocs/ss/app/routes.py", line 31, in index
    return render_template('index.html',
  File "/Applications/XAMPP/xamppfiles/htdocs/ss/venv/lib/python3.9/site-packages/flask/templating.py", line 149, in render_template
    template = app.jinja_env.get_or_select_template(template_name_or_list)
  File "/Applications/XAMPP/xamppfiles/htdocs/ss/venv/lib/python3.9/site-packages/jinja2/environment.py", line 1084, in get_or_select_template
    return self.get_template(template_name_or_list, parent, globals)
  File "/Applications/XAMPP/xamppfiles/htdocs/ss/venv/lib/python3.9/site-packages/jinja2/environment.py", line 1013, in get_template
    return self._load_template(name, globals)
  File "/Applications/XAMPP/xamppfiles/htdocs/ss/venv/lib/python3.9/site-packages/jinja2/environment.py", line 972, in _load_template
    template = self.loader.load(self, name, self.make_globals(globals))
  File "/Applications/XAMPP/xamppfiles/htdocs/ss/venv/lib/python3.9/site-packages/jinja2/loaders.py", line 126, in load
    source, filename, uptodate = self.get_source(environment, name)
  File "/Applications/XAMPP/xamppfiles/htdocs/ss/venv/lib/python3.9/site-packages/flask/templating.py", line 65, in get_source
    return self._get_source_fast(environment, template)
  File "/Applications/XAMPP/xamppfiles/htdocs/ss/venv/lib/python3.9/site-packages/flask/templating.py", line 99, in _get_source_fast
    raise TemplateNotFound(template)
jinja2.exceptions.TemplateNotFound: index.html
2024-11-14 17:14:02,126 - werkzeug - INFO - 127.0.0.1 - - [14/Nov/2024 17:14:02] "[32mGET / HTTP/1.1[0m" 302 -
2024-11-14 17:14:02,132 - app.routes - ERROR - Erro na rota index: index.html
Traceback (most recent call last):
  File "/Applications/XAMPP/xamppfiles/htdocs/ss/app/routes.py", line 31, in index
    return render_template('index.html',
  File "/Applications/XAMPP/xamppfiles/htdocs/ss/venv/lib/python3.9/site-packages/flask/templating.py", line 149, in render_template
    template = app.jinja_env.get_or_select_template(template_name_or_list)
  File "/Applications/XAMPP/xamppfiles/htdocs/ss/venv/lib/python3.9/site-packages/jinja2/environment.py", line 1084, in get_or_select_template
    return self.get_template(template_name_or_list, parent, globals)
  File "/Applications/XAMPP/xamppfiles/htdocs/ss/venv/lib/python3.9/site-packages/jinja2/environment.py", line 1013, in get_template
    return self._load_template(name, globals)
  File "/Applications/XAMPP/xamppfiles/htdocs/ss/venv/lib/python3.9/site-packages/jinja2/environment.py", line 972, in _load_template
    template = self.loader.load(self, name, self.make_globals(globals))
  File "/Applications/XAMPP/xamppfiles/htdocs/ss/venv/lib/python3.9/site-packages/jinja2/loaders.py", line 126, in load
    source, filename, uptodate = self.get_source(environment, name)
  File "/Applications/XAMPP/xamppfiles/htdocs/ss/venv/lib/python3.9/site-packages/flask/templating.py", line 65, in get_source
    return self._get_source_fast(environment, template)
  File "/Applications/XAMPP/xamppfiles/htdocs/ss/venv/lib/python3.9/site-packages/flask/templating.py", line 99, in _get_source_fast
    raise TemplateNotFound(template)
jinja2.exceptions.TemplateNotFound: index.html
2024-11-14 17:14:02,134 - werkzeug - INFO - 127.0.0.1 - - [14/Nov/2024 17:14:02] "[32mGET / HTTP/1.1[0m" 302 -
2024-11-14 17:14:02,140 - app.routes - ERROR - Erro na rota index: index.html
Traceback (most recent call last):
  File "/Applications/XAMPP/xamppfiles/htdocs/ss/app/routes.py", line 31, in index
    return render_template('index.html',
  File "/Applications/XAMPP/xamppfiles/htdocs/ss/venv/lib/python3.9/site-packages/flask/templating.py", line 149, in render_template
    template = app.jinja_env.get_or_select_template(template_name_or_list)
  File "/Applications/XAMPP/xamppfiles/htdocs/ss/venv/lib/python3.9/site-packages/jinja2/environment.py", line 1084, in get_or_select_template
    return self.get_template(template_name_or_list, parent, globals)
  File "/Applications/XAMPP/xamppfiles/htdocs/ss/venv/lib/python3.9/site-packages/jinja2/environment.py", line 1013, in get_template
    return self._load_template(name, globals)
  File "/Applications/XAMPP/xamppfiles/htdocs/ss/venv/lib/python3.9/site-packages/jinja2/environment.py", line 972, in _load_template
    template = self.loader.load(self, name, self.make_globals(globals))
  File "/Applications/XAMPP/xamppfiles/htdocs/ss/venv/lib/python3.9/site-packages/jinja2/loaders.py", line 126, in load
    source, filename, uptodate = self.get_source(environment, name)
  File "/Applications/XAMPP/xamppfiles/htdocs/ss/venv/lib/python3.9/site-packages/flask/templating.py", line 65, in get_source
    return self._get_source_fast(environment, template)
  File "/Applications/XAMPP/xamppfiles/htdocs/ss/venv/lib/python3.9/site-packages/flask/templating.py", line 99, in _get_source_fast
    raise TemplateNotFound(template)
jinja2.exceptions.TemplateNotFound: index.html
2024-11-14 17:14:02,141 - werkzeug - INFO - 127.0.0.1 - - [14/Nov/2024 17:14:02] "[32mGET / HTTP/1.1[0m" 302 -
2024-11-14 17:15:00,918 - werkzeug - INFO -  * Detected change in '/Applications/XAMPP/xamppfiles/htdocs/ss/app/routes.py', reloading
2024-11-14 17:15:00,950 - werkzeug - INFO -  * Restarting with stat
2024-11-14 17:15:01,152 - app.database - INFO - Conexão com banco de dados estabelecida
2024-11-14 17:15:01,155 - app.database - INFO - Banco de dados inicializado com sucesso
2024-11-14 17:15:01,155 - app.database - INFO - Conexão com banco de dados fechada
2024-11-14 17:15:01,174 - werkzeug - WARNING -  * Debugger is active!
2024-11-14 17:15:01,179 - werkzeug - INFO -  * Debugger PIN: 856-842-152
2024-11-14 17:15:15,961 - app.database - INFO - Conexão com banco de dados estabelecida
2024-11-14 17:15:15,962 - app.routes - DEBUG - Número de pacientes recuperados: 3
2024-11-14 17:15:15,963 - app.routes - ERROR - Erro na rota index: index.html
Traceback (most recent call last):
  File "/Applications/XAMPP/xamppfiles/htdocs/ss/app/routes.py", line 70, in index
    return render_template('index.html',
  File "/Applications/XAMPP/xamppfiles/htdocs/ss/venv/lib/python3.9/site-packages/flask/templating.py", line 149, in render_template
    template = app.jinja_env.get_or_select_template(template_name_or_list)
  File "/Applications/XAMPP/xamppfiles/htdocs/ss/venv/lib/python3.9/site-packages/jinja2/environment.py", line 1084, in get_or_select_template
    return self.get_template(template_name_or_list, parent, globals)
  File "/Applications/XAMPP/xamppfiles/htdocs/ss/venv/lib/python3.9/site-packages/jinja2/environment.py", line 1013, in get_template
    return self._load_template(name, globals)
  File "/Applications/XAMPP/xamppfiles/htdocs/ss/venv/lib/python3.9/site-packages/jinja2/environment.py", line 972, in _load_template
    template = self.loader.load(self, name, self.make_globals(globals))
  File "/Applications/XAMPP/xamppfiles/htdocs/ss/venv/lib/python3.9/site-packages/jinja2/loaders.py", line 126, in load
    source, filename, uptodate = self.get_source(environment, name)
  File "/Applications/XAMPP/xamppfiles/htdocs/ss/venv/lib/python3.9/site-packages/flask/templating.py", line 65, in get_source
    return self._get_source_fast(environment, template)
  File "/Applications/XAMPP/xamppfiles/htdocs/ss/venv/lib/python3.9/site-packages/flask/templating.py", line 99, in _get_source_fast
    raise TemplateNotFound(template)
jinja2.exceptions.TemplateNotFound: index.html
2024-11-14 17:15:15,971 - app.database - INFO - Conexão com banco de dados fechada
2024-11-14 17:15:15,972 - werkzeug - INFO - 127.0.0.1 - - [14/Nov/2024 17:15:15] "[32mGET / HTTP/1.1[0m" 302 -
2024-11-14 17:15:15,984 - app.database - INFO - Conexão com banco de dados estabelecida
2024-11-14 17:15:15,985 - app.routes - DEBUG - Número de pacientes recuperados: 3
2024-11-14 17:15:15,985 - app.routes - ERROR - Erro na rota index: index.html
Traceback (most recent call last):
  File "/Applications/XAMPP/xamppfiles/htdocs/ss/app/routes.py", line 70, in index
    return render_template('index.html',
  File "/Applications/XAMPP/xamppfiles/htdocs/ss/venv/lib/python3.9/site-packages/flask/templating.py", line 149, in render_template
    template = app.jinja_env.get_or_select_template(template_name_or_list)
  File "/Applications/XAMPP/xamppfiles/htdocs/ss/venv/lib/python3.9/site-packages/jinja2/environment.py", line 1084, in get_or_select_template
    return self.get_template(template_name_or_list, parent, globals)
  File "/Applications/XAMPP/xamppfiles/htdocs/ss/venv/lib/python3.9/site-packages/jinja2/environment.py", line 1013, in get_template
    return self._load_template(name, globals)
  File "/Applications/XAMPP/xamppfiles/htdocs/ss/venv/lib/python3.9/site-packages/jinja2/environment.py", line 972, in _load_template
    template = self.loader.load(self, name, self.make_globals(globals))
  File "/Applications/XAMPP/xamppfiles/htdocs/ss/venv/lib/python3.9/site-packages/jinja2/loaders.py", line 126, in load
    source, filename, uptodate = self.get_source(environment, name)
  File "/Applications/XAMPP/xamppfiles/htdocs/ss/venv/lib/python3.9/site-packages/flask/templating.py", line 65, in get_source
    return self._get_source_fast(environment, template)
  File "/Applications/XAMPP/xamppfiles/htdocs/ss/venv/lib/python3.9/site-packages/flask/templating.py", line 99, in _get_source_fast
    raise TemplateNotFound(template)
jinja2.exceptions.TemplateNotFound: index.html
2024-11-14 17:15:15,987 - app.database - INFO - Conexão com banco de dados fechada
2024-11-14 17:15:15,987 - werkzeug - INFO - 127.0.0.1 - - [14/Nov/2024 17:15:15] "[32mGET / HTTP/1.1[0m" 302 -
2024-11-14 17:15:15,995 - app.database - INFO - Conexão com banco de dados estabelecida
2024-11-14 17:15:15,996 - app.routes - DEBUG - Número de pacientes recuperados: 3
2024-11-14 17:15:15,996 - app.routes - ERROR - Erro na rota index: index.html
Traceback (most recent call last):
  File "/Applications/XAMPP/xamppfiles/htdocs/ss/app/routes.py", line 70, in index
    return render_template('index.html',
  File "/Applications/XAMPP/xamppfiles/htdocs/ss/venv/lib/python3.9/site-packages/flask/templating.py", line 149, in render_template
    template = app.jinja_env.get_or_select_template(template_name_or_list)
  File "/Applications/XAMPP/xamppfiles/htdocs/ss/venv/lib/python3.9/site-packages/jinja2/environment.py", line 1084, in get_or_select_template
    return self.get_template(template_name_or_list, parent, globals)
  File "/Applications/XAMPP/xamppfiles/htdocs/ss/venv/lib/python3.9/site-packages/jinja2/environment.py", line 1013, in get_template
    return self._load_template(name, globals)
  File "/Applications/XAMPP/xamppfiles/htdocs/ss/venv/lib/python3.9/site-packages/jinja2/environment.py", line 972, in _load_template
    template = self.loader.load(self, name, self.make_globals(globals))
  File "/Applications/XAMPP/xamppfiles/htdocs/ss/venv/lib/python3.9/site-packages/jinja2/loaders.py", line 126, in load
    source, filename, uptodate = self.get_source(environment, name)
  File "/Applications/XAMPP/xamppfiles/htdocs/ss/venv/lib/python3.9/site-packages/flask/templating.py", line 65, in get_source
    return self._get_source_fast(environment, template)
  File "/Applications/XAMPP/xamppfiles/htdocs/ss/venv/lib/python3.9/site-packages/flask/templating.py", line 99, in _get_source_fast
    raise TemplateNotFound(template)
jinja2.exceptions.TemplateNotFound: index.html
2024-11-14 17:15:15,997 - app.database - INFO - Conexão com banco de dados fechada
2024-11-14 17:15:15,997 - werkzeug - INFO - 127.0.0.1 - - [14/Nov/2024 17:15:15] "[32mGET / HTTP/1.1[0m" 302 -
2024-11-14 17:15:16,006 - app.database - INFO - Conexão com banco de dados estabelecida
2024-11-14 17:15:16,006 - app.routes - DEBUG - Número de pacientes recuperados: 3
2024-11-14 17:15:16,007 - app.routes - ERROR - Erro na rota index: index.html
Traceback (most recent call last):
  File "/Applications/XAMPP/xamppfiles/htdocs/ss/app/routes.py", line 70, in index
    return render_template('index.html',
  File "/Applications/XAMPP/xamppfiles/htdocs/ss/venv/lib/python3.9/site-packages/flask/templating.py", line 149, in render_template
    template = app.jinja_env.get_or_select_template(template_name_or_list)
  File "/Applications/XAMPP/xamppfiles/htdocs/ss/venv/lib/python3.9/site-packages/jinja2/environment.py", line 1084, in get_or_select_template
    return self.get_template(template_name_or_list, parent, globals)
  File "/Applications/XAMPP/xamppfiles/htdocs/ss/venv/lib/python3.9/site-packages/jinja2/environment.py", line 1013, in get_template
    return self._load_template(name, globals)
  File "/Applications/XAMPP/xamppfiles/htdocs/ss/venv/lib/python3.9/site-packages/jinja2/environment.py", line 972, in _load_template
    template = self.loader.load(self, name, self.make_globals(globals))
  File "/Applications/XAMPP/xamppfiles/htdocs/ss/venv/lib/python3.9/site-packages/jinja2/loaders.py", line 126, in load
    source, filename, uptodate = self.get_source(environment, name)
  File "/Applications/XAMPP/xamppfiles/htdocs/ss/venv/lib/python3.9/site-packages/flask/templating.py", line 65, in get_source
    return self._get_source_fast(environment, template)
  File "/Applications/XAMPP/xamppfiles/htdocs/ss/venv/lib/python3.9/site-packages/flask/templating.py", line 99, in _get_source_fast
    raise TemplateNotFound(template)
jinja2.exceptions.TemplateNotFound: index.html
2024-11-14 17:15:16,008 - app.database - INFO - Conexão com banco de dados fechada
2024-11-14 17:15:16,008 - werkzeug - INFO - 127.0.0.1 - - [14/Nov/2024 17:15:16] "[32mGET / HTTP/1.1[0m" 302 -
2024-11-14 17:15:16,015 - app.database - INFO - Conexão com banco de dados estabelecida
2024-11-14 17:15:16,016 - app.routes - DEBUG - Número de pacientes recuperados: 3
2024-11-14 17:15:16,016 - app.routes - ERROR - Erro na rota index: index.html
Traceback (most recent call last):
  File "/Applications/XAMPP/xamppfiles/htdocs/ss/app/routes.py", line 70, in index
    return render_template('index.html',
  File "/Applications/XAMPP/xamppfiles/htdocs/ss/venv/lib/python3.9/site-packages/flask/templating.py", line 149, in render_template
    template = app.jinja_env.get_or_select_template(template_name_or_list)
  File "/Applications/XAMPP/xamppfiles/htdocs/ss/venv/lib/python3.9/site-packages/jinja2/environment.py", line 1084, in get_or_select_template
    return self.get_template(template_name_or_list, parent, globals)
  File "/Applications/XAMPP/xamppfiles/htdocs/ss/venv/lib/python3.9/site-packages/jinja2/environment.py", line 1013, in get_template
    return self._load_template(name, globals)
  File "/Applications/XAMPP/xamppfiles/htdocs/ss/venv/lib/python3.9/site-packages/jinja2/environment.py", line 972, in _load_template
    template = self.loader.load(self, name, self.make_globals(globals))
  File "/Applications/XAMPP/xamppfiles/htdocs/ss/venv/lib/python3.9/site-packages/jinja2/loaders.py", line 126, in load
    source, filename, uptodate = self.get_source(environment, name)
  File "/Applications/XAMPP/xamppfiles/htdocs/ss/venv/lib/python3.9/site-packages/flask/templating.py", line 65, in get_source
    return self._get_source_fast(environment, template)
  File "/Applications/XAMPP/xamppfiles/htdocs/ss/venv/lib/python3.9/site-packages/flask/templating.py", line 99, in _get_source_fast
    raise TemplateNotFound(template)
jinja2.exceptions.TemplateNotFound: index.html
2024-11-14 17:15:16,017 - app.database - INFO - Conexão com banco de dados fechada
2024-11-14 17:15:16,017 - werkzeug - INFO - 127.0.0.1 - - [14/Nov/2024 17:15:16] "[32mGET / HTTP/1.1[0m" 302 -
2024-11-14 17:15:16,024 - app.database - INFO - Conexão com banco de dados estabelecida
2024-11-14 17:15:16,024 - app.routes - DEBUG - Número de pacientes recuperados: 3
2024-11-14 17:15:16,024 - app.routes - ERROR - Erro na rota index: index.html
Traceback (most recent call last):
  File "/Applications/XAMPP/xamppfiles/htdocs/ss/app/routes.py", line 70, in index
    return render_template('index.html',
  File "/Applications/XAMPP/xamppfiles/htdocs/ss/venv/lib/python3.9/site-packages/flask/templating.py", line 149, in render_template
    template = app.jinja_env.get_or_select_template(template_name_or_list)
  File "/Applications/XAMPP/xamppfiles/htdocs/ss/venv/lib/python3.9/site-packages/jinja2/environment.py", line 1084, in get_or_select_template
    return self.get_template(template_name_or_list, parent, globals)
  File "/Applications/XAMPP/xamppfiles/htdocs/ss/venv/lib/python3.9/site-packages/jinja2/environment.py", line 1013, in get_template
    return self._load_template(name, globals)
  File "/Applications/XAMPP/xamppfiles/htdocs/ss/venv/lib/python3.9/site-packages/jinja2/environment.py", line 972, in _load_template
    template = self.loader.load(self, name, self.make_globals(globals))
  File "/Applications/XAMPP/xamppfiles/htdocs/ss/venv/lib/python3.9/site-packages/jinja2/loaders.py", line 126, in load
    source, filename, uptodate = self.get_source(environment, name)
  File "/Applications/XAMPP/xamppfiles/htdocs/ss/venv/lib/python3.9/site-packages/flask/templating.py", line 65, in get_source
    return self._get_source_fast(environment, template)
  File "/Applications/XAMPP/xamppfiles/htdocs/ss/venv/lib/python3.9/site-packages/flask/templating.py", line 99, in _get_source_fast
    raise TemplateNotFound(template)
jinja2.exceptions.TemplateNotFound: index.html
2024-11-14 17:15:16,025 - app.database - INFO - Conexão com banco de dados fechada
2024-11-14 17:15:16,025 - werkzeug - INFO - 127.0.0.1 - - [14/Nov/2024 17:15:16] "[32mGET / HTTP/1.1[0m" 302 -
2024-11-14 17:15:16,032 - app.database - INFO - Conexão com banco de dados estabelecida
2024-11-14 17:15:16,032 - app.routes - DEBUG - Número de pacientes recuperados: 3
2024-11-14 17:15:16,032 - app.routes - ERROR - Erro na rota index: index.html
Traceback (most recent call last):
  File "/Applications/XAMPP/xamppfiles/htdocs/ss/app/routes.py", line 70, in index
    return render_template('index.html',
  File "/Applications/XAMPP/xamppfiles/htdocs/ss/venv/lib/python3.9/site-packages/flask/templating.py", line 149, in render_template
    template = app.jinja_env.get_or_select_template(template_name_or_list)
  File "/Applications/XAMPP/xamppfiles/htdocs/ss/venv/lib/python3.9/site-packages/jinja2/environment.py", line 1084, in get_or_select_template
    return self.get_template(template_name_or_list, parent, globals)
  File "/Applications/XAMPP/xamppfiles/htdocs/ss/venv/lib/python3.9/site-packages/jinja2/environment.py", line 1013, in get_template
    return self._load_template(name, globals)
  File "/Applications/XAMPP/xamppfiles/htdocs/ss/venv/lib/python3.9/site-packages/jinja2/environment.py", line 972, in _load_template
    template = self.loader.load(self, name, self.make_globals(globals))
  File "/Applications/XAMPP/xamppfiles/htdocs/ss/venv/lib/python3.9/site-packages/jinja2/loaders.py", line 126, in load
    source, filename, uptodate = self.get_source(environment, name)
  File "/Applications/XAMPP/xamppfiles/htdocs/ss/venv/lib/python3.9/site-packages/flask/templating.py", line 65, in get_source
    return self._get_source_fast(environment, template)
  File "/Applications/XAMPP/xamppfiles/htdocs/ss/venv/lib/python3.9/site-packages/flask/templating.py", line 99, in _get_source_fast
    raise TemplateNotFound(template)
jinja2.exceptions.TemplateNotFound: index.html
2024-11-14 17:15:16,033 - app.database - INFO - Conexão com banco de dados fechada
2024-11-14 17:15:16,033 - werkzeug - INFO - 127.0.0.1 - - [14/Nov/2024 17:15:16] "[32mGET / HTTP/1.1[0m" 302 -
2024-11-14 17:15:16,040 - app.database - INFO - Conexão com banco de dados estabelecida
2024-11-14 17:15:16,040 - app.routes - DEBUG - Número de pacientes recuperados: 3
2024-11-14 17:15:16,040 - app.routes - ERROR - Erro na rota index: index.html
Traceback (most recent call last):
  File "/Applications/XAMPP/xamppfiles/htdocs/ss/app/routes.py", line 70, in index
    return render_template('index.html',
  File "/Applications/XAMPP/xamppfiles/htdocs/ss/venv/lib/python3.9/site-packages/flask/templating.py", line 149, in render_template
    template = app.jinja_env.get_or_select_template(template_name_or_list)
  File "/Applications/XAMPP/xamppfiles/htdocs/ss/venv/lib/python3.9/site-packages/jinja2/environment.py", line 1084, in get_or_select_template
    return self.get_template(template_name_or_list, parent, globals)
  File "/Applications/XAMPP/xamppfiles/htdocs/ss/venv/lib/python3.9/site-packages/jinja2/environment.py", line 1013, in get_template
    return self._load_template(name, globals)
  File "/Applications/XAMPP/xamppfiles/htdocs/ss/venv/lib/python3.9/site-packages/jinja2/environment.py", line 972, in _load_template
    template = self.loader.load(self, name, self.make_globals(globals))
  File "/Applications/XAMPP/xamppfiles/htdocs/ss/venv/lib/python3.9/site-packages/jinja2/loaders.py", line 126, in load
    source, filename, uptodate = self.get_source(environment, name)
  File "/Applications/XAMPP/xamppfiles/htdocs/ss/venv/lib/python3.9/site-packages/flask/templating.py", line 65, in get_source
    return self._get_source_fast(environment, template)
  File "/Applications/XAMPP/xamppfiles/htdocs/ss/venv/lib/python3.9/site-packages/flask/templating.py", line 99, in _get_source_fast
    raise TemplateNotFound(template)
jinja2.exceptions.TemplateNotFound: index.html
2024-11-14 17:15:16,041 - app.database - INFO - Conexão com banco de dados fechada
2024-11-14 17:15:16,041 - werkzeug - INFO - 127.0.0.1 - - [14/Nov/2024 17:15:16] "[32mGET / HTTP/1.1[0m" 302 -
2024-11-14 17:15:16,047 - app.database - INFO - Conexão com banco de dados estabelecida
2024-11-14 17:15:16,048 - app.routes - DEBUG - Número de pacientes recuperados: 3
2024-11-14 17:15:16,048 - app.routes - ERROR - Erro na rota index: index.html
Traceback (most recent call last):
  File "/Applications/XAMPP/xamppfiles/htdocs/ss/app/routes.py", line 70, in index
    return render_template('index.html',
  File "/Applications/XAMPP/xamppfiles/htdocs/ss/venv/lib/python3.9/site-packages/flask/templating.py", line 149, in render_template
    template = app.jinja_env.get_or_select_template(template_name_or_list)
  File "/Applications/XAMPP/xamppfiles/htdocs/ss/venv/lib/python3.9/site-packages/jinja2/environment.py", line 1084, in get_or_select_template
    return self.get_template(template_name_or_list, parent, globals)
  File "/Applications/XAMPP/xamppfiles/htdocs/ss/venv/lib/python3.9/site-packages/jinja2/environment.py", line 1013, in get_template
    return self._load_template(name, globals)
  File "/Applications/XAMPP/xamppfiles/htdocs/ss/venv/lib/python3.9/site-packages/jinja2/environment.py", line 972, in _load_template
    template = self.loader.load(self, name, self.make_globals(globals))
  File "/Applications/XAMPP/xamppfiles/htdocs/ss/venv/lib/python3.9/site-packages/jinja2/loaders.py", line 126, in load
    source, filename, uptodate = self.get_source(environment, name)
  File "/Applications/XAMPP/xamppfiles/htdocs/ss/venv/lib/python3.9/site-packages/flask/templating.py", line 65, in get_source
    return self._get_source_fast(environment, template)
  File "/Applications/XAMPP/xamppfiles/htdocs/ss/venv/lib/python3.9/site-packages/flask/templating.py", line 99, in _get_source_fast
    raise TemplateNotFound(template)
jinja2.exceptions.TemplateNotFound: index.html
2024-11-14 17:15:16,049 - app.database - INFO - Conexão com banco de dados fechada
2024-11-14 17:15:16,049 - werkzeug - INFO - 127.0.0.1 - - [14/Nov/2024 17:15:16] "[32mGET / HTTP/1.1[0m" 302 -
2024-11-14 17:15:16,055 - app.database - INFO - Conexão com banco de dados estabelecida
2024-11-14 17:15:16,055 - app.routes - DEBUG - Número de pacientes recuperados: 3
2024-11-14 17:15:16,056 - app.routes - ERROR - Erro na rota index: index.html
Traceback (most recent call last):
  File "/Applications/XAMPP/xamppfiles/htdocs/ss/app/routes.py", line 70, in index
    return render_template('index.html',
  File "/Applications/XAMPP/xamppfiles/htdocs/ss/venv/lib/python3.9/site-packages/flask/templating.py", line 149, in render_template
    template = app.jinja_env.get_or_select_template(template_name_or_list)
  File "/Applications/XAMPP/xamppfiles/htdocs/ss/venv/lib/python3.9/site-packages/jinja2/environment.py", line 1084, in get_or_select_template
    return self.get_template(template_name_or_list, parent, globals)
  File "/Applications/XAMPP/xamppfiles/htdocs/ss/venv/lib/python3.9/site-packages/jinja2/environment.py", line 1013, in get_template
    return self._load_template(name, globals)
  File "/Applications/XAMPP/xamppfiles/htdocs/ss/venv/lib/python3.9/site-packages/jinja2/environment.py", line 972, in _load_template
    template = self.loader.load(self, name, self.make_globals(globals))
  File "/Applications/XAMPP/xamppfiles/htdocs/ss/venv/lib/python3.9/site-packages/jinja2/loaders.py", line 126, in load
    source, filename, uptodate = self.get_source(environment, name)
  File "/Applications/XAMPP/xamppfiles/htdocs/ss/venv/lib/python3.9/site-packages/flask/templating.py", line 65, in get_source
    return self._get_source_fast(environment, template)
  File "/Applications/XAMPP/xamppfiles/htdocs/ss/venv/lib/python3.9/site-packages/flask/templating.py", line 99, in _get_source_fast
    raise TemplateNotFound(template)
jinja2.exceptions.TemplateNotFound: index.html
2024-11-14 17:15:16,056 - app.database - INFO - Conexão com banco de dados fechada
2024-11-14 17:15:16,057 - werkzeug - INFO - 127.0.0.1 - - [14/Nov/2024 17:15:16] "[32mGET / HTTP/1.1[0m" 302 -
2024-11-14 17:15:16,062 - app.database - INFO - Conexão com banco de dados estabelecida
2024-11-14 17:15:16,063 - app.routes - DEBUG - Número de pacientes recuperados: 3
2024-11-14 17:15:16,063 - app.routes - ERROR - Erro na rota index: index.html
Traceback (most recent call last):
  File "/Applications/XAMPP/xamppfiles/htdocs/ss/app/routes.py", line 70, in index
    return render_template('index.html',
  File "/Applications/XAMPP/xamppfiles/htdocs/ss/venv/lib/python3.9/site-packages/flask/templating.py", line 149, in render_template
    template = app.jinja_env.get_or_select_template(template_name_or_list)
  File "/Applications/XAMPP/xamppfiles/htdocs/ss/venv/lib/python3.9/site-packages/jinja2/environment.py", line 1084, in get_or_select_template
    return self.get_template(template_name_or_list, parent, globals)
  File "/Applications/XAMPP/xamppfiles/htdocs/ss/venv/lib/python3.9/site-packages/jinja2/environment.py", line 1013, in get_template
    return self._load_template(name, globals)
  File "/Applications/XAMPP/xamppfiles/htdocs/ss/venv/lib/python3.9/site-packages/jinja2/environment.py", line 972, in _load_template
    template = self.loader.load(self, name, self.make_globals(globals))
  File "/Applications/XAMPP/xamppfiles/htdocs/ss/venv/lib/python3.9/site-packages/jinja2/loaders.py", line 126, in load
    source, filename, uptodate = self.get_source(environment, name)
  File "/Applications/XAMPP/xamppfiles/htdocs/ss/venv/lib/python3.9/site-packages/flask/templating.py", line 65, in get_source
    return self._get_source_fast(environment, template)
  File "/Applications/XAMPP/xamppfiles/htdocs/ss/venv/lib/python3.9/site-packages/flask/templating.py", line 99, in _get_source_fast
    raise TemplateNotFound(template)
jinja2.exceptions.TemplateNotFound: index.html
2024-11-14 17:15:16,064 - app.database - INFO - Conexão com banco de dados fechada
2024-11-14 17:15:16,064 - werkzeug - INFO - 127.0.0.1 - - [14/Nov/2024 17:15:16] "[32mGET / HTTP/1.1[0m" 302 -
2024-11-14 17:15:16,072 - app.database - INFO - Conexão com banco de dados estabelecida
2024-11-14 17:15:16,072 - app.routes - DEBUG - Número de pacientes recuperados: 3
2024-11-14 17:15:16,072 - app.routes - ERROR - Erro na rota index: index.html
Traceback (most recent call last):
  File "/Applications/XAMPP/xamppfiles/htdocs/ss/app/routes.py", line 70, in index
    return render_template('index.html',
  File "/Applications/XAMPP/xamppfiles/htdocs/ss/venv/lib/python3.9/site-packages/flask/templating.py", line 149, in render_template
    template = app.jinja_env.get_or_select_template(template_name_or_list)
  File "/Applications/XAMPP/xamppfiles/htdocs/ss/venv/lib/python3.9/site-packages/jinja2/environment.py", line 1084, in get_or_select_template
    return self.get_template(template_name_or_list, parent, globals)
  File "/Applications/XAMPP/xamppfiles/htdocs/ss/venv/lib/python3.9/site-packages/jinja2/environment.py", line 1013, in get_template
    return self._load_template(name, globals)
  File "/Applications/XAMPP/xamppfiles/htdocs/ss/venv/lib/python3.9/site-packages/jinja2/environment.py", line 972, in _load_template
    template = self.loader.load(self, name, self.make_globals(globals))
  File "/Applications/XAMPP/xamppfiles/htdocs/ss/venv/lib/python3.9/site-packages/jinja2/loaders.py", line 126, in load
    source, filename, uptodate = self.get_source(environment, name)
  File "/Applications/XAMPP/xamppfiles/htdocs/ss/venv/lib/python3.9/site-packages/flask/templating.py", line 65, in get_source
    return self._get_source_fast(environment, template)
  File "/Applications/XAMPP/xamppfiles/htdocs/ss/venv/lib/python3.9/site-packages/flask/templating.py", line 99, in _get_source_fast
    raise TemplateNotFound(template)
jinja2.exceptions.TemplateNotFound: index.html
2024-11-14 17:15:16,073 - app.database - INFO - Conexão com banco de dados fechada
2024-11-14 17:15:16,073 - werkzeug - INFO - 127.0.0.1 - - [14/Nov/2024 17:15:16] "[32mGET / HTTP/1.1[0m" 302 -
2024-11-14 17:15:16,079 - app.database - INFO - Conexão com banco de dados estabelecida
2024-11-14 17:15:16,080 - app.routes - DEBUG - Número de pacientes recuperados: 3
2024-11-14 17:15:16,080 - app.routes - ERROR - Erro na rota index: index.html
Traceback (most recent call last):
  File "/Applications/XAMPP/xamppfiles/htdocs/ss/app/routes.py", line 70, in index
    return render_template('index.html',
  File "/Applications/XAMPP/xamppfiles/htdocs/ss/venv/lib/python3.9/site-packages/flask/templating.py", line 149, in render_template
    template = app.jinja_env.get_or_select_template(template_name_or_list)
  File "/Applications/XAMPP/xamppfiles/htdocs/ss/venv/lib/python3.9/site-packages/jinja2/environment.py", line 1084, in get_or_select_template
    return self.get_template(template_name_or_list, parent, globals)
  File "/Applications/XAMPP/xamppfiles/htdocs/ss/venv/lib/python3.9/site-packages/jinja2/environment.py", line 1013, in get_template
    return self._load_template(name, globals)
  File "/Applications/XAMPP/xamppfiles/htdocs/ss/venv/lib/python3.9/site-packages/jinja2/environment.py", line 972, in _load_template
    template = self.loader.load(self, name, self.make_globals(globals))
  File "/Applications/XAMPP/xamppfiles/htdocs/ss/venv/lib/python3.9/site-packages/jinja2/loaders.py", line 126, in load
    source, filename, uptodate = self.get_source(environment, name)
  File "/Applications/XAMPP/xamppfiles/htdocs/ss/venv/lib/python3.9/site-packages/flask/templating.py", line 65, in get_source
    return self._get_source_fast(environment, template)
  File "/Applications/XAMPP/xamppfiles/htdocs/ss/venv/lib/python3.9/site-packages/flask/templating.py", line 99, in _get_source_fast
    raise TemplateNotFound(template)
jinja2.exceptions.TemplateNotFound: index.html
2024-11-14 17:15:16,080 - app.database - INFO - Conexão com banco de dados fechada
2024-11-14 17:15:16,081 - werkzeug - INFO - 127.0.0.1 - - [14/Nov/2024 17:15:16] "[32mGET / HTTP/1.1[0m" 302 -
2024-11-14 17:15:16,087 - app.database - INFO - Conexão com banco de dados estabelecida
2024-11-14 17:15:16,087 - app.routes - DEBUG - Número de pacientes recuperados: 3
2024-11-14 17:15:16,087 - app.routes - ERROR - Erro na rota index: index.html
Traceback (most recent call last):
  File "/Applications/XAMPP/xamppfiles/htdocs/ss/app/routes.py", line 70, in index
    return render_template('index.html',
  File "/Applications/XAMPP/xamppfiles/htdocs/ss/venv/lib/python3.9/site-packages/flask/templating.py", line 149, in render_template
    template = app.jinja_env.get_or_select_template(template_name_or_list)
  File "/Applications/XAMPP/xamppfiles/htdocs/ss/venv/lib/python3.9/site-packages/jinja2/environment.py", line 1084, in get_or_select_template
    return self.get_template(template_name_or_list, parent, globals)
  File "/Applications/XAMPP/xamppfiles/htdocs/ss/venv/lib/python3.9/site-packages/jinja2/environment.py", line 1013, in get_template
    return self._load_template(name, globals)
  File "/Applications/XAMPP/xamppfiles/htdocs/ss/venv/lib/python3.9/site-packages/jinja2/environment.py", line 972, in _load_template
    template = self.loader.load(self, name, self.make_globals(globals))
  File "/Applications/XAMPP/xamppfiles/htdocs/ss/venv/lib/python3.9/site-packages/jinja2/loaders.py", line 126, in load
    source, filename, uptodate = self.get_source(environment, name)
  File "/Applications/XAMPP/xamppfiles/htdocs/ss/venv/lib/python3.9/site-packages/flask/templating.py", line 65, in get_source
    return self._get_source_fast(environment, template)
  File "/Applications/XAMPP/xamppfiles/htdocs/ss/venv/lib/python3.9/site-packages/flask/templating.py", line 99, in _get_source_fast
    raise TemplateNotFound(template)
jinja2.exceptions.TemplateNotFound: index.html
2024-11-14 17:15:16,088 - app.database - INFO - Conexão com banco de dados fechada
2024-11-14 17:15:16,088 - werkzeug - INFO - 127.0.0.1 - - [14/Nov/2024 17:15:16] "[32mGET / HTTP/1.1[0m" 302 -
2024-11-14 17:15:16,093 - app.database - INFO - Conexão com banco de dados estabelecida
2024-11-14 17:15:16,093 - app.routes - DEBUG - Número de pacientes recuperados: 3
2024-11-14 17:15:16,094 - app.routes - ERROR - Erro na rota index: index.html
Traceback (most recent call last):
  File "/Applications/XAMPP/xamppfiles/htdocs/ss/app/routes.py", line 70, in index
    return render_template('index.html',
  File "/Applications/XAMPP/xamppfiles/htdocs/ss/venv/lib/python3.9/site-packages/flask/templating.py", line 149, in render_template
    template = app.jinja_env.get_or_select_template(template_name_or_list)
  File "/Applications/XAMPP/xamppfiles/htdocs/ss/venv/lib/python3.9/site-packages/jinja2/environment.py", line 1084, in get_or_select_template
    return self.get_template(template_name_or_list, parent, globals)
  File "/Applications/XAMPP/xamppfiles/htdocs/ss/venv/lib/python3.9/site-packages/jinja2/environment.py", line 1013, in get_template
    return self._load_template(name, globals)
  File "/Applications/XAMPP/xamppfiles/htdocs/ss/venv/lib/python3.9/site-packages/jinja2/environment.py", line 972, in _load_template
    template = self.loader.load(self, name, self.make_globals(globals))
  File "/Applications/XAMPP/xamppfiles/htdocs/ss/venv/lib/python3.9/site-packages/jinja2/loaders.py", line 126, in load
    source, filename, uptodate = self.get_source(environment, name)
  File "/Applications/XAMPP/xamppfiles/htdocs/ss/venv/lib/python3.9/site-packages/flask/templating.py", line 65, in get_source
    return self._get_source_fast(environment, template)
  File "/Applications/XAMPP/xamppfiles/htdocs/ss/venv/lib/python3.9/site-packages/flask/templating.py", line 99, in _get_source_fast
    raise TemplateNotFound(template)
jinja2.exceptions.TemplateNotFound: index.html
2024-11-14 17:15:16,094 - app.database - INFO - Conexão com banco de dados fechada
2024-11-14 17:15:16,094 - werkzeug - INFO - 127.0.0.1 - - [14/Nov/2024 17:15:16] "[32mGET / HTTP/1.1[0m" 302 -
2024-11-14 17:15:16,099 - app.database - INFO - Conexão com banco de dados estabelecida
2024-11-14 17:15:16,100 - app.routes - DEBUG - Número de pacientes recuperados: 3
2024-11-14 17:15:16,100 - app.routes - ERROR - Erro na rota index: index.html
Traceback (most recent call last):
  File "/Applications/XAMPP/xamppfiles/htdocs/ss/app/routes.py", line 70, in index
    return render_template('index.html',
  File "/Applications/XAMPP/xamppfiles/htdocs/ss/venv/lib/python3.9/site-packages/flask/templating.py", line 149, in render_template
    template = app.jinja_env.get_or_select_template(template_name_or_list)
  File "/Applications/XAMPP/xamppfiles/htdocs/ss/venv/lib/python3.9/site-packages/jinja2/environment.py", line 1084, in get_or_select_template
    return self.get_template(template_name_or_list, parent, globals)
  File "/Applications/XAMPP/xamppfiles/htdocs/ss/venv/lib/python3.9/site-packages/jinja2/environment.py", line 1013, in get_template
    return self._load_template(name, globals)
  File "/Applications/XAMPP/xamppfiles/htdocs/ss/venv/lib/python3.9/site-packages/jinja2/environment.py", line 972, in _load_template
    template = self.loader.load(self, name, self.make_globals(globals))
  File "/Applications/XAMPP/xamppfiles/htdocs/ss/venv/lib/python3.9/site-packages/jinja2/loaders.py", line 126, in load
    source, filename, uptodate = self.get_source(environment, name)
  File "/Applications/XAMPP/xamppfiles/htdocs/ss/venv/lib/python3.9/site-packages/flask/templating.py", line 65, in get_source
    return self._get_source_fast(environment, template)
  File "/Applications/XAMPP/xamppfiles/htdocs/ss/venv/lib/python3.9/site-packages/flask/templating.py", line 99, in _get_source_fast
    raise TemplateNotFound(template)
jinja2.exceptions.TemplateNotFound: index.html
2024-11-14 17:15:16,101 - app.database - INFO - Conexão com banco de dados fechada
2024-11-14 17:15:16,101 - werkzeug - INFO - 127.0.0.1 - - [14/Nov/2024 17:15:16] "[32mGET / HTTP/1.1[0m" 302 -
2024-11-14 17:15:16,106 - app.database - INFO - Conexão com banco de dados estabelecida
2024-11-14 17:15:16,107 - app.routes - DEBUG - Número de pacientes recuperados: 3
2024-11-14 17:15:16,107 - app.routes - ERROR - Erro na rota index: index.html
Traceback (most recent call last):
  File "/Applications/XAMPP/xamppfiles/htdocs/ss/app/routes.py", line 70, in index
    return render_template('index.html',
  File "/Applications/XAMPP/xamppfiles/htdocs/ss/venv/lib/python3.9/site-packages/flask/templating.py", line 149, in render_template
    template = app.jinja_env.get_or_select_template(template_name_or_list)
  File "/Applications/XAMPP/xamppfiles/htdocs/ss/venv/lib/python3.9/site-packages/jinja2/environment.py", line 1084, in get_or_select_template
    return self.get_template(template_name_or_list, parent, globals)
  File "/Applications/XAMPP/xamppfiles/htdocs/ss/venv/lib/python3.9/site-packages/jinja2/environment.py", line 1013, in get_template
    return self._load_template(name, globals)
  File "/Applications/XAMPP/xamppfiles/htdocs/ss/venv/lib/python3.9/site-packages/jinja2/environment.py", line 972, in _load_template
    template = self.loader.load(self, name, self.make_globals(globals))
  File "/Applications/XAMPP/xamppfiles/htdocs/ss/venv/lib/python3.9/site-packages/jinja2/loaders.py", line 126, in load
    source, filename, uptodate = self.get_source(environment, name)
  File "/Applications/XAMPP/xamppfiles/htdocs/ss/venv/lib/python3.9/site-packages/flask/templating.py", line 65, in get_source
    return self._get_source_fast(environment, template)
  File "/Applications/XAMPP/xamppfiles/htdocs/ss/venv/lib/python3.9/site-packages/flask/templating.py", line 99, in _get_source_fast
    raise TemplateNotFound(template)
jinja2.exceptions.TemplateNotFound: index.html
2024-11-14 17:15:16,107 - app.database - INFO - Conexão com banco de dados fechada
2024-11-14 17:15:16,107 - werkzeug - INFO - 127.0.0.1 - - [14/Nov/2024 17:15:16] "[32mGET / HTTP/1.1[0m" 302 -
2024-11-14 17:15:16,112 - app.database - INFO - Conexão com banco de dados estabelecida
2024-11-14 17:15:16,113 - app.routes - DEBUG - Número de pacientes recuperados: 3
2024-11-14 17:15:16,113 - app.routes - ERROR - Erro na rota index: index.html
Traceback (most recent call last):
  File "/Applications/XAMPP/xamppfiles/htdocs/ss/app/routes.py", line 70, in index
    return render_template('index.html',
  File "/Applications/XAMPP/xamppfiles/htdocs/ss/venv/lib/python3.9/site-packages/flask/templating.py", line 149, in render_template
    template = app.jinja_env.get_or_select_template(template_name_or_list)
  File "/Applications/XAMPP/xamppfiles/htdocs/ss/venv/lib/python3.9/site-packages/jinja2/environment.py", line 1084, in get_or_select_template
    return self.get_template(template_name_or_list, parent, globals)
  File "/Applications/XAMPP/xamppfiles/htdocs/ss/venv/lib/python3.9/site-packages/jinja2/environment.py", line 1013, in get_template
    return self._load_template(name, globals)
  File "/Applications/XAMPP/xamppfiles/htdocs/ss/venv/lib/python3.9/site-packages/jinja2/environment.py", line 972, in _load_template
    template = self.loader.load(self, name, self.make_globals(globals))
  File "/Applications/XAMPP/xamppfiles/htdocs/ss/venv/lib/python3.9/site-packages/jinja2/loaders.py", line 126, in load
    source, filename, uptodate = self.get_source(environment, name)
  File "/Applications/XAMPP/xamppfiles/htdocs/ss/venv/lib/python3.9/site-packages/flask/templating.py", line 65, in get_source
    return self._get_source_fast(environment, template)
  File "/Applications/XAMPP/xamppfiles/htdocs/ss/venv/lib/python3.9/site-packages/flask/templating.py", line 99, in _get_source_fast
    raise TemplateNotFound(template)
jinja2.exceptions.TemplateNotFound: index.html
2024-11-14 17:15:16,114 - app.database - INFO - Conexão com banco de dados fechada
2024-11-14 17:15:16,114 - werkzeug - INFO - 127.0.0.1 - - [14/Nov/2024 17:15:16] "[32mGET / HTTP/1.1[0m" 302 -
2024-11-14 17:15:16,118 - app.database - INFO - Conexão com banco de dados estabelecida
2024-11-14 17:15:16,119 - app.routes - DEBUG - Número de pacientes recuperados: 3
2024-11-14 17:15:16,120 - app.routes - ERROR - Erro na rota index: index.html
Traceback (most recent call last):
  File "/Applications/XAMPP/xamppfiles/htdocs/ss/app/routes.py", line 70, in index
    return render_template('index.html',
  File "/Applications/XAMPP/xamppfiles/htdocs/ss/venv/lib/python3.9/site-packages/flask/templating.py", line 149, in render_template
    template = app.jinja_env.get_or_select_template(template_name_or_list)
  File "/Applications/XAMPP/xamppfiles/htdocs/ss/venv/lib/python3.9/site-packages/jinja2/environment.py", line 1084, in get_or_select_template
    return self.get_template(template_name_or_list, parent, globals)
  File "/Applications/XAMPP/xamppfiles/htdocs/ss/venv/lib/python3.9/site-packages/jinja2/environment.py", line 1013, in get_template
    return self._load_template(name, globals)
  File "/Applications/XAMPP/xamppfiles/htdocs/ss/venv/lib/python3.9/site-packages/jinja2/environment.py", line 972, in _load_template
    template = self.loader.load(self, name, self.make_globals(globals))
  File "/Applications/XAMPP/xamppfiles/htdocs/ss/venv/lib/python3.9/site-packages/jinja2/loaders.py", line 126, in load
    source, filename, uptodate = self.get_source(environment, name)
  File "/Applications/XAMPP/xamppfiles/htdocs/ss/venv/lib/python3.9/site-packages/flask/templating.py", line 65, in get_source
    return self._get_source_fast(environment, template)
  File "/Applications/XAMPP/xamppfiles/htdocs/ss/venv/lib/python3.9/site-packages/flask/templating.py", line 99, in _get_source_fast
    raise TemplateNotFound(template)
jinja2.exceptions.TemplateNotFound: index.html
2024-11-14 17:15:16,120 - app.database - INFO - Conexão com banco de dados fechada
2024-11-14 17:15:16,121 - werkzeug - INFO - 127.0.0.1 - - [14/Nov/2024 17:15:16] "[32mGET / HTTP/1.1[0m" 302 -
2024-11-14 17:15:16,125 - app.database - INFO - Conexão com banco de dados estabelecida
2024-11-14 17:15:16,126 - app.routes - DEBUG - Número de pacientes recuperados: 3
2024-11-14 17:15:16,126 - app.routes - ERROR - Erro na rota index: index.html
Traceback (most recent call last):
  File "/Applications/XAMPP/xamppfiles/htdocs/ss/app/routes.py", line 70, in index
    return render_template('index.html',
  File "/Applications/XAMPP/xamppfiles/htdocs/ss/venv/lib/python3.9/site-packages/flask/templating.py", line 149, in render_template
    template = app.jinja_env.get_or_select_template(template_name_or_list)
  File "/Applications/XAMPP/xamppfiles/htdocs/ss/venv/lib/python3.9/site-packages/jinja2/environment.py", line 1084, in get_or_select_template
    return self.get_template(template_name_or_list, parent, globals)
  File "/Applications/XAMPP/xamppfiles/htdocs/ss/venv/lib/python3.9/site-packages/jinja2/environment.py", line 1013, in get_template
    return self._load_template(name, globals)
  File "/Applications/XAMPP/xamppfiles/htdocs/ss/venv/lib/python3.9/site-packages/jinja2/environment.py", line 972, in _load_template
    template = self.loader.load(self, name, self.make_globals(globals))
  File "/Applications/XAMPP/xamppfiles/htdocs/ss/venv/lib/python3.9/site-packages/jinja2/loaders.py", line 126, in load
    source, filename, uptodate = self.get_source(environment, name)
  File "/Applications/XAMPP/xamppfiles/htdocs/ss/venv/lib/python3.9/site-packages/flask/templating.py", line 65, in get_source
    return self._get_source_fast(environment, template)
  File "/Applications/XAMPP/xamppfiles/htdocs/ss/venv/lib/python3.9/site-packages/flask/templating.py", line 99, in _get_source_fast
    raise TemplateNotFound(template)
jinja2.exceptions.TemplateNotFound: index.html
2024-11-14 17:15:16,126 - app.database - INFO - Conexão com banco de dados fechada
2024-11-14 17:15:16,126 - werkzeug - INFO - 127.0.0.1 - - [14/Nov/2024 17:15:16] "[32mGET / HTTP/1.1[0m" 302 -
2024-11-14 17:15:16,131 - app.database - INFO - Conexão com banco de dados estabelecida
2024-11-14 17:15:16,131 - app.routes - DEBUG - Número de pacientes recuperados: 3
2024-11-14 17:15:16,131 - app.routes - ERROR - Erro na rota index: index.html
Traceback (most recent call last):
  File "/Applications/XAMPP/xamppfiles/htdocs/ss/app/routes.py", line 70, in index
    return render_template('index.html',
  File "/Applications/XAMPP/xamppfiles/htdocs/ss/venv/lib/python3.9/site-packages/flask/templating.py", line 149, in render_template
    template = app.jinja_env.get_or_select_template(template_name_or_list)
  File "/Applications/XAMPP/xamppfiles/htdocs/ss/venv/lib/python3.9/site-packages/jinja2/environment.py", line 1084, in get_or_select_template
    return self.get_template(template_name_or_list, parent, globals)
  File "/Applications/XAMPP/xamppfiles/htdocs/ss/venv/lib/python3.9/site-packages/jinja2/environment.py", line 1013, in get_template
    return self._load_template(name, globals)
  File "/Applications/XAMPP/xamppfiles/htdocs/ss/venv/lib/python3.9/site-packages/jinja2/environment.py", line 972, in _load_template
    template = self.loader.load(self, name, self.make_globals(globals))
  File "/Applications/XAMPP/xamppfiles/htdocs/ss/venv/lib/python3.9/site-packages/jinja2/loaders.py", line 126, in load
    source, filename, uptodate = self.get_source(environment, name)
  File "/Applications/XAMPP/xamppfiles/htdocs/ss/venv/lib/python3.9/site-packages/flask/templating.py", line 65, in get_source
    return self._get_source_fast(environment, template)
  File "/Applications/XAMPP/xamppfiles/htdocs/ss/venv/lib/python3.9/site-packages/flask/templating.py", line 99, in _get_source_fast
    raise TemplateNotFound(template)
jinja2.exceptions.TemplateNotFound: index.html
2024-11-14 17:15:16,132 - app.database - INFO - Conexão com banco de dados fechada
2024-11-14 17:15:16,132 - werkzeug - INFO - 127.0.0.1 - - [14/Nov/2024 17:15:16] "[32mGET / HTTP/1.1[0m" 302 -
2024-11-14 17:16:20,984 - werkzeug - INFO -  * Detected change in '/Applications/XAMPP/xamppfiles/htdocs/ss/app.py', reloading
2024-11-14 17:16:21,014 - werkzeug - INFO -  * Restarting with stat
2024-11-14 17:16:21,158 - app.database - INFO - Conexão com banco de dados estabelecida
2024-11-14 17:16:21,161 - app.database - INFO - Banco de dados inicializado com sucesso
2024-11-14 17:16:21,161 - app.database - INFO - Conexão com banco de dados fechada
2024-11-14 17:16:21,179 - werkzeug - WARNING -  * Debugger is active!
2024-11-14 17:16:21,184 - werkzeug - INFO -  * Debugger PIN: 856-842-152
2024-11-14 17:16:30,986 - app.database - INFO - Conexão com banco de dados estabelecida
2024-11-14 17:16:30,987 - app.routes - DEBUG - Número de pacientes recuperados: 3
2024-11-14 17:16:30,987 - app.routes - ERROR - Erro na rota index: index.html
Traceback (most recent call last):
  File "/Applications/XAMPP/xamppfiles/htdocs/ss/app/routes.py", line 70, in index
    return render_template('index.html',
  File "/Applications/XAMPP/xamppfiles/htdocs/ss/venv/lib/python3.9/site-packages/flask/templating.py", line 149, in render_template
    template = app.jinja_env.get_or_select_template(template_name_or_list)
  File "/Applications/XAMPP/xamppfiles/htdocs/ss/venv/lib/python3.9/site-packages/jinja2/environment.py", line 1084, in get_or_select_template
    return self.get_template(template_name_or_list, parent, globals)
  File "/Applications/XAMPP/xamppfiles/htdocs/ss/venv/lib/python3.9/site-packages/jinja2/environment.py", line 1013, in get_template
    return self._load_template(name, globals)
  File "/Applications/XAMPP/xamppfiles/htdocs/ss/venv/lib/python3.9/site-packages/jinja2/environment.py", line 972, in _load_template
    template = self.loader.load(self, name, self.make_globals(globals))
  File "/Applications/XAMPP/xamppfiles/htdocs/ss/venv/lib/python3.9/site-packages/jinja2/loaders.py", line 126, in load
    source, filename, uptodate = self.get_source(environment, name)
  File "/Applications/XAMPP/xamppfiles/htdocs/ss/venv/lib/python3.9/site-packages/flask/templating.py", line 65, in get_source
    return self._get_source_fast(environment, template)
  File "/Applications/XAMPP/xamppfiles/htdocs/ss/venv/lib/python3.9/site-packages/flask/templating.py", line 99, in _get_source_fast
    raise TemplateNotFound(template)
jinja2.exceptions.TemplateNotFound: index.html
2024-11-14 17:16:30,996 - app.database - INFO - Conexão com banco de dados fechada
2024-11-14 17:16:30,997 - werkzeug - INFO - 127.0.0.1 - - [14/Nov/2024 17:16:30] "[32mGET / HTTP/1.1[0m" 302 -
2024-11-14 17:16:31,009 - app.database - INFO - Conexão com banco de dados estabelecida
2024-11-14 17:16:31,010 - app.routes - DEBUG - Número de pacientes recuperados: 3
2024-11-14 17:16:31,010 - app.routes - ERROR - Erro na rota index: index.html
Traceback (most recent call last):
  File "/Applications/XAMPP/xamppfiles/htdocs/ss/app/routes.py", line 70, in index
    return render_template('index.html',
  File "/Applications/XAMPP/xamppfiles/htdocs/ss/venv/lib/python3.9/site-packages/flask/templating.py", line 149, in render_template
    template = app.jinja_env.get_or_select_template(template_name_or_list)
  File "/Applications/XAMPP/xamppfiles/htdocs/ss/venv/lib/python3.9/site-packages/jinja2/environment.py", line 1084, in get_or_select_template
    return self.get_template(template_name_or_list, parent, globals)
  File "/Applications/XAMPP/xamppfiles/htdocs/ss/venv/lib/python3.9/site-packages/jinja2/environment.py", line 1013, in get_template
    return self._load_template(name, globals)
  File "/Applications/XAMPP/xamppfiles/htdocs/ss/venv/lib/python3.9/site-packages/jinja2/environment.py", line 972, in _load_template
    template = self.loader.load(self, name, self.make_globals(globals))
  File "/Applications/XAMPP/xamppfiles/htdocs/ss/venv/lib/python3.9/site-packages/jinja2/loaders.py", line 126, in load
    source, filename, uptodate = self.get_source(environment, name)
  File "/Applications/XAMPP/xamppfiles/htdocs/ss/venv/lib/python3.9/site-packages/flask/templating.py", line 65, in get_source
    return self._get_source_fast(environment, template)
  File "/Applications/XAMPP/xamppfiles/htdocs/ss/venv/lib/python3.9/site-packages/flask/templating.py", line 99, in _get_source_fast
    raise TemplateNotFound(template)
jinja2.exceptions.TemplateNotFound: index.html
2024-11-14 17:16:31,011 - app.database - INFO - Conexão com banco de dados fechada
2024-11-14 17:16:31,011 - werkzeug - INFO - 127.0.0.1 - - [14/Nov/2024 17:16:31] "[32mGET / HTTP/1.1[0m" 302 -
2024-11-14 17:16:31,019 - app.database - INFO - Conexão com banco de dados estabelecida
2024-11-14 17:16:31,019 - app.routes - DEBUG - Número de pacientes recuperados: 3
2024-11-14 17:16:31,019 - app.routes - ERROR - Erro na rota index: index.html
Traceback (most recent call last):
  File "/Applications/XAMPP/xamppfiles/htdocs/ss/app/routes.py", line 70, in index
    return render_template('index.html',
  File "/Applications/XAMPP/xamppfiles/htdocs/ss/venv/lib/python3.9/site-packages/flask/templating.py", line 149, in render_template
    template = app.jinja_env.get_or_select_template(template_name_or_list)
  File "/Applications/XAMPP/xamppfiles/htdocs/ss/venv/lib/python3.9/site-packages/jinja2/environment.py", line 1084, in get_or_select_template
    return self.get_template(template_name_or_list, parent, globals)
  File "/Applications/XAMPP/xamppfiles/htdocs/ss/venv/lib/python3.9/site-packages/jinja2/environment.py", line 1013, in get_template
    return self._load_template(name, globals)
  File "/Applications/XAMPP/xamppfiles/htdocs/ss/venv/lib/python3.9/site-packages/jinja2/environment.py", line 972, in _load_template
    template = self.loader.load(self, name, self.make_globals(globals))
  File "/Applications/XAMPP/xamppfiles/htdocs/ss/venv/lib/python3.9/site-packages/jinja2/loaders.py", line 126, in load
    source, filename, uptodate = self.get_source(environment, name)
  File "/Applications/XAMPP/xamppfiles/htdocs/ss/venv/lib/python3.9/site-packages/flask/templating.py", line 65, in get_source
    return self._get_source_fast(environment, template)
  File "/Applications/XAMPP/xamppfiles/htdocs/ss/venv/lib/python3.9/site-packages/flask/templating.py", line 99, in _get_source_fast
    raise TemplateNotFound(template)
jinja2.exceptions.TemplateNotFound: index.html
2024-11-14 17:16:31,020 - app.database - INFO - Conexão com banco de dados fechada
2024-11-14 17:16:31,020 - werkzeug - INFO - 127.0.0.1 - - [14/Nov/2024 17:16:31] "[32mGET / HTTP/1.1[0m" 302 -
2024-11-14 17:16:31,028 - app.database - INFO - Conexão com banco de dados estabelecida
2024-11-14 17:16:31,028 - app.routes - DEBUG - Número de pacientes recuperados: 3
2024-11-14 17:16:31,029 - app.routes - ERROR - Erro na rota index: index.html
Traceback (most recent call last):
  File "/Applications/XAMPP/xamppfiles/htdocs/ss/app/routes.py", line 70, in index
    return render_template('index.html',
  File "/Applications/XAMPP/xamppfiles/htdocs/ss/venv/lib/python3.9/site-packages/flask/templating.py", line 149, in render_template
    template = app.jinja_env.get_or_select_template(template_name_or_list)
  File "/Applications/XAMPP/xamppfiles/htdocs/ss/venv/lib/python3.9/site-packages/jinja2/environment.py", line 1084, in get_or_select_template
    return self.get_template(template_name_or_list, parent, globals)
  File "/Applications/XAMPP/xamppfiles/htdocs/ss/venv/lib/python3.9/site-packages/jinja2/environment.py", line 1013, in get_template
    return self._load_template(name, globals)
  File "/Applications/XAMPP/xamppfiles/htdocs/ss/venv/lib/python3.9/site-packages/jinja2/environment.py", line 972, in _load_template
    template = self.loader.load(self, name, self.make_globals(globals))
  File "/Applications/XAMPP/xamppfiles/htdocs/ss/venv/lib/python3.9/site-packages/jinja2/loaders.py", line 126, in load
    source, filename, uptodate = self.get_source(environment, name)
  File "/Applications/XAMPP/xamppfiles/htdocs/ss/venv/lib/python3.9/site-packages/flask/templating.py", line 65, in get_source
    return self._get_source_fast(environment, template)
  File "/Applications/XAMPP/xamppfiles/htdocs/ss/venv/lib/python3.9/site-packages/flask/templating.py", line 99, in _get_source_fast
    raise TemplateNotFound(template)
jinja2.exceptions.TemplateNotFound: index.html
2024-11-14 17:16:31,030 - app.database - INFO - Conexão com banco de dados fechada
2024-11-14 17:16:31,030 - werkzeug - INFO - 127.0.0.1 - - [14/Nov/2024 17:16:31] "[32mGET / HTTP/1.1[0m" 302 -
2024-11-14 17:16:31,037 - app.database - INFO - Conexão com banco de dados estabelecida
2024-11-14 17:16:31,038 - app.routes - DEBUG - Número de pacientes recuperados: 3
2024-11-14 17:16:31,038 - app.routes - ERROR - Erro na rota index: index.html
Traceback (most recent call last):
  File "/Applications/XAMPP/xamppfiles/htdocs/ss/app/routes.py", line 70, in index
    return render_template('index.html',
  File "/Applications/XAMPP/xamppfiles/htdocs/ss/venv/lib/python3.9/site-packages/flask/templating.py", line 149, in render_template
    template = app.jinja_env.get_or_select_template(template_name_or_list)
  File "/Applications/XAMPP/xamppfiles/htdocs/ss/venv/lib/python3.9/site-packages/jinja2/environment.py", line 1084, in get_or_select_template
    return self.get_template(template_name_or_list, parent, globals)
  File "/Applications/XAMPP/xamppfiles/htdocs/ss/venv/lib/python3.9/site-packages/jinja2/environment.py", line 1013, in get_template
    return self._load_template(name, globals)
  File "/Applications/XAMPP/xamppfiles/htdocs/ss/venv/lib/python3.9/site-packages/jinja2/environment.py", line 972, in _load_template
    template = self.loader.load(self, name, self.make_globals(globals))
  File "/Applications/XAMPP/xamppfiles/htdocs/ss/venv/lib/python3.9/site-packages/jinja2/loaders.py", line 126, in load
    source, filename, uptodate = self.get_source(environment, name)
  File "/Applications/XAMPP/xamppfiles/htdocs/ss/venv/lib/python3.9/site-packages/flask/templating.py", line 65, in get_source
    return self._get_source_fast(environment, template)
  File "/Applications/XAMPP/xamppfiles/htdocs/ss/venv/lib/python3.9/site-packages/flask/templating.py", line 99, in _get_source_fast
    raise TemplateNotFound(template)
jinja2.exceptions.TemplateNotFound: index.html
2024-11-14 17:16:31,039 - app.database - INFO - Conexão com banco de dados fechada
2024-11-14 17:16:31,039 - werkzeug - INFO - 127.0.0.1 - - [14/Nov/2024 17:16:31] "[32mGET / HTTP/1.1[0m" 302 -
2024-11-14 17:16:31,045 - app.database - INFO - Conexão com banco de dados estabelecida
2024-11-14 17:16:31,046 - app.routes - DEBUG - Número de pacientes recuperados: 3
2024-11-14 17:16:31,046 - app.routes - ERROR - Erro na rota index: index.html
Traceback (most recent call last):
  File "/Applications/XAMPP/xamppfiles/htdocs/ss/app/routes.py", line 70, in index
    return render_template('index.html',
  File "/Applications/XAMPP/xamppfiles/htdocs/ss/venv/lib/python3.9/site-packages/flask/templating.py", line 149, in render_template
    template = app.jinja_env.get_or_select_template(template_name_or_list)
  File "/Applications/XAMPP/xamppfiles/htdocs/ss/venv/lib/python3.9/site-packages/jinja2/environment.py", line 1084, in get_or_select_template
    return self.get_template(template_name_or_list, parent, globals)
  File "/Applications/XAMPP/xamppfiles/htdocs/ss/venv/lib/python3.9/site-packages/jinja2/environment.py", line 1013, in get_template
    return self._load_template(name, globals)
  File "/Applications/XAMPP/xamppfiles/htdocs/ss/venv/lib/python3.9/site-packages/jinja2/environment.py", line 972, in _load_template
    template = self.loader.load(self, name, self.make_globals(globals))
  File "/Applications/XAMPP/xamppfiles/htdocs/ss/venv/lib/python3.9/site-packages/jinja2/loaders.py", line 126, in load
    source, filename, uptodate = self.get_source(environment, name)
  File "/Applications/XAMPP/xamppfiles/htdocs/ss/venv/lib/python3.9/site-packages/flask/templating.py", line 65, in get_source
    return self._get_source_fast(environment, template)
  File "/Applications/XAMPP/xamppfiles/htdocs/ss/venv/lib/python3.9/site-packages/flask/templating.py", line 99, in _get_source_fast
    raise TemplateNotFound(template)
jinja2.exceptions.TemplateNotFound: index.html
2024-11-14 17:16:31,047 - app.database - INFO - Conexão com banco de dados fechada
2024-11-14 17:16:31,047 - werkzeug - INFO - 127.0.0.1 - - [14/Nov/2024 17:16:31] "[32mGET / HTTP/1.1[0m" 302 -
2024-11-14 17:16:31,054 - app.database - INFO - Conexão com banco de dados estabelecida
2024-11-14 17:16:31,054 - app.routes - DEBUG - Número de pacientes recuperados: 3
2024-11-14 17:16:31,054 - app.routes - ERROR - Erro na rota index: index.html
Traceback (most recent call last):
  File "/Applications/XAMPP/xamppfiles/htdocs/ss/app/routes.py", line 70, in index
    return render_template('index.html',
  File "/Applications/XAMPP/xamppfiles/htdocs/ss/venv/lib/python3.9/site-packages/flask/templating.py", line 149, in render_template
    template = app.jinja_env.get_or_select_template(template_name_or_list)
  File "/Applications/XAMPP/xamppfiles/htdocs/ss/venv/lib/python3.9/site-packages/jinja2/environment.py", line 1084, in get_or_select_template
    return self.get_template(template_name_or_list, parent, globals)
  File "/Applications/XAMPP/xamppfiles/htdocs/ss/venv/lib/python3.9/site-packages/jinja2/environment.py", line 1013, in get_template
    return self._load_template(name, globals)
  File "/Applications/XAMPP/xamppfiles/htdocs/ss/venv/lib/python3.9/site-packages/jinja2/environment.py", line 972, in _load_template
    template = self.loader.load(self, name, self.make_globals(globals))
  File "/Applications/XAMPP/xamppfiles/htdocs/ss/venv/lib/python3.9/site-packages/jinja2/loaders.py", line 126, in load
    source, filename, uptodate = self.get_source(environment, name)
  File "/Applications/XAMPP/xamppfiles/htdocs/ss/venv/lib/python3.9/site-packages/flask/templating.py", line 65, in get_source
    return self._get_source_fast(environment, template)
  File "/Applications/XAMPP/xamppfiles/htdocs/ss/venv/lib/python3.9/site-packages/flask/templating.py", line 99, in _get_source_fast
    raise TemplateNotFound(template)
jinja2.exceptions.TemplateNotFound: index.html
2024-11-14 17:16:31,055 - app.database - INFO - Conexão com banco de dados fechada
2024-11-14 17:16:31,055 - werkzeug - INFO - 127.0.0.1 - - [14/Nov/2024 17:16:31] "[32mGET / HTTP/1.1[0m" 302 -
2024-11-14 17:16:31,062 - app.database - INFO - Conexão com banco de dados estabelecida
2024-11-14 17:16:31,062 - app.routes - DEBUG - Número de pacientes recuperados: 3
2024-11-14 17:16:31,062 - app.routes - ERROR - Erro na rota index: index.html
Traceback (most recent call last):
  File "/Applications/XAMPP/xamppfiles/htdocs/ss/app/routes.py", line 70, in index
    return render_template('index.html',
  File "/Applications/XAMPP/xamppfiles/htdocs/ss/venv/lib/python3.9/site-packages/flask/templating.py", line 149, in render_template
    template = app.jinja_env.get_or_select_template(template_name_or_list)
  File "/Applications/XAMPP/xamppfiles/htdocs/ss/venv/lib/python3.9/site-packages/jinja2/environment.py", line 1084, in get_or_select_template
    return self.get_template(template_name_or_list, parent, globals)
  File "/Applications/XAMPP/xamppfiles/htdocs/ss/venv/lib/python3.9/site-packages/jinja2/environment.py", line 1013, in get_template
    return self._load_template(name, globals)
  File "/Applications/XAMPP/xamppfiles/htdocs/ss/venv/lib/python3.9/site-packages/jinja2/environment.py", line 972, in _load_template
    template = self.loader.load(self, name, self.make_globals(globals))
  File "/Applications/XAMPP/xamppfiles/htdocs/ss/venv/lib/python3.9/site-packages/jinja2/loaders.py", line 126, in load
    source, filename, uptodate = self.get_source(environment, name)
  File "/Applications/XAMPP/xamppfiles/htdocs/ss/venv/lib/python3.9/site-packages/flask/templating.py", line 65, in get_source
    return self._get_source_fast(environment, template)
  File "/Applications/XAMPP/xamppfiles/htdocs/ss/venv/lib/python3.9/site-packages/flask/templating.py", line 99, in _get_source_fast
    raise TemplateNotFound(template)
jinja2.exceptions.TemplateNotFound: index.html
2024-11-14 17:16:31,063 - app.database - INFO - Conexão com banco de dados fechada
2024-11-14 17:16:31,063 - werkzeug - INFO - 127.0.0.1 - - [14/Nov/2024 17:16:31] "[32mGET / HTTP/1.1[0m" 302 -
2024-11-14 17:16:31,070 - app.database - INFO - Conexão com banco de dados estabelecida
2024-11-14 17:16:31,070 - app.routes - DEBUG - Número de pacientes recuperados: 3
2024-11-14 17:16:31,070 - app.routes - ERROR - Erro na rota index: index.html
Traceback (most recent call last):
  File "/Applications/XAMPP/xamppfiles/htdocs/ss/app/routes.py", line 70, in index
    return render_template('index.html',
  File "/Applications/XAMPP/xamppfiles/htdocs/ss/venv/lib/python3.9/site-packages/flask/templating.py", line 149, in render_template
    template = app.jinja_env.get_or_select_template(template_name_or_list)
  File "/Applications/XAMPP/xamppfiles/htdocs/ss/venv/lib/python3.9/site-packages/jinja2/environment.py", line 1084, in get_or_select_template
    return self.get_template(template_name_or_list, parent, globals)
  File "/Applications/XAMPP/xamppfiles/htdocs/ss/venv/lib/python3.9/site-packages/jinja2/environment.py", line 1013, in get_template
    return self._load_template(name, globals)
  File "/Applications/XAMPP/xamppfiles/htdocs/ss/venv/lib/python3.9/site-packages/jinja2/environment.py", line 972, in _load_template
    template = self.loader.load(self, name, self.make_globals(globals))
  File "/Applications/XAMPP/xamppfiles/htdocs/ss/venv/lib/python3.9/site-packages/jinja2/loaders.py", line 126, in load
    source, filename, uptodate = self.get_source(environment, name)
  File "/Applications/XAMPP/xamppfiles/htdocs/ss/venv/lib/python3.9/site-packages/flask/templating.py", line 65, in get_source
    return self._get_source_fast(environment, template)
  File "/Applications/XAMPP/xamppfiles/htdocs/ss/venv/lib/python3.9/site-packages/flask/templating.py", line 99, in _get_source_fast
    raise TemplateNotFound(template)
jinja2.exceptions.TemplateNotFound: index.html
2024-11-14 17:16:31,071 - app.database - INFO - Conexão com banco de dados fechada
2024-11-14 17:16:31,071 - werkzeug - INFO - 127.0.0.1 - - [14/Nov/2024 17:16:31] "[32mGET / HTTP/1.1[0m" 302 -
2024-11-14 17:16:31,077 - app.database - INFO - Conexão com banco de dados estabelecida
2024-11-14 17:16:31,077 - app.routes - DEBUG - Número de pacientes recuperados: 3
2024-11-14 17:16:31,077 - app.routes - ERROR - Erro na rota index: index.html
Traceback (most recent call last):
  File "/Applications/XAMPP/xamppfiles/htdocs/ss/app/routes.py", line 70, in index
    return render_template('index.html',
  File "/Applications/XAMPP/xamppfiles/htdocs/ss/venv/lib/python3.9/site-packages/flask/templating.py", line 149, in render_template
    template = app.jinja_env.get_or_select_template(template_name_or_list)
  File "/Applications/XAMPP/xamppfiles/htdocs/ss/venv/lib/python3.9/site-packages/jinja2/environment.py", line 1084, in get_or_select_template
    return self.get_template(template_name_or_list, parent, globals)
  File "/Applications/XAMPP/xamppfiles/htdocs/ss/venv/lib/python3.9/site-packages/jinja2/environment.py", line 1013, in get_template
    return self._load_template(name, globals)
  File "/Applications/XAMPP/xamppfiles/htdocs/ss/venv/lib/python3.9/site-packages/jinja2/environment.py", line 972, in _load_template
    template = self.loader.load(self, name, self.make_globals(globals))
  File "/Applications/XAMPP/xamppfiles/htdocs/ss/venv/lib/python3.9/site-packages/jinja2/loaders.py", line 126, in load
    source, filename, uptodate = self.get_source(environment, name)
  File "/Applications/XAMPP/xamppfiles/htdocs/ss/venv/lib/python3.9/site-packages/flask/templating.py", line 65, in get_source
    return self._get_source_fast(environment, template)
  File "/Applications/XAMPP/xamppfiles/htdocs/ss/venv/lib/python3.9/site-packages/flask/templating.py", line 99, in _get_source_fast
    raise TemplateNotFound(template)
jinja2.exceptions.TemplateNotFound: index.html
2024-11-14 17:16:31,078 - app.database - INFO - Conexão com banco de dados fechada
2024-11-14 17:16:31,078 - werkzeug - INFO - 127.0.0.1 - - [14/Nov/2024 17:16:31] "[32mGET / HTTP/1.1[0m" 302 -
2024-11-14 17:16:31,084 - app.database - INFO - Conexão com banco de dados estabelecida
2024-11-14 17:16:31,084 - app.routes - DEBUG - Número de pacientes recuperados: 3
2024-11-14 17:16:31,084 - app.routes - ERROR - Erro na rota index: index.html
Traceback (most recent call last):
  File "/Applications/XAMPP/xamppfiles/htdocs/ss/app/routes.py", line 70, in index
    return render_template('index.html',
  File "/Applications/XAMPP/xamppfiles/htdocs/ss/venv/lib/python3.9/site-packages/flask/templating.py", line 149, in render_template
    template = app.jinja_env.get_or_select_template(template_name_or_list)
  File "/Applications/XAMPP/xamppfiles/htdocs/ss/venv/lib/python3.9/site-packages/jinja2/environment.py", line 1084, in get_or_select_template
    return self.get_template(template_name_or_list, parent, globals)
  File "/Applications/XAMPP/xamppfiles/htdocs/ss/venv/lib/python3.9/site-packages/jinja2/environment.py", line 1013, in get_template
    return self._load_template(name, globals)
  File "/Applications/XAMPP/xamppfiles/htdocs/ss/venv/lib/python3.9/site-packages/jinja2/environment.py", line 972, in _load_template
    template = self.loader.load(self, name, self.make_globals(globals))
  File "/Applications/XAMPP/xamppfiles/htdocs/ss/venv/lib/python3.9/site-packages/jinja2/loaders.py", line 126, in load
    source, filename, uptodate = self.get_source(environment, name)
  File "/Applications/XAMPP/xamppfiles/htdocs/ss/venv/lib/python3.9/site-packages/flask/templating.py", line 65, in get_source
    return self._get_source_fast(environment, template)
  File "/Applications/XAMPP/xamppfiles/htdocs/ss/venv/lib/python3.9/site-packages/flask/templating.py", line 99, in _get_source_fast
    raise TemplateNotFound(template)
jinja2.exceptions.TemplateNotFound: index.html
2024-11-14 17:16:31,085 - app.database - INFO - Conexão com banco de dados fechada
2024-11-14 17:16:31,085 - werkzeug - INFO - 127.0.0.1 - - [14/Nov/2024 17:16:31] "[32mGET / HTTP/1.1[0m" 302 -
2024-11-14 17:16:31,091 - app.database - INFO - Conexão com banco de dados estabelecida
2024-11-14 17:16:31,091 - app.routes - DEBUG - Número de pacientes recuperados: 3
2024-11-14 17:16:31,092 - app.routes - ERROR - Erro na rota index: index.html
Traceback (most recent call last):
  File "/Applications/XAMPP/xamppfiles/htdocs/ss/app/routes.py", line 70, in index
    return render_template('index.html',
  File "/Applications/XAMPP/xamppfiles/htdocs/ss/venv/lib/python3.9/site-packages/flask/templating.py", line 149, in render_template
    template = app.jinja_env.get_or_select_template(template_name_or_list)
  File "/Applications/XAMPP/xamppfiles/htdocs/ss/venv/lib/python3.9/site-packages/jinja2/environment.py", line 1084, in get_or_select_template
    return self.get_template(template_name_or_list, parent, globals)
  File "/Applications/XAMPP/xamppfiles/htdocs/ss/venv/lib/python3.9/site-packages/jinja2/environment.py", line 1013, in get_template
    return self._load_template(name, globals)
  File "/Applications/XAMPP/xamppfiles/htdocs/ss/venv/lib/python3.9/site-packages/jinja2/environment.py", line 972, in _load_template
    template = self.loader.load(self, name, self.make_globals(globals))
  File "/Applications/XAMPP/xamppfiles/htdocs/ss/venv/lib/python3.9/site-packages/jinja2/loaders.py", line 126, in load
    source, filename, uptodate = self.get_source(environment, name)
  File "/Applications/XAMPP/xamppfiles/htdocs/ss/venv/lib/python3.9/site-packages/flask/templating.py", line 65, in get_source
    return self._get_source_fast(environment, template)
  File "/Applications/XAMPP/xamppfiles/htdocs/ss/venv/lib/python3.9/site-packages/flask/templating.py", line 99, in _get_source_fast
    raise TemplateNotFound(template)
jinja2.exceptions.TemplateNotFound: index.html
2024-11-14 17:16:31,092 - app.database - INFO - Conexão com banco de dados fechada
2024-11-14 17:16:31,092 - werkzeug - INFO - 127.0.0.1 - - [14/Nov/2024 17:16:31] "[32mGET / HTTP/1.1[0m" 302 -
2024-11-14 17:16:31,098 - app.database - INFO - Conexão com banco de dados estabelecida
2024-11-14 17:16:31,098 - app.routes - DEBUG - Número de pacientes recuperados: 3
2024-11-14 17:16:31,098 - app.routes - ERROR - Erro na rota index: index.html
Traceback (most recent call last):
  File "/Applications/XAMPP/xamppfiles/htdocs/ss/app/routes.py", line 70, in index
    return render_template('index.html',
  File "/Applications/XAMPP/xamppfiles/htdocs/ss/venv/lib/python3.9/site-packages/flask/templating.py", line 149, in render_template
    template = app.jinja_env.get_or_select_template(template_name_or_list)
  File "/Applications/XAMPP/xamppfiles/htdocs/ss/venv/lib/python3.9/site-packages/jinja2/environment.py", line 1084, in get_or_select_template
    return self.get_template(template_name_or_list, parent, globals)
  File "/Applications/XAMPP/xamppfiles/htdocs/ss/venv/lib/python3.9/site-packages/jinja2/environment.py", line 1013, in get_template
    return self._load_template(name, globals)
  File "/Applications/XAMPP/xamppfiles/htdocs/ss/venv/lib/python3.9/site-packages/jinja2/environment.py", line 972, in _load_template
    template = self.loader.load(self, name, self.make_globals(globals))
  File "/Applications/XAMPP/xamppfiles/htdocs/ss/venv/lib/python3.9/site-packages/jinja2/loaders.py", line 126, in load
    source, filename, uptodate = self.get_source(environment, name)
  File "/Applications/XAMPP/xamppfiles/htdocs/ss/venv/lib/python3.9/site-packages/flask/templating.py", line 65, in get_source
    return self._get_source_fast(environment, template)
  File "/Applications/XAMPP/xamppfiles/htdocs/ss/venv/lib/python3.9/site-packages/flask/templating.py", line 99, in _get_source_fast
    raise TemplateNotFound(template)
jinja2.exceptions.TemplateNotFound: index.html
2024-11-14 17:16:31,099 - app.database - INFO - Conexão com banco de dados fechada
2024-11-14 17:16:31,099 - werkzeug - INFO - 127.0.0.1 - - [14/Nov/2024 17:16:31] "[32mGET / HTTP/1.1[0m" 302 -
2024-11-14 17:16:31,105 - app.database - INFO - Conexão com banco de dados estabelecida
2024-11-14 17:16:31,105 - app.routes - DEBUG - Número de pacientes recuperados: 3
2024-11-14 17:16:31,105 - app.routes - ERROR - Erro na rota index: index.html
Traceback (most recent call last):
  File "/Applications/XAMPP/xamppfiles/htdocs/ss/app/routes.py", line 70, in index
    return render_template('index.html',
  File "/Applications/XAMPP/xamppfiles/htdocs/ss/venv/lib/python3.9/site-packages/flask/templating.py", line 149, in render_template
    template = app.jinja_env.get_or_select_template(template_name_or_list)
  File "/Applications/XAMPP/xamppfiles/htdocs/ss/venv/lib/python3.9/site-packages/jinja2/environment.py", line 1084, in get_or_select_template
    return self.get_template(template_name_or_list, parent, globals)
  File "/Applications/XAMPP/xamppfiles/htdocs/ss/venv/lib/python3.9/site-packages/jinja2/environment.py", line 1013, in get_template
    return self._load_template(name, globals)
  File "/Applications/XAMPP/xamppfiles/htdocs/ss/venv/lib/python3.9/site-packages/jinja2/environment.py", line 972, in _load_template
    template = self.loader.load(self, name, self.make_globals(globals))
  File "/Applications/XAMPP/xamppfiles/htdocs/ss/venv/lib/python3.9/site-packages/jinja2/loaders.py", line 126, in load
    source, filename, uptodate = self.get_source(environment, name)
  File "/Applications/XAMPP/xamppfiles/htdocs/ss/venv/lib/python3.9/site-packages/flask/templating.py", line 65, in get_source
    return self._get_source_fast(environment, template)
  File "/Applications/XAMPP/xamppfiles/htdocs/ss/venv/lib/python3.9/site-packages/flask/templating.py", line 99, in _get_source_fast
    raise TemplateNotFound(template)
jinja2.exceptions.TemplateNotFound: index.html
2024-11-14 17:16:31,106 - app.database - INFO - Conexão com banco de dados fechada
2024-11-14 17:16:31,106 - werkzeug - INFO - 127.0.0.1 - - [14/Nov/2024 17:16:31] "[32mGET / HTTP/1.1[0m" 302 -
2024-11-14 17:16:31,111 - app.database - INFO - Conexão com banco de dados estabelecida
2024-11-14 17:16:31,112 - app.routes - DEBUG - Número de pacientes recuperados: 3
2024-11-14 17:16:31,112 - app.routes - ERROR - Erro na rota index: index.html
Traceback (most recent call last):
  File "/Applications/XAMPP/xamppfiles/htdocs/ss/app/routes.py", line 70, in index
    return render_template('index.html',
  File "/Applications/XAMPP/xamppfiles/htdocs/ss/venv/lib/python3.9/site-packages/flask/templating.py", line 149, in render_template
    template = app.jinja_env.get_or_select_template(template_name_or_list)
  File "/Applications/XAMPP/xamppfiles/htdocs/ss/venv/lib/python3.9/site-packages/jinja2/environment.py", line 1084, in get_or_select_template
    return self.get_template(template_name_or_list, parent, globals)
  File "/Applications/XAMPP/xamppfiles/htdocs/ss/venv/lib/python3.9/site-packages/jinja2/environment.py", line 1013, in get_template
    return self._load_template(name, globals)
  File "/Applications/XAMPP/xamppfiles/htdocs/ss/venv/lib/python3.9/site-packages/jinja2/environment.py", line 972, in _load_template
    template = self.loader.load(self, name, self.make_globals(globals))
  File "/Applications/XAMPP/xamppfiles/htdocs/ss/venv/lib/python3.9/site-packages/jinja2/loaders.py", line 126, in load
    source, filename, uptodate = self.get_source(environment, name)
  File "/Applications/XAMPP/xamppfiles/htdocs/ss/venv/lib/python3.9/site-packages/flask/templating.py", line 65, in get_source
    return self._get_source_fast(environment, template)
  File "/Applications/XAMPP/xamppfiles/htdocs/ss/venv/lib/python3.9/site-packages/flask/templating.py", line 99, in _get_source_fast
    raise TemplateNotFound(template)
jinja2.exceptions.TemplateNotFound: index.html
2024-11-14 17:16:31,113 - app.database - INFO - Conexão com banco de dados fechada
2024-11-14 17:16:31,113 - werkzeug - INFO - 127.0.0.1 - - [14/Nov/2024 17:16:31] "[32mGET / HTTP/1.1[0m" 302 -
2024-11-14 17:16:31,117 - app.database - INFO - Conexão com banco de dados estabelecida
2024-11-14 17:16:31,118 - app.routes - DEBUG - Número de pacientes recuperados: 3
2024-11-14 17:16:31,118 - app.routes - ERROR - Erro na rota index: index.html
Traceback (most recent call last):
  File "/Applications/XAMPP/xamppfiles/htdocs/ss/app/routes.py", line 70, in index
    return render_template('index.html',
  File "/Applications/XAMPP/xamppfiles/htdocs/ss/venv/lib/python3.9/site-packages/flask/templating.py", line 149, in render_template
    template = app.jinja_env.get_or_select_template(template_name_or_list)
  File "/Applications/XAMPP/xamppfiles/htdocs/ss/venv/lib/python3.9/site-packages/jinja2/environment.py", line 1084, in get_or_select_template
    return self.get_template(template_name_or_list, parent, globals)
  File "/Applications/XAMPP/xamppfiles/htdocs/ss/venv/lib/python3.9/site-packages/jinja2/environment.py", line 1013, in get_template
    return self._load_template(name, globals)
  File "/Applications/XAMPP/xamppfiles/htdocs/ss/venv/lib/python3.9/site-packages/jinja2/environment.py", line 972, in _load_template
    template = self.loader.load(self, name, self.make_globals(globals))
  File "/Applications/XAMPP/xamppfiles/htdocs/ss/venv/lib/python3.9/site-packages/jinja2/loaders.py", line 126, in load
    source, filename, uptodate = self.get_source(environment, name)
  File "/Applications/XAMPP/xamppfiles/htdocs/ss/venv/lib/python3.9/site-packages/flask/templating.py", line 65, in get_source
    return self._get_source_fast(environment, template)
  File "/Applications/XAMPP/xamppfiles/htdocs/ss/venv/lib/python3.9/site-packages/flask/templating.py", line 99, in _get_source_fast
    raise TemplateNotFound(template)
jinja2.exceptions.TemplateNotFound: index.html
2024-11-14 17:16:31,119 - app.database - INFO - Conexão com banco de dados fechada
2024-11-14 17:16:31,119 - werkzeug - INFO - 127.0.0.1 - - [14/Nov/2024 17:16:31] "[32mGET / HTTP/1.1[0m" 302 -
2024-11-14 17:16:31,124 - app.database - INFO - Conexão com banco de dados estabelecida
2024-11-14 17:16:31,125 - app.routes - DEBUG - Número de pacientes recuperados: 3
2024-11-14 17:16:31,125 - app.routes - ERROR - Erro na rota index: index.html
Traceback (most recent call last):
  File "/Applications/XAMPP/xamppfiles/htdocs/ss/app/routes.py", line 70, in index
    return render_template('index.html',
  File "/Applications/XAMPP/xamppfiles/htdocs/ss/venv/lib/python3.9/site-packages/flask/templating.py", line 149, in render_template
    template = app.jinja_env.get_or_select_template(template_name_or_list)
  File "/Applications/XAMPP/xamppfiles/htdocs/ss/venv/lib/python3.9/site-packages/jinja2/environment.py", line 1084, in get_or_select_template
    return self.get_template(template_name_or_list, parent, globals)
  File "/Applications/XAMPP/xamppfiles/htdocs/ss/venv/lib/python3.9/site-packages/jinja2/environment.py", line 1013, in get_template
    return self._load_template(name, globals)
  File "/Applications/XAMPP/xamppfiles/htdocs/ss/venv/lib/python3.9/site-packages/jinja2/environment.py", line 972, in _load_template
    template = self.loader.load(self, name, self.make_globals(globals))
  File "/Applications/XAMPP/xamppfiles/htdocs/ss/venv/lib/python3.9/site-packages/jinja2/loaders.py", line 126, in load
    source, filename, uptodate = self.get_source(environment, name)
  File "/Applications/XAMPP/xamppfiles/htdocs/ss/venv/lib/python3.9/site-packages/flask/templating.py", line 65, in get_source
    return self._get_source_fast(environment, template)
  File "/Applications/XAMPP/xamppfiles/htdocs/ss/venv/lib/python3.9/site-packages/flask/templating.py", line 99, in _get_source_fast
    raise TemplateNotFound(template)
jinja2.exceptions.TemplateNotFound: index.html
2024-11-14 17:16:31,126 - app.database - INFO - Conexão com banco de dados fechada
2024-11-14 17:16:31,126 - werkzeug - INFO - 127.0.0.1 - - [14/Nov/2024 17:16:31] "[32mGET / HTTP/1.1[0m" 302 -
2024-11-14 17:16:31,131 - app.database - INFO - Conexão com banco de dados estabelecida
2024-11-14 17:16:31,131 - app.routes - DEBUG - Número de pacientes recuperados: 3
2024-11-14 17:16:31,131 - app.routes - ERROR - Erro na rota index: index.html
Traceback (most recent call last):
  File "/Applications/XAMPP/xamppfiles/htdocs/ss/app/routes.py", line 70, in index
    return render_template('index.html',
  File "/Applications/XAMPP/xamppfiles/htdocs/ss/venv/lib/python3.9/site-packages/flask/templating.py", line 149, in render_template
    template = app.jinja_env.get_or_select_template(template_name_or_list)
  File "/Applications/XAMPP/xamppfiles/htdocs/ss/venv/lib/python3.9/site-packages/jinja2/environment.py", line 1084, in get_or_select_template
    return self.get_template(template_name_or_list, parent, globals)
  File "/Applications/XAMPP/xamppfiles/htdocs/ss/venv/lib/python3.9/site-packages/jinja2/environment.py", line 1013, in get_template
    return self._load_template(name, globals)
  File "/Applications/XAMPP/xamppfiles/htdocs/ss/venv/lib/python3.9/site-packages/jinja2/environment.py", line 972, in _load_template
    template = self.loader.load(self, name, self.make_globals(globals))
  File "/Applications/XAMPP/xamppfiles/htdocs/ss/venv/lib/python3.9/site-packages/jinja2/loaders.py", line 126, in load
    source, filename, uptodate = self.get_source(environment, name)
  File "/Applications/XAMPP/xamppfiles/htdocs/ss/venv/lib/python3.9/site-packages/flask/templating.py", line 65, in get_source
    return self._get_source_fast(environment, template)
  File "/Applications/XAMPP/xamppfiles/htdocs/ss/venv/lib/python3.9/site-packages/flask/templating.py", line 99, in _get_source_fast
    raise TemplateNotFound(template)
jinja2.exceptions.TemplateNotFound: index.html
2024-11-14 17:16:31,132 - app.database - INFO - Conexão com banco de dados fechada
2024-11-14 17:16:31,132 - werkzeug - INFO - 127.0.0.1 - - [14/Nov/2024 17:16:31] "[32mGET / HTTP/1.1[0m" 302 -
2024-11-14 17:16:31,138 - app.database - INFO - Conexão com banco de dados estabelecida
2024-11-14 17:16:31,138 - app.routes - DEBUG - Número de pacientes recuperados: 3
2024-11-14 17:16:31,138 - app.routes - ERROR - Erro na rota index: index.html
Traceback (most recent call last):
  File "/Applications/XAMPP/xamppfiles/htdocs/ss/app/routes.py", line 70, in index
    return render_template('index.html',
  File "/Applications/XAMPP/xamppfiles/htdocs/ss/venv/lib/python3.9/site-packages/flask/templating.py", line 149, in render_template
    template = app.jinja_env.get_or_select_template(template_name_or_list)
  File "/Applications/XAMPP/xamppfiles/htdocs/ss/venv/lib/python3.9/site-packages/jinja2/environment.py", line 1084, in get_or_select_template
    return self.get_template(template_name_or_list, parent, globals)
  File "/Applications/XAMPP/xamppfiles/htdocs/ss/venv/lib/python3.9/site-packages/jinja2/environment.py", line 1013, in get_template
    return self._load_template(name, globals)
  File "/Applications/XAMPP/xamppfiles/htdocs/ss/venv/lib/python3.9/site-packages/jinja2/environment.py", line 972, in _load_template
    template = self.loader.load(self, name, self.make_globals(globals))
  File "/Applications/XAMPP/xamppfiles/htdocs/ss/venv/lib/python3.9/site-packages/jinja2/loaders.py", line 126, in load
    source, filename, uptodate = self.get_source(environment, name)
  File "/Applications/XAMPP/xamppfiles/htdocs/ss/venv/lib/python3.9/site-packages/flask/templating.py", line 65, in get_source
    return self._get_source_fast(environment, template)
  File "/Applications/XAMPP/xamppfiles/htdocs/ss/venv/lib/python3.9/site-packages/flask/templating.py", line 99, in _get_source_fast
    raise TemplateNotFound(template)
jinja2.exceptions.TemplateNotFound: index.html
2024-11-14 17:16:31,139 - app.database - INFO - Conexão com banco de dados fechada
2024-11-14 17:16:31,139 - werkzeug - INFO - 127.0.0.1 - - [14/Nov/2024 17:16:31] "[32mGET / HTTP/1.1[0m" 302 -
2024-11-14 17:16:31,144 - app.database - INFO - Conexão com banco de dados estabelecida
2024-11-14 17:16:31,144 - app.routes - DEBUG - Número de pacientes recuperados: 3
2024-11-14 17:16:31,144 - app.routes - ERROR - Erro na rota index: index.html
Traceback (most recent call last):
  File "/Applications/XAMPP/xamppfiles/htdocs/ss/app/routes.py", line 70, in index
    return render_template('index.html',
  File "/Applications/XAMPP/xamppfiles/htdocs/ss/venv/lib/python3.9/site-packages/flask/templating.py", line 149, in render_template
    template = app.jinja_env.get_or_select_template(template_name_or_list)
  File "/Applications/XAMPP/xamppfiles/htdocs/ss/venv/lib/python3.9/site-packages/jinja2/environment.py", line 1084, in get_or_select_template
    return self.get_template(template_name_or_list, parent, globals)
  File "/Applications/XAMPP/xamppfiles/htdocs/ss/venv/lib/python3.9/site-packages/jinja2/environment.py", line 1013, in get_template
    return self._load_template(name, globals)
  File "/Applications/XAMPP/xamppfiles/htdocs/ss/venv/lib/python3.9/site-packages/jinja2/environment.py", line 972, in _load_template
    template = self.loader.load(self, name, self.make_globals(globals))
  File "/Applications/XAMPP/xamppfiles/htdocs/ss/venv/lib/python3.9/site-packages/jinja2/loaders.py", line 126, in load
    source, filename, uptodate = self.get_source(environment, name)
  File "/Applications/XAMPP/xamppfiles/htdocs/ss/venv/lib/python3.9/site-packages/flask/templating.py", line 65, in get_source
    return self._get_source_fast(environment, template)
  File "/Applications/XAMPP/xamppfiles/htdocs/ss/venv/lib/python3.9/site-packages/flask/templating.py", line 99, in _get_source_fast
    raise TemplateNotFound(template)
jinja2.exceptions.TemplateNotFound: index.html
2024-11-14 17:16:31,145 - app.database - INFO - Conexão com banco de dados fechada
2024-11-14 17:16:31,145 - werkzeug - INFO - 127.0.0.1 - - [14/Nov/2024 17:16:31] "[32mGET / HTTP/1.1[0m" 302 -
2024-11-14 17:16:31,150 - app.database - INFO - Conexão com banco de dados estabelecida
2024-11-14 17:16:31,150 - app.routes - DEBUG - Número de pacientes recuperados: 3
2024-11-14 17:16:31,151 - app.routes - ERROR - Erro na rota index: index.html
Traceback (most recent call last):
  File "/Applications/XAMPP/xamppfiles/htdocs/ss/app/routes.py", line 70, in index
    return render_template('index.html',
  File "/Applications/XAMPP/xamppfiles/htdocs/ss/venv/lib/python3.9/site-packages/flask/templating.py", line 149, in render_template
    template = app.jinja_env.get_or_select_template(template_name_or_list)
  File "/Applications/XAMPP/xamppfiles/htdocs/ss/venv/lib/python3.9/site-packages/jinja2/environment.py", line 1084, in get_or_select_template
    return self.get_template(template_name_or_list, parent, globals)
  File "/Applications/XAMPP/xamppfiles/htdocs/ss/venv/lib/python3.9/site-packages/jinja2/environment.py", line 1013, in get_template
    return self._load_template(name, globals)
  File "/Applications/XAMPP/xamppfiles/htdocs/ss/venv/lib/python3.9/site-packages/jinja2/environment.py", line 972, in _load_template
    template = self.loader.load(self, name, self.make_globals(globals))
  File "/Applications/XAMPP/xamppfiles/htdocs/ss/venv/lib/python3.9/site-packages/jinja2/loaders.py", line 126, in load
    source, filename, uptodate = self.get_source(environment, name)
  File "/Applications/XAMPP/xamppfiles/htdocs/ss/venv/lib/python3.9/site-packages/flask/templating.py", line 65, in get_source
    return self._get_source_fast(environment, template)
  File "/Applications/XAMPP/xamppfiles/htdocs/ss/venv/lib/python3.9/site-packages/flask/templating.py", line 99, in _get_source_fast
    raise TemplateNotFound(template)
jinja2.exceptions.TemplateNotFound: index.html
2024-11-14 17:16:31,152 - app.database - INFO - Conexão com banco de dados fechada
2024-11-14 17:16:31,152 - werkzeug - INFO - 127.0.0.1 - - [14/Nov/2024 17:16:31] "[32mGET / HTTP/1.1[0m" 302 -
2024-11-14 17:17:46,662 - app.database - INFO - Conexão com banco de dados estabelecida
2024-11-14 17:17:46,664 - app.database - INFO - Banco de dados inicializado com sucesso
2024-11-14 17:17:46,665 - app.database - INFO - Conexão com banco de dados fechada
2024-11-14 17:17:46,689 - werkzeug - INFO - [31m[1mWARNING: This is a development server. Do not use it in a production deployment. Use a production WSGI server instead.[0m
 * Running on http://127.0.0.1:5001
2024-11-14 17:17:46,689 - werkzeug - INFO - [33mPress CTRL+C to quit[0m
2024-11-14 17:17:46,689 - werkzeug - INFO -  * Restarting with stat
2024-11-14 17:17:46,786 - app.database - INFO - Conexão com banco de dados estabelecida
2024-11-14 17:17:46,788 - app.database - INFO - Banco de dados inicializado com sucesso
2024-11-14 17:17:46,788 - app.database - INFO - Conexão com banco de dados fechada
2024-11-14 17:17:46,802 - werkzeug - WARNING -  * Debugger is active!
2024-11-14 17:17:46,807 - werkzeug - INFO -  * Debugger PIN: 856-842-152
2024-11-14 17:18:23,039 - app.database - INFO - Conexão com banco de dados estabelecida
2024-11-14 17:18:23,041 - app.routes - DEBUG - Número de pacientes recuperados: 3
2024-11-14 17:18:23,042 - app.routes - ERROR - Erro na rota index: index.html
Traceback (most recent call last):
  File "/Applications/XAMPP/xamppfiles/htdocs/ss/app/routes.py", line 70, in index
    return render_template('index.html',
  File "/Applications/XAMPP/xamppfiles/htdocs/ss/venv/lib/python3.9/site-packages/flask/templating.py", line 149, in render_template
    template = app.jinja_env.get_or_select_template(template_name_or_list)
  File "/Applications/XAMPP/xamppfiles/htdocs/ss/venv/lib/python3.9/site-packages/jinja2/environment.py", line 1084, in get_or_select_template
    return self.get_template(template_name_or_list, parent, globals)
  File "/Applications/XAMPP/xamppfiles/htdocs/ss/venv/lib/python3.9/site-packages/jinja2/environment.py", line 1013, in get_template
    return self._load_template(name, globals)
  File "/Applications/XAMPP/xamppfiles/htdocs/ss/venv/lib/python3.9/site-packages/jinja2/environment.py", line 972, in _load_template
    template = self.loader.load(self, name, self.make_globals(globals))
  File "/Applications/XAMPP/xamppfiles/htdocs/ss/venv/lib/python3.9/site-packages/jinja2/loaders.py", line 126, in load
    source, filename, uptodate = self.get_source(environment, name)
  File "/Applications/XAMPP/xamppfiles/htdocs/ss/venv/lib/python3.9/site-packages/flask/templating.py", line 65, in get_source
    return self._get_source_fast(environment, template)
  File "/Applications/XAMPP/xamppfiles/htdocs/ss/venv/lib/python3.9/site-packages/flask/templating.py", line 99, in _get_source_fast
    raise TemplateNotFound(template)
jinja2.exceptions.TemplateNotFound: index.html
2024-11-14 17:18:23,088 - app.database - INFO - Conexão com banco de dados fechada
2024-11-14 17:18:23,088 - werkzeug - INFO - 127.0.0.1 - - [14/Nov/2024 17:18:23] "[32mGET / HTTP/1.1[0m" 302 -
2024-11-14 17:18:23,101 - app.database - INFO - Conexão com banco de dados estabelecida
2024-11-14 17:18:23,102 - app.routes - DEBUG - Número de pacientes recuperados: 3
2024-11-14 17:18:23,102 - app.routes - ERROR - Erro na rota index: index.html
Traceback (most recent call last):
  File "/Applications/XAMPP/xamppfiles/htdocs/ss/app/routes.py", line 70, in index
    return render_template('index.html',
  File "/Applications/XAMPP/xamppfiles/htdocs/ss/venv/lib/python3.9/site-packages/flask/templating.py", line 149, in render_template
    template = app.jinja_env.get_or_select_template(template_name_or_list)
  File "/Applications/XAMPP/xamppfiles/htdocs/ss/venv/lib/python3.9/site-packages/jinja2/environment.py", line 1084, in get_or_select_template
    return self.get_template(template_name_or_list, parent, globals)
  File "/Applications/XAMPP/xamppfiles/htdocs/ss/venv/lib/python3.9/site-packages/jinja2/environment.py", line 1013, in get_template
    return self._load_template(name, globals)
  File "/Applications/XAMPP/xamppfiles/htdocs/ss/venv/lib/python3.9/site-packages/jinja2/environment.py", line 972, in _load_template
    template = self.loader.load(self, name, self.make_globals(globals))
  File "/Applications/XAMPP/xamppfiles/htdocs/ss/venv/lib/python3.9/site-packages/jinja2/loaders.py", line 126, in load
    source, filename, uptodate = self.get_source(environment, name)
  File "/Applications/XAMPP/xamppfiles/htdocs/ss/venv/lib/python3.9/site-packages/flask/templating.py", line 65, in get_source
    return self._get_source_fast(environment, template)
  File "/Applications/XAMPP/xamppfiles/htdocs/ss/venv/lib/python3.9/site-packages/flask/templating.py", line 99, in _get_source_fast
    raise TemplateNotFound(template)
jinja2.exceptions.TemplateNotFound: index.html
2024-11-14 17:18:23,103 - app.database - INFO - Conexão com banco de dados fechada
2024-11-14 17:18:23,103 - werkzeug - INFO - 127.0.0.1 - - [14/Nov/2024 17:18:23] "[32mGET / HTTP/1.1[0m" 302 -
2024-11-14 17:18:23,117 - app.database - INFO - Conexão com banco de dados estabelecida
2024-11-14 17:18:23,117 - app.routes - DEBUG - Número de pacientes recuperados: 3
2024-11-14 17:18:23,117 - app.routes - ERROR - Erro na rota index: index.html
Traceback (most recent call last):
  File "/Applications/XAMPP/xamppfiles/htdocs/ss/app/routes.py", line 70, in index
    return render_template('index.html',
  File "/Applications/XAMPP/xamppfiles/htdocs/ss/venv/lib/python3.9/site-packages/flask/templating.py", line 149, in render_template
    template = app.jinja_env.get_or_select_template(template_name_or_list)
  File "/Applications/XAMPP/xamppfiles/htdocs/ss/venv/lib/python3.9/site-packages/jinja2/environment.py", line 1084, in get_or_select_template
    return self.get_template(template_name_or_list, parent, globals)
  File "/Applications/XAMPP/xamppfiles/htdocs/ss/venv/lib/python3.9/site-packages/jinja2/environment.py", line 1013, in get_template
    return self._load_template(name, globals)
  File "/Applications/XAMPP/xamppfiles/htdocs/ss/venv/lib/python3.9/site-packages/jinja2/environment.py", line 972, in _load_template
    template = self.loader.load(self, name, self.make_globals(globals))
  File "/Applications/XAMPP/xamppfiles/htdocs/ss/venv/lib/python3.9/site-packages/jinja2/loaders.py", line 126, in load
    source, filename, uptodate = self.get_source(environment, name)
  File "/Applications/XAMPP/xamppfiles/htdocs/ss/venv/lib/python3.9/site-packages/flask/templating.py", line 65, in get_source
    return self._get_source_fast(environment, template)
  File "/Applications/XAMPP/xamppfiles/htdocs/ss/venv/lib/python3.9/site-packages/flask/templating.py", line 99, in _get_source_fast
    raise TemplateNotFound(template)
jinja2.exceptions.TemplateNotFound: index.html
2024-11-14 17:18:23,119 - app.database - INFO - Conexão com banco de dados fechada
2024-11-14 17:18:23,119 - werkzeug - INFO - 127.0.0.1 - - [14/Nov/2024 17:18:23] "[32mGET / HTTP/1.1[0m" 302 -
2024-11-14 17:18:23,123 - app.database - INFO - Conexão com banco de dados estabelecida
2024-11-14 17:18:23,123 - app.routes - DEBUG - Número de pacientes recuperados: 3
2024-11-14 17:18:23,123 - app.routes - ERROR - Erro na rota index: index.html
Traceback (most recent call last):
  File "/Applications/XAMPP/xamppfiles/htdocs/ss/app/routes.py", line 70, in index
    return render_template('index.html',
  File "/Applications/XAMPP/xamppfiles/htdocs/ss/venv/lib/python3.9/site-packages/flask/templating.py", line 149, in render_template
    template = app.jinja_env.get_or_select_template(template_name_or_list)
  File "/Applications/XAMPP/xamppfiles/htdocs/ss/venv/lib/python3.9/site-packages/jinja2/environment.py", line 1084, in get_or_select_template
    return self.get_template(template_name_or_list, parent, globals)
  File "/Applications/XAMPP/xamppfiles/htdocs/ss/venv/lib/python3.9/site-packages/jinja2/environment.py", line 1013, in get_template
    return self._load_template(name, globals)
  File "/Applications/XAMPP/xamppfiles/htdocs/ss/venv/lib/python3.9/site-packages/jinja2/environment.py", line 972, in _load_template
    template = self.loader.load(self, name, self.make_globals(globals))
  File "/Applications/XAMPP/xamppfiles/htdocs/ss/venv/lib/python3.9/site-packages/jinja2/loaders.py", line 126, in load
    source, filename, uptodate = self.get_source(environment, name)
  File "/Applications/XAMPP/xamppfiles/htdocs/ss/venv/lib/python3.9/site-packages/flask/templating.py", line 65, in get_source
    return self._get_source_fast(environment, template)
  File "/Applications/XAMPP/xamppfiles/htdocs/ss/venv/lib/python3.9/site-packages/flask/templating.py", line 99, in _get_source_fast
    raise TemplateNotFound(template)
jinja2.exceptions.TemplateNotFound: index.html
2024-11-14 17:18:23,124 - app.database - INFO - Conexão com banco de dados fechada
2024-11-14 17:18:23,124 - werkzeug - INFO - 127.0.0.1 - - [14/Nov/2024 17:18:23] "[32mGET / HTTP/1.1[0m" 302 -
2024-11-14 17:18:23,129 - app.database - INFO - Conexão com banco de dados estabelecida
2024-11-14 17:18:23,129 - app.routes - DEBUG - Número de pacientes recuperados: 3
2024-11-14 17:18:23,129 - app.routes - ERROR - Erro na rota index: index.html
Traceback (most recent call last):
  File "/Applications/XAMPP/xamppfiles/htdocs/ss/app/routes.py", line 70, in index
    return render_template('index.html',
  File "/Applications/XAMPP/xamppfiles/htdocs/ss/venv/lib/python3.9/site-packages/flask/templating.py", line 149, in render_template
    template = app.jinja_env.get_or_select_template(template_name_or_list)
  File "/Applications/XAMPP/xamppfiles/htdocs/ss/venv/lib/python3.9/site-packages/jinja2/environment.py", line 1084, in get_or_select_template
    return self.get_template(template_name_or_list, parent, globals)
  File "/Applications/XAMPP/xamppfiles/htdocs/ss/venv/lib/python3.9/site-packages/jinja2/environment.py", line 1013, in get_template
    return self._load_template(name, globals)
  File "/Applications/XAMPP/xamppfiles/htdocs/ss/venv/lib/python3.9/site-packages/jinja2/environment.py", line 972, in _load_template
    template = self.loader.load(self, name, self.make_globals(globals))
  File "/Applications/XAMPP/xamppfiles/htdocs/ss/venv/lib/python3.9/site-packages/jinja2/loaders.py", line 126, in load
    source, filename, uptodate = self.get_source(environment, name)
  File "/Applications/XAMPP/xamppfiles/htdocs/ss/venv/lib/python3.9/site-packages/flask/templating.py", line 65, in get_source
    return self._get_source_fast(environment, template)
  File "/Applications/XAMPP/xamppfiles/htdocs/ss/venv/lib/python3.9/site-packages/flask/templating.py", line 99, in _get_source_fast
    raise TemplateNotFound(template)
jinja2.exceptions.TemplateNotFound: index.html
2024-11-14 17:18:23,130 - app.database - INFO - Conexão com banco de dados fechada
2024-11-14 17:18:23,130 - werkzeug - INFO - 127.0.0.1 - - [14/Nov/2024 17:18:23] "[32mGET / HTTP/1.1[0m" 302 -
2024-11-14 17:18:23,135 - app.database - INFO - Conexão com banco de dados estabelecida
2024-11-14 17:18:23,135 - app.routes - DEBUG - Número de pacientes recuperados: 3
2024-11-14 17:18:23,135 - app.routes - ERROR - Erro na rota index: index.html
Traceback (most recent call last):
  File "/Applications/XAMPP/xamppfiles/htdocs/ss/app/routes.py", line 70, in index
    return render_template('index.html',
  File "/Applications/XAMPP/xamppfiles/htdocs/ss/venv/lib/python3.9/site-packages/flask/templating.py", line 149, in render_template
    template = app.jinja_env.get_or_select_template(template_name_or_list)
  File "/Applications/XAMPP/xamppfiles/htdocs/ss/venv/lib/python3.9/site-packages/jinja2/environment.py", line 1084, in get_or_select_template
    return self.get_template(template_name_or_list, parent, globals)
  File "/Applications/XAMPP/xamppfiles/htdocs/ss/venv/lib/python3.9/site-packages/jinja2/environment.py", line 1013, in get_template
    return self._load_template(name, globals)
  File "/Applications/XAMPP/xamppfiles/htdocs/ss/venv/lib/python3.9/site-packages/jinja2/environment.py", line 972, in _load_template
    template = self.loader.load(self, name, self.make_globals(globals))
  File "/Applications/XAMPP/xamppfiles/htdocs/ss/venv/lib/python3.9/site-packages/jinja2/loaders.py", line 126, in load
    source, filename, uptodate = self.get_source(environment, name)
  File "/Applications/XAMPP/xamppfiles/htdocs/ss/venv/lib/python3.9/site-packages/flask/templating.py", line 65, in get_source
    return self._get_source_fast(environment, template)
  File "/Applications/XAMPP/xamppfiles/htdocs/ss/venv/lib/python3.9/site-packages/flask/templating.py", line 99, in _get_source_fast
    raise TemplateNotFound(template)
jinja2.exceptions.TemplateNotFound: index.html
2024-11-14 17:18:23,136 - app.database - INFO - Conexão com banco de dados fechada
2024-11-14 17:18:23,136 - werkzeug - INFO - 127.0.0.1 - - [14/Nov/2024 17:18:23] "[32mGET / HTTP/1.1[0m" 302 -
2024-11-14 17:18:23,140 - app.database - INFO - Conexão com banco de dados estabelecida
2024-11-14 17:18:23,140 - app.routes - DEBUG - Número de pacientes recuperados: 3
2024-11-14 17:18:23,140 - app.routes - ERROR - Erro na rota index: index.html
Traceback (most recent call last):
  File "/Applications/XAMPP/xamppfiles/htdocs/ss/app/routes.py", line 70, in index
    return render_template('index.html',
  File "/Applications/XAMPP/xamppfiles/htdocs/ss/venv/lib/python3.9/site-packages/flask/templating.py", line 149, in render_template
    template = app.jinja_env.get_or_select_template(template_name_or_list)
  File "/Applications/XAMPP/xamppfiles/htdocs/ss/venv/lib/python3.9/site-packages/jinja2/environment.py", line 1084, in get_or_select_template
    return self.get_template(template_name_or_list, parent, globals)
  File "/Applications/XAMPP/xamppfiles/htdocs/ss/venv/lib/python3.9/site-packages/jinja2/environment.py", line 1013, in get_template
    return self._load_template(name, globals)
  File "/Applications/XAMPP/xamppfiles/htdocs/ss/venv/lib/python3.9/site-packages/jinja2/environment.py", line 972, in _load_template
    template = self.loader.load(self, name, self.make_globals(globals))
  File "/Applications/XAMPP/xamppfiles/htdocs/ss/venv/lib/python3.9/site-packages/jinja2/loaders.py", line 126, in load
    source, filename, uptodate = self.get_source(environment, name)
  File "/Applications/XAMPP/xamppfiles/htdocs/ss/venv/lib/python3.9/site-packages/flask/templating.py", line 65, in get_source
    return self._get_source_fast(environment, template)
  File "/Applications/XAMPP/xamppfiles/htdocs/ss/venv/lib/python3.9/site-packages/flask/templating.py", line 99, in _get_source_fast
    raise TemplateNotFound(template)
jinja2.exceptions.TemplateNotFound: index.html
2024-11-14 17:18:23,141 - app.database - INFO - Conexão com banco de dados fechada
2024-11-14 17:18:23,141 - werkzeug - INFO - 127.0.0.1 - - [14/Nov/2024 17:18:23] "[32mGET / HTTP/1.1[0m" 302 -
2024-11-14 17:18:23,144 - app.database - INFO - Conexão com banco de dados estabelecida
2024-11-14 17:18:23,145 - app.routes - DEBUG - Número de pacientes recuperados: 3
2024-11-14 17:18:23,145 - app.routes - ERROR - Erro na rota index: index.html
Traceback (most recent call last):
  File "/Applications/XAMPP/xamppfiles/htdocs/ss/app/routes.py", line 70, in index
    return render_template('index.html',
  File "/Applications/XAMPP/xamppfiles/htdocs/ss/venv/lib/python3.9/site-packages/flask/templating.py", line 149, in render_template
    template = app.jinja_env.get_or_select_template(template_name_or_list)
  File "/Applications/XAMPP/xamppfiles/htdocs/ss/venv/lib/python3.9/site-packages/jinja2/environment.py", line 1084, in get_or_select_template
    return self.get_template(template_name_or_list, parent, globals)
  File "/Applications/XAMPP/xamppfiles/htdocs/ss/venv/lib/python3.9/site-packages/jinja2/environment.py", line 1013, in get_template
    return self._load_template(name, globals)
  File "/Applications/XAMPP/xamppfiles/htdocs/ss/venv/lib/python3.9/site-packages/jinja2/environment.py", line 972, in _load_template
    template = self.loader.load(self, name, self.make_globals(globals))
  File "/Applications/XAMPP/xamppfiles/htdocs/ss/venv/lib/python3.9/site-packages/jinja2/loaders.py", line 126, in load
    source, filename, uptodate = self.get_source(environment, name)
  File "/Applications/XAMPP/xamppfiles/htdocs/ss/venv/lib/python3.9/site-packages/flask/templating.py", line 65, in get_source
    return self._get_source_fast(environment, template)
  File "/Applications/XAMPP/xamppfiles/htdocs/ss/venv/lib/python3.9/site-packages/flask/templating.py", line 99, in _get_source_fast
    raise TemplateNotFound(template)
jinja2.exceptions.TemplateNotFound: index.html
2024-11-14 17:18:23,145 - app.database - INFO - Conexão com banco de dados fechada
2024-11-14 17:18:23,145 - werkzeug - INFO - 127.0.0.1 - - [14/Nov/2024 17:18:23] "[32mGET / HTTP/1.1[0m" 302 -
2024-11-14 17:18:23,150 - app.database - INFO - Conexão com banco de dados estabelecida
2024-11-14 17:18:23,151 - app.routes - DEBUG - Número de pacientes recuperados: 3
2024-11-14 17:18:23,151 - app.routes - ERROR - Erro na rota index: index.html
Traceback (most recent call last):
  File "/Applications/XAMPP/xamppfiles/htdocs/ss/app/routes.py", line 70, in index
    return render_template('index.html',
  File "/Applications/XAMPP/xamppfiles/htdocs/ss/venv/lib/python3.9/site-packages/flask/templating.py", line 149, in render_template
    template = app.jinja_env.get_or_select_template(template_name_or_list)
  File "/Applications/XAMPP/xamppfiles/htdocs/ss/venv/lib/python3.9/site-packages/jinja2/environment.py", line 1084, in get_or_select_template
    return self.get_template(template_name_or_list, parent, globals)
  File "/Applications/XAMPP/xamppfiles/htdocs/ss/venv/lib/python3.9/site-packages/jinja2/environment.py", line 1013, in get_template
    return self._load_template(name, globals)
  File "/Applications/XAMPP/xamppfiles/htdocs/ss/venv/lib/python3.9/site-packages/jinja2/environment.py", line 972, in _load_template
    template = self.loader.load(self, name, self.make_globals(globals))
  File "/Applications/XAMPP/xamppfiles/htdocs/ss/venv/lib/python3.9/site-packages/jinja2/loaders.py", line 126, in load
    source, filename, uptodate = self.get_source(environment, name)
  File "/Applications/XAMPP/xamppfiles/htdocs/ss/venv/lib/python3.9/site-packages/flask/templating.py", line 65, in get_source
    return self._get_source_fast(environment, template)
  File "/Applications/XAMPP/xamppfiles/htdocs/ss/venv/lib/python3.9/site-packages/flask/templating.py", line 99, in _get_source_fast
    raise TemplateNotFound(template)
jinja2.exceptions.TemplateNotFound: index.html
2024-11-14 17:18:23,152 - app.database - INFO - Conexão com banco de dados fechada
2024-11-14 17:18:23,152 - werkzeug - INFO - 127.0.0.1 - - [14/Nov/2024 17:18:23] "[32mGET / HTTP/1.1[0m" 302 -
2024-11-14 17:18:23,155 - app.database - INFO - Conexão com banco de dados estabelecida
2024-11-14 17:18:23,155 - app.routes - DEBUG - Número de pacientes recuperados: 3
2024-11-14 17:18:23,156 - app.routes - ERROR - Erro na rota index: index.html
Traceback (most recent call last):
  File "/Applications/XAMPP/xamppfiles/htdocs/ss/app/routes.py", line 70, in index
    return render_template('index.html',
  File "/Applications/XAMPP/xamppfiles/htdocs/ss/venv/lib/python3.9/site-packages/flask/templating.py", line 149, in render_template
    template = app.jinja_env.get_or_select_template(template_name_or_list)
  File "/Applications/XAMPP/xamppfiles/htdocs/ss/venv/lib/python3.9/site-packages/jinja2/environment.py", line 1084, in get_or_select_template
    return self.get_template(template_name_or_list, parent, globals)
  File "/Applications/XAMPP/xamppfiles/htdocs/ss/venv/lib/python3.9/site-packages/jinja2/environment.py", line 1013, in get_template
    return self._load_template(name, globals)
  File "/Applications/XAMPP/xamppfiles/htdocs/ss/venv/lib/python3.9/site-packages/jinja2/environment.py", line 972, in _load_template
    template = self.loader.load(self, name, self.make_globals(globals))
  File "/Applications/XAMPP/xamppfiles/htdocs/ss/venv/lib/python3.9/site-packages/jinja2/loaders.py", line 126, in load
    source, filename, uptodate = self.get_source(environment, name)
  File "/Applications/XAMPP/xamppfiles/htdocs/ss/venv/lib/python3.9/site-packages/flask/templating.py", line 65, in get_source
    return self._get_source_fast(environment, template)
  File "/Applications/XAMPP/xamppfiles/htdocs/ss/venv/lib/python3.9/site-packages/flask/templating.py", line 99, in _get_source_fast
    raise TemplateNotFound(template)
jinja2.exceptions.TemplateNotFound: index.html
2024-11-14 17:18:23,156 - app.database - INFO - Conexão com banco de dados fechada
2024-11-14 17:18:23,156 - werkzeug - INFO - 127.0.0.1 - - [14/Nov/2024 17:18:23] "[32mGET / HTTP/1.1[0m" 302 -
2024-11-14 17:18:23,160 - app.database - INFO - Conexão com banco de dados estabelecida
2024-11-14 17:18:23,161 - app.routes - DEBUG - Número de pacientes recuperados: 3
2024-11-14 17:18:23,161 - app.routes - ERROR - Erro na rota index: index.html
Traceback (most recent call last):
  File "/Applications/XAMPP/xamppfiles/htdocs/ss/app/routes.py", line 70, in index
    return render_template('index.html',
  File "/Applications/XAMPP/xamppfiles/htdocs/ss/venv/lib/python3.9/site-packages/flask/templating.py", line 149, in render_template
    template = app.jinja_env.get_or_select_template(template_name_or_list)
  File "/Applications/XAMPP/xamppfiles/htdocs/ss/venv/lib/python3.9/site-packages/jinja2/environment.py", line 1084, in get_or_select_template
    return self.get_template(template_name_or_list, parent, globals)
  File "/Applications/XAMPP/xamppfiles/htdocs/ss/venv/lib/python3.9/site-packages/jinja2/environment.py", line 1013, in get_template
    return self._load_template(name, globals)
  File "/Applications/XAMPP/xamppfiles/htdocs/ss/venv/lib/python3.9/site-packages/jinja2/environment.py", line 972, in _load_template
    template = self.loader.load(self, name, self.make_globals(globals))
  File "/Applications/XAMPP/xamppfiles/htdocs/ss/venv/lib/python3.9/site-packages/jinja2/loaders.py", line 126, in load
    source, filename, uptodate = self.get_source(environment, name)
  File "/Applications/XAMPP/xamppfiles/htdocs/ss/venv/lib/python3.9/site-packages/flask/templating.py", line 65, in get_source
    return self._get_source_fast(environment, template)
  File "/Applications/XAMPP/xamppfiles/htdocs/ss/venv/lib/python3.9/site-packages/flask/templating.py", line 99, in _get_source_fast
    raise TemplateNotFound(template)
jinja2.exceptions.TemplateNotFound: index.html
2024-11-14 17:18:23,161 - app.database - INFO - Conexão com banco de dados fechada
2024-11-14 17:18:23,162 - werkzeug - INFO - 127.0.0.1 - - [14/Nov/2024 17:18:23] "[32mGET / HTTP/1.1[0m" 302 -
2024-11-14 17:18:23,165 - app.database - INFO - Conexão com banco de dados estabelecida
2024-11-14 17:18:23,165 - app.routes - DEBUG - Número de pacientes recuperados: 3
2024-11-14 17:18:23,166 - app.routes - ERROR - Erro na rota index: index.html
Traceback (most recent call last):
  File "/Applications/XAMPP/xamppfiles/htdocs/ss/app/routes.py", line 70, in index
    return render_template('index.html',
  File "/Applications/XAMPP/xamppfiles/htdocs/ss/venv/lib/python3.9/site-packages/flask/templating.py", line 149, in render_template
    template = app.jinja_env.get_or_select_template(template_name_or_list)
  File "/Applications/XAMPP/xamppfiles/htdocs/ss/venv/lib/python3.9/site-packages/jinja2/environment.py", line 1084, in get_or_select_template
    return self.get_template(template_name_or_list, parent, globals)
  File "/Applications/XAMPP/xamppfiles/htdocs/ss/venv/lib/python3.9/site-packages/jinja2/environment.py", line 1013, in get_template
    return self._load_template(name, globals)
  File "/Applications/XAMPP/xamppfiles/htdocs/ss/venv/lib/python3.9/site-packages/jinja2/environment.py", line 972, in _load_template
    template = self.loader.load(self, name, self.make_globals(globals))
  File "/Applications/XAMPP/xamppfiles/htdocs/ss/venv/lib/python3.9/site-packages/jinja2/loaders.py", line 126, in load
    source, filename, uptodate = self.get_source(environment, name)
  File "/Applications/XAMPP/xamppfiles/htdocs/ss/venv/lib/python3.9/site-packages/flask/templating.py", line 65, in get_source
    return self._get_source_fast(environment, template)
  File "/Applications/XAMPP/xamppfiles/htdocs/ss/venv/lib/python3.9/site-packages/flask/templating.py", line 99, in _get_source_fast
    raise TemplateNotFound(template)
jinja2.exceptions.TemplateNotFound: index.html
2024-11-14 17:18:23,168 - app.database - INFO - Conexão com banco de dados fechada
2024-11-14 17:18:23,168 - werkzeug - INFO - 127.0.0.1 - - [14/Nov/2024 17:18:23] "[32mGET / HTTP/1.1[0m" 302 -
2024-11-14 17:18:23,172 - app.database - INFO - Conexão com banco de dados estabelecida
2024-11-14 17:18:23,172 - app.routes - DEBUG - Número de pacientes recuperados: 3
2024-11-14 17:18:23,172 - app.routes - ERROR - Erro na rota index: index.html
Traceback (most recent call last):
  File "/Applications/XAMPP/xamppfiles/htdocs/ss/app/routes.py", line 70, in index
    return render_template('index.html',
  File "/Applications/XAMPP/xamppfiles/htdocs/ss/venv/lib/python3.9/site-packages/flask/templating.py", line 149, in render_template
    template = app.jinja_env.get_or_select_template(template_name_or_list)
  File "/Applications/XAMPP/xamppfiles/htdocs/ss/venv/lib/python3.9/site-packages/jinja2/environment.py", line 1084, in get_or_select_template
    return self.get_template(template_name_or_list, parent, globals)
  File "/Applications/XAMPP/xamppfiles/htdocs/ss/venv/lib/python3.9/site-packages/jinja2/environment.py", line 1013, in get_template
    return self._load_template(name, globals)
  File "/Applications/XAMPP/xamppfiles/htdocs/ss/venv/lib/python3.9/site-packages/jinja2/environment.py", line 972, in _load_template
    template = self.loader.load(self, name, self.make_globals(globals))
  File "/Applications/XAMPP/xamppfiles/htdocs/ss/venv/lib/python3.9/site-packages/jinja2/loaders.py", line 126, in load
    source, filename, uptodate = self.get_source(environment, name)
  File "/Applications/XAMPP/xamppfiles/htdocs/ss/venv/lib/python3.9/site-packages/flask/templating.py", line 65, in get_source
    return self._get_source_fast(environment, template)
  File "/Applications/XAMPP/xamppfiles/htdocs/ss/venv/lib/python3.9/site-packages/flask/templating.py", line 99, in _get_source_fast
    raise TemplateNotFound(template)
jinja2.exceptions.TemplateNotFound: index.html
2024-11-14 17:18:23,173 - app.database - INFO - Conexão com banco de dados fechada
2024-11-14 17:18:23,173 - werkzeug - INFO - 127.0.0.1 - - [14/Nov/2024 17:18:23] "[32mGET / HTTP/1.1[0m" 302 -
2024-11-14 17:18:23,176 - app.database - INFO - Conexão com banco de dados estabelecida
2024-11-14 17:18:23,176 - app.routes - DEBUG - Número de pacientes recuperados: 3
2024-11-14 17:18:23,177 - app.routes - ERROR - Erro na rota index: index.html
Traceback (most recent call last):
  File "/Applications/XAMPP/xamppfiles/htdocs/ss/app/routes.py", line 70, in index
    return render_template('index.html',
  File "/Applications/XAMPP/xamppfiles/htdocs/ss/venv/lib/python3.9/site-packages/flask/templating.py", line 149, in render_template
    template = app.jinja_env.get_or_select_template(template_name_or_list)
  File "/Applications/XAMPP/xamppfiles/htdocs/ss/venv/lib/python3.9/site-packages/jinja2/environment.py", line 1084, in get_or_select_template
    return self.get_template(template_name_or_list, parent, globals)
  File "/Applications/XAMPP/xamppfiles/htdocs/ss/venv/lib/python3.9/site-packages/jinja2/environment.py", line 1013, in get_template
    return self._load_template(name, globals)
  File "/Applications/XAMPP/xamppfiles/htdocs/ss/venv/lib/python3.9/site-packages/jinja2/environment.py", line 972, in _load_template
    template = self.loader.load(self, name, self.make_globals(globals))
  File "/Applications/XAMPP/xamppfiles/htdocs/ss/venv/lib/python3.9/site-packages/jinja2/loaders.py", line 126, in load
    source, filename, uptodate = self.get_source(environment, name)
  File "/Applications/XAMPP/xamppfiles/htdocs/ss/venv/lib/python3.9/site-packages/flask/templating.py", line 65, in get_source
    return self._get_source_fast(environment, template)
  File "/Applications/XAMPP/xamppfiles/htdocs/ss/venv/lib/python3.9/site-packages/flask/templating.py", line 99, in _get_source_fast
    raise TemplateNotFound(template)
jinja2.exceptions.TemplateNotFound: index.html
2024-11-14 17:18:23,177 - app.database - INFO - Conexão com banco de dados fechada
2024-11-14 17:18:23,177 - werkzeug - INFO - 127.0.0.1 - - [14/Nov/2024 17:18:23] "[32mGET / HTTP/1.1[0m" 302 -
2024-11-14 17:18:23,181 - app.database - INFO - Conexão com banco de dados estabelecida
2024-11-14 17:18:23,181 - app.routes - DEBUG - Número de pacientes recuperados: 3
2024-11-14 17:18:23,181 - app.routes - ERROR - Erro na rota index: index.html
Traceback (most recent call last):
  File "/Applications/XAMPP/xamppfiles/htdocs/ss/app/routes.py", line 70, in index
    return render_template('index.html',
  File "/Applications/XAMPP/xamppfiles/htdocs/ss/venv/lib/python3.9/site-packages/flask/templating.py", line 149, in render_template
    template = app.jinja_env.get_or_select_template(template_name_or_list)
  File "/Applications/XAMPP/xamppfiles/htdocs/ss/venv/lib/python3.9/site-packages/jinja2/environment.py", line 1084, in get_or_select_template
    return self.get_template(template_name_or_list, parent, globals)
  File "/Applications/XAMPP/xamppfiles/htdocs/ss/venv/lib/python3.9/site-packages/jinja2/environment.py", line 1013, in get_template
    return self._load_template(name, globals)
  File "/Applications/XAMPP/xamppfiles/htdocs/ss/venv/lib/python3.9/site-packages/jinja2/environment.py", line 972, in _load_template
    template = self.loader.load(self, name, self.make_globals(globals))
  File "/Applications/XAMPP/xamppfiles/htdocs/ss/venv/lib/python3.9/site-packages/jinja2/loaders.py", line 126, in load
    source, filename, uptodate = self.get_source(environment, name)
  File "/Applications/XAMPP/xamppfiles/htdocs/ss/venv/lib/python3.9/site-packages/flask/templating.py", line 65, in get_source
    return self._get_source_fast(environment, template)
  File "/Applications/XAMPP/xamppfiles/htdocs/ss/venv/lib/python3.9/site-packages/flask/templating.py", line 99, in _get_source_fast
    raise TemplateNotFound(template)
jinja2.exceptions.TemplateNotFound: index.html
2024-11-14 17:18:23,182 - app.database - INFO - Conexão com banco de dados fechada
2024-11-14 17:18:23,183 - werkzeug - INFO - 127.0.0.1 - - [14/Nov/2024 17:18:23] "[32mGET / HTTP/1.1[0m" 302 -
2024-11-14 17:18:23,187 - app.database - INFO - Conexão com banco de dados estabelecida
2024-11-14 17:18:23,187 - app.routes - DEBUG - Número de pacientes recuperados: 3
2024-11-14 17:18:23,187 - app.routes - ERROR - Erro na rota index: index.html
Traceback (most recent call last):
  File "/Applications/XAMPP/xamppfiles/htdocs/ss/app/routes.py", line 70, in index
    return render_template('index.html',
  File "/Applications/XAMPP/xamppfiles/htdocs/ss/venv/lib/python3.9/site-packages/flask/templating.py", line 149, in render_template
    template = app.jinja_env.get_or_select_template(template_name_or_list)
  File "/Applications/XAMPP/xamppfiles/htdocs/ss/venv/lib/python3.9/site-packages/jinja2/environment.py", line 1084, in get_or_select_template
    return self.get_template(template_name_or_list, parent, globals)
  File "/Applications/XAMPP/xamppfiles/htdocs/ss/venv/lib/python3.9/site-packages/jinja2/environment.py", line 1013, in get_template
    return self._load_template(name, globals)
  File "/Applications/XAMPP/xamppfiles/htdocs/ss/venv/lib/python3.9/site-packages/jinja2/environment.py", line 972, in _load_template
    template = self.loader.load(self, name, self.make_globals(globals))
  File "/Applications/XAMPP/xamppfiles/htdocs/ss/venv/lib/python3.9/site-packages/jinja2/loaders.py", line 126, in load
    source, filename, uptodate = self.get_source(environment, name)
  File "/Applications/XAMPP/xamppfiles/htdocs/ss/venv/lib/python3.9/site-packages/flask/templating.py", line 65, in get_source
    return self._get_source_fast(environment, template)
  File "/Applications/XAMPP/xamppfiles/htdocs/ss/venv/lib/python3.9/site-packages/flask/templating.py", line 99, in _get_source_fast
    raise TemplateNotFound(template)
jinja2.exceptions.TemplateNotFound: index.html
2024-11-14 17:18:23,188 - app.database - INFO - Conexão com banco de dados fechada
2024-11-14 17:18:23,188 - werkzeug - INFO - 127.0.0.1 - - [14/Nov/2024 17:18:23] "[32mGET / HTTP/1.1[0m" 302 -
2024-11-14 17:18:23,193 - app.database - INFO - Conexão com banco de dados estabelecida
2024-11-14 17:18:23,194 - app.routes - DEBUG - Número de pacientes recuperados: 3
2024-11-14 17:18:23,194 - app.routes - ERROR - Erro na rota index: index.html
Traceback (most recent call last):
  File "/Applications/XAMPP/xamppfiles/htdocs/ss/app/routes.py", line 70, in index
    return render_template('index.html',
  File "/Applications/XAMPP/xamppfiles/htdocs/ss/venv/lib/python3.9/site-packages/flask/templating.py", line 149, in render_template
    template = app.jinja_env.get_or_select_template(template_name_or_list)
  File "/Applications/XAMPP/xamppfiles/htdocs/ss/venv/lib/python3.9/site-packages/jinja2/environment.py", line 1084, in get_or_select_template
    return self.get_template(template_name_or_list, parent, globals)
  File "/Applications/XAMPP/xamppfiles/htdocs/ss/venv/lib/python3.9/site-packages/jinja2/environment.py", line 1013, in get_template
    return self._load_template(name, globals)
  File "/Applications/XAMPP/xamppfiles/htdocs/ss/venv/lib/python3.9/site-packages/jinja2/environment.py", line 972, in _load_template
    template = self.loader.load(self, name, self.make_globals(globals))
  File "/Applications/XAMPP/xamppfiles/htdocs/ss/venv/lib/python3.9/site-packages/jinja2/loaders.py", line 126, in load
    source, filename, uptodate = self.get_source(environment, name)
  File "/Applications/XAMPP/xamppfiles/htdocs/ss/venv/lib/python3.9/site-packages/flask/templating.py", line 65, in get_source
    return self._get_source_fast(environment, template)
  File "/Applications/XAMPP/xamppfiles/htdocs/ss/venv/lib/python3.9/site-packages/flask/templating.py", line 99, in _get_source_fast
    raise TemplateNotFound(template)
jinja2.exceptions.TemplateNotFound: index.html
2024-11-14 17:18:23,194 - app.database - INFO - Conexão com banco de dados fechada
2024-11-14 17:18:23,195 - werkzeug - INFO - 127.0.0.1 - - [14/Nov/2024 17:18:23] "[32mGET / HTTP/1.1[0m" 302 -
2024-11-14 17:18:23,198 - app.database - INFO - Conexão com banco de dados estabelecida
2024-11-14 17:18:23,198 - app.routes - DEBUG - Número de pacientes recuperados: 3
2024-11-14 17:18:23,199 - app.routes - ERROR - Erro na rota index: index.html
Traceback (most recent call last):
  File "/Applications/XAMPP/xamppfiles/htdocs/ss/app/routes.py", line 70, in index
    return render_template('index.html',
  File "/Applications/XAMPP/xamppfiles/htdocs/ss/venv/lib/python3.9/site-packages/flask/templating.py", line 149, in render_template
    template = app.jinja_env.get_or_select_template(template_name_or_list)
  File "/Applications/XAMPP/xamppfiles/htdocs/ss/venv/lib/python3.9/site-packages/jinja2/environment.py", line 1084, in get_or_select_template
    return self.get_template(template_name_or_list, parent, globals)
  File "/Applications/XAMPP/xamppfiles/htdocs/ss/venv/lib/python3.9/site-packages/jinja2/environment.py", line 1013, in get_template
    return self._load_template(name, globals)
  File "/Applications/XAMPP/xamppfiles/htdocs/ss/venv/lib/python3.9/site-packages/jinja2/environment.py", line 972, in _load_template
    template = self.loader.load(self, name, self.make_globals(globals))
  File "/Applications/XAMPP/xamppfiles/htdocs/ss/venv/lib/python3.9/site-packages/jinja2/loaders.py", line 126, in load
    source, filename, uptodate = self.get_source(environment, name)
  File "/Applications/XAMPP/xamppfiles/htdocs/ss/venv/lib/python3.9/site-packages/flask/templating.py", line 65, in get_source
    return self._get_source_fast(environment, template)
  File "/Applications/XAMPP/xamppfiles/htdocs/ss/venv/lib/python3.9/site-packages/flask/templating.py", line 99, in _get_source_fast
    raise TemplateNotFound(template)
jinja2.exceptions.TemplateNotFound: index.html
2024-11-14 17:18:23,200 - app.database - INFO - Conexão com banco de dados fechada
2024-11-14 17:18:23,201 - werkzeug - INFO - 127.0.0.1 - - [14/Nov/2024 17:18:23] "[32mGET / HTTP/1.1[0m" 302 -
2024-11-14 17:18:23,204 - app.database - INFO - Conexão com banco de dados estabelecida
2024-11-14 17:18:23,205 - app.routes - DEBUG - Número de pacientes recuperados: 3
2024-11-14 17:18:23,205 - app.routes - ERROR - Erro na rota index: index.html
Traceback (most recent call last):
  File "/Applications/XAMPP/xamppfiles/htdocs/ss/app/routes.py", line 70, in index
    return render_template('index.html',
  File "/Applications/XAMPP/xamppfiles/htdocs/ss/venv/lib/python3.9/site-packages/flask/templating.py", line 149, in render_template
    template = app.jinja_env.get_or_select_template(template_name_or_list)
  File "/Applications/XAMPP/xamppfiles/htdocs/ss/venv/lib/python3.9/site-packages/jinja2/environment.py", line 1084, in get_or_select_template
    return self.get_template(template_name_or_list, parent, globals)
  File "/Applications/XAMPP/xamppfiles/htdocs/ss/venv/lib/python3.9/site-packages/jinja2/environment.py", line 1013, in get_template
    return self._load_template(name, globals)
  File "/Applications/XAMPP/xamppfiles/htdocs/ss/venv/lib/python3.9/site-packages/jinja2/environment.py", line 972, in _load_template
    template = self.loader.load(self, name, self.make_globals(globals))
  File "/Applications/XAMPP/xamppfiles/htdocs/ss/venv/lib/python3.9/site-packages/jinja2/loaders.py", line 126, in load
    source, filename, uptodate = self.get_source(environment, name)
  File "/Applications/XAMPP/xamppfiles/htdocs/ss/venv/lib/python3.9/site-packages/flask/templating.py", line 65, in get_source
    return self._get_source_fast(environment, template)
  File "/Applications/XAMPP/xamppfiles/htdocs/ss/venv/lib/python3.9/site-packages/flask/templating.py", line 99, in _get_source_fast
    raise TemplateNotFound(template)
jinja2.exceptions.TemplateNotFound: index.html
2024-11-14 17:18:23,205 - app.database - INFO - Conexão com banco de dados fechada
2024-11-14 17:18:23,206 - werkzeug - INFO - 127.0.0.1 - - [14/Nov/2024 17:18:23] "[32mGET / HTTP/1.1[0m" 302 -
2024-11-14 17:18:23,209 - app.database - INFO - Conexão com banco de dados estabelecida
2024-11-14 17:18:23,209 - app.routes - DEBUG - Número de pacientes recuperados: 3
2024-11-14 17:18:23,210 - app.routes - ERROR - Erro na rota index: index.html
Traceback (most recent call last):
  File "/Applications/XAMPP/xamppfiles/htdocs/ss/app/routes.py", line 70, in index
    return render_template('index.html',
  File "/Applications/XAMPP/xamppfiles/htdocs/ss/venv/lib/python3.9/site-packages/flask/templating.py", line 149, in render_template
    template = app.jinja_env.get_or_select_template(template_name_or_list)
  File "/Applications/XAMPP/xamppfiles/htdocs/ss/venv/lib/python3.9/site-packages/jinja2/environment.py", line 1084, in get_or_select_template
    return self.get_template(template_name_or_list, parent, globals)
  File "/Applications/XAMPP/xamppfiles/htdocs/ss/venv/lib/python3.9/site-packages/jinja2/environment.py", line 1013, in get_template
    return self._load_template(name, globals)
  File "/Applications/XAMPP/xamppfiles/htdocs/ss/venv/lib/python3.9/site-packages/jinja2/environment.py", line 972, in _load_template
    template = self.loader.load(self, name, self.make_globals(globals))
  File "/Applications/XAMPP/xamppfiles/htdocs/ss/venv/lib/python3.9/site-packages/jinja2/loaders.py", line 126, in load
    source, filename, uptodate = self.get_source(environment, name)
  File "/Applications/XAMPP/xamppfiles/htdocs/ss/venv/lib/python3.9/site-packages/flask/templating.py", line 65, in get_source
    return self._get_source_fast(environment, template)
  File "/Applications/XAMPP/xamppfiles/htdocs/ss/venv/lib/python3.9/site-packages/flask/templating.py", line 99, in _get_source_fast
    raise TemplateNotFound(template)
jinja2.exceptions.TemplateNotFound: index.html
2024-11-14 17:18:23,210 - app.database - INFO - Conexão com banco de dados fechada
2024-11-14 17:18:23,210 - werkzeug - INFO - 127.0.0.1 - - [14/Nov/2024 17:18:23] "[32mGET / HTTP/1.1[0m" 302 -
2024-11-14 17:18:23,214 - app.database - INFO - Conexão com banco de dados estabelecida
2024-11-14 17:18:23,214 - app.routes - DEBUG - Número de pacientes recuperados: 3
2024-11-14 17:18:23,214 - app.routes - ERROR - Erro na rota index: index.html
Traceback (most recent call last):
  File "/Applications/XAMPP/xamppfiles/htdocs/ss/app/routes.py", line 70, in index
    return render_template('index.html',
  File "/Applications/XAMPP/xamppfiles/htdocs/ss/venv/lib/python3.9/site-packages/flask/templating.py", line 149, in render_template
    template = app.jinja_env.get_or_select_template(template_name_or_list)
  File "/Applications/XAMPP/xamppfiles/htdocs/ss/venv/lib/python3.9/site-packages/jinja2/environment.py", line 1084, in get_or_select_template
    return self.get_template(template_name_or_list, parent, globals)
  File "/Applications/XAMPP/xamppfiles/htdocs/ss/venv/lib/python3.9/site-packages/jinja2/environment.py", line 1013, in get_template
    return self._load_template(name, globals)
  File "/Applications/XAMPP/xamppfiles/htdocs/ss/venv/lib/python3.9/site-packages/jinja2/environment.py", line 972, in _load_template
    template = self.loader.load(self, name, self.make_globals(globals))
  File "/Applications/XAMPP/xamppfiles/htdocs/ss/venv/lib/python3.9/site-packages/jinja2/loaders.py", line 126, in load
    source, filename, uptodate = self.get_source(environment, name)
  File "/Applications/XAMPP/xamppfiles/htdocs/ss/venv/lib/python3.9/site-packages/flask/templating.py", line 65, in get_source
    return self._get_source_fast(environment, template)
  File "/Applications/XAMPP/xamppfiles/htdocs/ss/venv/lib/python3.9/site-packages/flask/templating.py", line 99, in _get_source_fast
    raise TemplateNotFound(template)
jinja2.exceptions.TemplateNotFound: index.html
2024-11-14 17:18:23,215 - app.database - INFO - Conexão com banco de dados fechada
2024-11-14 17:18:23,215 - werkzeug - INFO - 127.0.0.1 - - [14/Nov/2024 17:18:23] "[32mGET / HTTP/1.1[0m" 302 -
2024-11-14 17:19:19,049 - app.database - INFO - Conexão com banco de dados estabelecida
2024-11-14 17:19:19,050 - app.routes - DEBUG - Número de pacientes recuperados: 3
2024-11-14 17:19:19,050 - app.routes - ERROR - Erro na rota index: index.html
Traceback (most recent call last):
  File "/Applications/XAMPP/xamppfiles/htdocs/ss/app/routes.py", line 70, in index
    return render_template('index.html',
  File "/Applications/XAMPP/xamppfiles/htdocs/ss/venv/lib/python3.9/site-packages/flask/templating.py", line 149, in render_template
    template = app.jinja_env.get_or_select_template(template_name_or_list)
  File "/Applications/XAMPP/xamppfiles/htdocs/ss/venv/lib/python3.9/site-packages/jinja2/environment.py", line 1084, in get_or_select_template
    return self.get_template(template_name_or_list, parent, globals)
  File "/Applications/XAMPP/xamppfiles/htdocs/ss/venv/lib/python3.9/site-packages/jinja2/environment.py", line 1013, in get_template
    return self._load_template(name, globals)
  File "/Applications/XAMPP/xamppfiles/htdocs/ss/venv/lib/python3.9/site-packages/jinja2/environment.py", line 972, in _load_template
    template = self.loader.load(self, name, self.make_globals(globals))
  File "/Applications/XAMPP/xamppfiles/htdocs/ss/venv/lib/python3.9/site-packages/jinja2/loaders.py", line 126, in load
    source, filename, uptodate = self.get_source(environment, name)
  File "/Applications/XAMPP/xamppfiles/htdocs/ss/venv/lib/python3.9/site-packages/flask/templating.py", line 65, in get_source
    return self._get_source_fast(environment, template)
  File "/Applications/XAMPP/xamppfiles/htdocs/ss/venv/lib/python3.9/site-packages/flask/templating.py", line 99, in _get_source_fast
    raise TemplateNotFound(template)
jinja2.exceptions.TemplateNotFound: index.html
2024-11-14 17:19:19,052 - app.database - INFO - Conexão com banco de dados fechada
2024-11-14 17:19:19,053 - werkzeug - INFO - 127.0.0.1 - - [14/Nov/2024 17:19:19] "[32mGET / HTTP/1.1[0m" 302 -
2024-11-14 17:19:19,066 - app.database - INFO - Conexão com banco de dados estabelecida
2024-11-14 17:19:19,067 - app.routes - DEBUG - Número de pacientes recuperados: 3
2024-11-14 17:19:19,067 - app.routes - ERROR - Erro na rota index: index.html
Traceback (most recent call last):
  File "/Applications/XAMPP/xamppfiles/htdocs/ss/app/routes.py", line 70, in index
    return render_template('index.html',
  File "/Applications/XAMPP/xamppfiles/htdocs/ss/venv/lib/python3.9/site-packages/flask/templating.py", line 149, in render_template
    template = app.jinja_env.get_or_select_template(template_name_or_list)
  File "/Applications/XAMPP/xamppfiles/htdocs/ss/venv/lib/python3.9/site-packages/jinja2/environment.py", line 1084, in get_or_select_template
    return self.get_template(template_name_or_list, parent, globals)
  File "/Applications/XAMPP/xamppfiles/htdocs/ss/venv/lib/python3.9/site-packages/jinja2/environment.py", line 1013, in get_template
    return self._load_template(name, globals)
  File "/Applications/XAMPP/xamppfiles/htdocs/ss/venv/lib/python3.9/site-packages/jinja2/environment.py", line 972, in _load_template
    template = self.loader.load(self, name, self.make_globals(globals))
  File "/Applications/XAMPP/xamppfiles/htdocs/ss/venv/lib/python3.9/site-packages/jinja2/loaders.py", line 126, in load
    source, filename, uptodate = self.get_source(environment, name)
  File "/Applications/XAMPP/xamppfiles/htdocs/ss/venv/lib/python3.9/site-packages/flask/templating.py", line 65, in get_source
    return self._get_source_fast(environment, template)
  File "/Applications/XAMPP/xamppfiles/htdocs/ss/venv/lib/python3.9/site-packages/flask/templating.py", line 99, in _get_source_fast
    raise TemplateNotFound(template)
jinja2.exceptions.TemplateNotFound: index.html
2024-11-14 17:19:19,068 - app.database - INFO - Conexão com banco de dados fechada
2024-11-14 17:19:19,068 - werkzeug - INFO - 127.0.0.1 - - [14/Nov/2024 17:19:19] "[32mGET / HTTP/1.1[0m" 302 -
2024-11-14 17:19:19,076 - app.database - INFO - Conexão com banco de dados estabelecida
2024-11-14 17:19:19,076 - app.routes - DEBUG - Número de pacientes recuperados: 3
2024-11-14 17:19:19,076 - app.routes - ERROR - Erro na rota index: index.html
Traceback (most recent call last):
  File "/Applications/XAMPP/xamppfiles/htdocs/ss/app/routes.py", line 70, in index
    return render_template('index.html',
  File "/Applications/XAMPP/xamppfiles/htdocs/ss/venv/lib/python3.9/site-packages/flask/templating.py", line 149, in render_template
    template = app.jinja_env.get_or_select_template(template_name_or_list)
  File "/Applications/XAMPP/xamppfiles/htdocs/ss/venv/lib/python3.9/site-packages/jinja2/environment.py", line 1084, in get_or_select_template
    return self.get_template(template_name_or_list, parent, globals)
  File "/Applications/XAMPP/xamppfiles/htdocs/ss/venv/lib/python3.9/site-packages/jinja2/environment.py", line 1013, in get_template
    return self._load_template(name, globals)
  File "/Applications/XAMPP/xamppfiles/htdocs/ss/venv/lib/python3.9/site-packages/jinja2/environment.py", line 972, in _load_template
    template = self.loader.load(self, name, self.make_globals(globals))
  File "/Applications/XAMPP/xamppfiles/htdocs/ss/venv/lib/python3.9/site-packages/jinja2/loaders.py", line 126, in load
    source, filename, uptodate = self.get_source(environment, name)
  File "/Applications/XAMPP/xamppfiles/htdocs/ss/venv/lib/python3.9/site-packages/flask/templating.py", line 65, in get_source
    return self._get_source_fast(environment, template)
  File "/Applications/XAMPP/xamppfiles/htdocs/ss/venv/lib/python3.9/site-packages/flask/templating.py", line 99, in _get_source_fast
    raise TemplateNotFound(template)
jinja2.exceptions.TemplateNotFound: index.html
2024-11-14 17:19:19,078 - app.database - INFO - Conexão com banco de dados fechada
2024-11-14 17:19:19,078 - werkzeug - INFO - 127.0.0.1 - - [14/Nov/2024 17:19:19] "[32mGET / HTTP/1.1[0m" 302 -
2024-11-14 17:19:19,086 - app.database - INFO - Conexão com banco de dados estabelecida
2024-11-14 17:19:19,087 - app.routes - DEBUG - Número de pacientes recuperados: 3
2024-11-14 17:19:19,087 - app.routes - ERROR - Erro na rota index: index.html
Traceback (most recent call last):
  File "/Applications/XAMPP/xamppfiles/htdocs/ss/app/routes.py", line 70, in index
    return render_template('index.html',
  File "/Applications/XAMPP/xamppfiles/htdocs/ss/venv/lib/python3.9/site-packages/flask/templating.py", line 149, in render_template
    template = app.jinja_env.get_or_select_template(template_name_or_list)
  File "/Applications/XAMPP/xamppfiles/htdocs/ss/venv/lib/python3.9/site-packages/jinja2/environment.py", line 1084, in get_or_select_template
    return self.get_template(template_name_or_list, parent, globals)
  File "/Applications/XAMPP/xamppfiles/htdocs/ss/venv/lib/python3.9/site-packages/jinja2/environment.py", line 1013, in get_template
    return self._load_template(name, globals)
  File "/Applications/XAMPP/xamppfiles/htdocs/ss/venv/lib/python3.9/site-packages/jinja2/environment.py", line 972, in _load_template
    template = self.loader.load(self, name, self.make_globals(globals))
  File "/Applications/XAMPP/xamppfiles/htdocs/ss/venv/lib/python3.9/site-packages/jinja2/loaders.py", line 126, in load
    source, filename, uptodate = self.get_source(environment, name)
  File "/Applications/XAMPP/xamppfiles/htdocs/ss/venv/lib/python3.9/site-packages/flask/templating.py", line 65, in get_source
    return self._get_source_fast(environment, template)
  File "/Applications/XAMPP/xamppfiles/htdocs/ss/venv/lib/python3.9/site-packages/flask/templating.py", line 99, in _get_source_fast
    raise TemplateNotFound(template)
jinja2.exceptions.TemplateNotFound: index.html
2024-11-14 17:19:19,088 - app.database - INFO - Conexão com banco de dados fechada
2024-11-14 17:19:19,088 - werkzeug - INFO - 127.0.0.1 - - [14/Nov/2024 17:19:19] "[32mGET / HTTP/1.1[0m" 302 -
2024-11-14 17:19:19,096 - app.database - INFO - Conexão com banco de dados estabelecida
2024-11-14 17:19:19,097 - app.routes - DEBUG - Número de pacientes recuperados: 3
2024-11-14 17:19:19,097 - app.routes - ERROR - Erro na rota index: index.html
Traceback (most recent call last):
  File "/Applications/XAMPP/xamppfiles/htdocs/ss/app/routes.py", line 70, in index
    return render_template('index.html',
  File "/Applications/XAMPP/xamppfiles/htdocs/ss/venv/lib/python3.9/site-packages/flask/templating.py", line 149, in render_template
    template = app.jinja_env.get_or_select_template(template_name_or_list)
  File "/Applications/XAMPP/xamppfiles/htdocs/ss/venv/lib/python3.9/site-packages/jinja2/environment.py", line 1084, in get_or_select_template
    return self.get_template(template_name_or_list, parent, globals)
  File "/Applications/XAMPP/xamppfiles/htdocs/ss/venv/lib/python3.9/site-packages/jinja2/environment.py", line 1013, in get_template
    return self._load_template(name, globals)
  File "/Applications/XAMPP/xamppfiles/htdocs/ss/venv/lib/python3.9/site-packages/jinja2/environment.py", line 972, in _load_template
    template = self.loader.load(self, name, self.make_globals(globals))
  File "/Applications/XAMPP/xamppfiles/htdocs/ss/venv/lib/python3.9/site-packages/jinja2/loaders.py", line 126, in load
    source, filename, uptodate = self.get_source(environment, name)
  File "/Applications/XAMPP/xamppfiles/htdocs/ss/venv/lib/python3.9/site-packages/flask/templating.py", line 65, in get_source
    return self._get_source_fast(environment, template)
  File "/Applications/XAMPP/xamppfiles/htdocs/ss/venv/lib/python3.9/site-packages/flask/templating.py", line 99, in _get_source_fast
    raise TemplateNotFound(template)
jinja2.exceptions.TemplateNotFound: index.html
2024-11-14 17:19:19,098 - app.database - INFO - Conexão com banco de dados fechada
2024-11-14 17:19:19,098 - werkzeug - INFO - 127.0.0.1 - - [14/Nov/2024 17:19:19] "[32mGET / HTTP/1.1[0m" 302 -
2024-11-14 17:19:19,106 - app.database - INFO - Conexão com banco de dados estabelecida
2024-11-14 17:19:19,106 - app.routes - DEBUG - Número de pacientes recuperados: 3
2024-11-14 17:19:19,106 - app.routes - ERROR - Erro na rota index: index.html
Traceback (most recent call last):
  File "/Applications/XAMPP/xamppfiles/htdocs/ss/app/routes.py", line 70, in index
    return render_template('index.html',
  File "/Applications/XAMPP/xamppfiles/htdocs/ss/venv/lib/python3.9/site-packages/flask/templating.py", line 149, in render_template
    template = app.jinja_env.get_or_select_template(template_name_or_list)
  File "/Applications/XAMPP/xamppfiles/htdocs/ss/venv/lib/python3.9/site-packages/jinja2/environment.py", line 1084, in get_or_select_template
    return self.get_template(template_name_or_list, parent, globals)
  File "/Applications/XAMPP/xamppfiles/htdocs/ss/venv/lib/python3.9/site-packages/jinja2/environment.py", line 1013, in get_template
    return self._load_template(name, globals)
  File "/Applications/XAMPP/xamppfiles/htdocs/ss/venv/lib/python3.9/site-packages/jinja2/environment.py", line 972, in _load_template
    template = self.loader.load(self, name, self.make_globals(globals))
  File "/Applications/XAMPP/xamppfiles/htdocs/ss/venv/lib/python3.9/site-packages/jinja2/loaders.py", line 126, in load
    source, filename, uptodate = self.get_source(environment, name)
  File "/Applications/XAMPP/xamppfiles/htdocs/ss/venv/lib/python3.9/site-packages/flask/templating.py", line 65, in get_source
    return self._get_source_fast(environment, template)
  File "/Applications/XAMPP/xamppfiles/htdocs/ss/venv/lib/python3.9/site-packages/flask/templating.py", line 99, in _get_source_fast
    raise TemplateNotFound(template)
jinja2.exceptions.TemplateNotFound: index.html
2024-11-14 17:19:19,107 - app.database - INFO - Conexão com banco de dados fechada
2024-11-14 17:19:19,107 - werkzeug - INFO - 127.0.0.1 - - [14/Nov/2024 17:19:19] "[32mGET / HTTP/1.1[0m" 302 -
2024-11-14 17:19:19,114 - app.database - INFO - Conexão com banco de dados estabelecida
2024-11-14 17:19:19,114 - app.routes - DEBUG - Número de pacientes recuperados: 3
2024-11-14 17:19:19,115 - app.routes - ERROR - Erro na rota index: index.html
Traceback (most recent call last):
  File "/Applications/XAMPP/xamppfiles/htdocs/ss/app/routes.py", line 70, in index
    return render_template('index.html',
  File "/Applications/XAMPP/xamppfiles/htdocs/ss/venv/lib/python3.9/site-packages/flask/templating.py", line 149, in render_template
    template = app.jinja_env.get_or_select_template(template_name_or_list)
  File "/Applications/XAMPP/xamppfiles/htdocs/ss/venv/lib/python3.9/site-packages/jinja2/environment.py", line 1084, in get_or_select_template
    return self.get_template(template_name_or_list, parent, globals)
  File "/Applications/XAMPP/xamppfiles/htdocs/ss/venv/lib/python3.9/site-packages/jinja2/environment.py", line 1013, in get_template
    return self._load_template(name, globals)
  File "/Applications/XAMPP/xamppfiles/htdocs/ss/venv/lib/python3.9/site-packages/jinja2/environment.py", line 972, in _load_template
    template = self.loader.load(self, name, self.make_globals(globals))
  File "/Applications/XAMPP/xamppfiles/htdocs/ss/venv/lib/python3.9/site-packages/jinja2/loaders.py", line 126, in load
    source, filename, uptodate = self.get_source(environment, name)
  File "/Applications/XAMPP/xamppfiles/htdocs/ss/venv/lib/python3.9/site-packages/flask/templating.py", line 65, in get_source
    return self._get_source_fast(environment, template)
  File "/Applications/XAMPP/xamppfiles/htdocs/ss/venv/lib/python3.9/site-packages/flask/templating.py", line 99, in _get_source_fast
    raise TemplateNotFound(template)
jinja2.exceptions.TemplateNotFound: index.html
2024-11-14 17:19:19,116 - app.database - INFO - Conexão com banco de dados fechada
2024-11-14 17:19:19,116 - werkzeug - INFO - 127.0.0.1 - - [14/Nov/2024 17:19:19] "[32mGET / HTTP/1.1[0m" 302 -
2024-11-14 17:19:19,123 - app.database - INFO - Conexão com banco de dados estabelecida
2024-11-14 17:19:19,123 - app.routes - DEBUG - Número de pacientes recuperados: 3
2024-11-14 17:19:19,123 - app.routes - ERROR - Erro na rota index: index.html
Traceback (most recent call last):
  File "/Applications/XAMPP/xamppfiles/htdocs/ss/app/routes.py", line 70, in index
    return render_template('index.html',
  File "/Applications/XAMPP/xamppfiles/htdocs/ss/venv/lib/python3.9/site-packages/flask/templating.py", line 149, in render_template
    template = app.jinja_env.get_or_select_template(template_name_or_list)
  File "/Applications/XAMPP/xamppfiles/htdocs/ss/venv/lib/python3.9/site-packages/jinja2/environment.py", line 1084, in get_or_select_template
    return self.get_template(template_name_or_list, parent, globals)
  File "/Applications/XAMPP/xamppfiles/htdocs/ss/venv/lib/python3.9/site-packages/jinja2/environment.py", line 1013, in get_template
    return self._load_template(name, globals)
  File "/Applications/XAMPP/xamppfiles/htdocs/ss/venv/lib/python3.9/site-packages/jinja2/environment.py", line 972, in _load_template
    template = self.loader.load(self, name, self.make_globals(globals))
  File "/Applications/XAMPP/xamppfiles/htdocs/ss/venv/lib/python3.9/site-packages/jinja2/loaders.py", line 126, in load
    source, filename, uptodate = self.get_source(environment, name)
  File "/Applications/XAMPP/xamppfiles/htdocs/ss/venv/lib/python3.9/site-packages/flask/templating.py", line 65, in get_source
    return self._get_source_fast(environment, template)
  File "/Applications/XAMPP/xamppfiles/htdocs/ss/venv/lib/python3.9/site-packages/flask/templating.py", line 99, in _get_source_fast
    raise TemplateNotFound(template)
jinja2.exceptions.TemplateNotFound: index.html
2024-11-14 17:19:19,124 - app.database - INFO - Conexão com banco de dados fechada
2024-11-14 17:19:19,124 - werkzeug - INFO - 127.0.0.1 - - [14/Nov/2024 17:19:19] "[32mGET / HTTP/1.1[0m" 302 -
2024-11-14 17:19:19,131 - app.database - INFO - Conexão com banco de dados estabelecida
2024-11-14 17:19:19,131 - app.routes - DEBUG - Número de pacientes recuperados: 3
2024-11-14 17:19:19,131 - app.routes - ERROR - Erro na rota index: index.html
Traceback (most recent call last):
  File "/Applications/XAMPP/xamppfiles/htdocs/ss/app/routes.py", line 70, in index
    return render_template('index.html',
  File "/Applications/XAMPP/xamppfiles/htdocs/ss/venv/lib/python3.9/site-packages/flask/templating.py", line 149, in render_template
    template = app.jinja_env.get_or_select_template(template_name_or_list)
  File "/Applications/XAMPP/xamppfiles/htdocs/ss/venv/lib/python3.9/site-packages/jinja2/environment.py", line 1084, in get_or_select_template
    return self.get_template(template_name_or_list, parent, globals)
  File "/Applications/XAMPP/xamppfiles/htdocs/ss/venv/lib/python3.9/site-packages/jinja2/environment.py", line 1013, in get_template
    return self._load_template(name, globals)
  File "/Applications/XAMPP/xamppfiles/htdocs/ss/venv/lib/python3.9/site-packages/jinja2/environment.py", line 972, in _load_template
    template = self.loader.load(self, name, self.make_globals(globals))
  File "/Applications/XAMPP/xamppfiles/htdocs/ss/venv/lib/python3.9/site-packages/jinja2/loaders.py", line 126, in load
    source, filename, uptodate = self.get_source(environment, name)
  File "/Applications/XAMPP/xamppfiles/htdocs/ss/venv/lib/python3.9/site-packages/flask/templating.py", line 65, in get_source
    return self._get_source_fast(environment, template)
  File "/Applications/XAMPP/xamppfiles/htdocs/ss/venv/lib/python3.9/site-packages/flask/templating.py", line 99, in _get_source_fast
    raise TemplateNotFound(template)
jinja2.exceptions.TemplateNotFound: index.html
2024-11-14 17:19:19,132 - app.database - INFO - Conexão com banco de dados fechada
2024-11-14 17:19:19,132 - werkzeug - INFO - 127.0.0.1 - - [14/Nov/2024 17:19:19] "[32mGET / HTTP/1.1[0m" 302 -
2024-11-14 17:19:19,139 - app.database - INFO - Conexão com banco de dados estabelecida
2024-11-14 17:19:19,140 - app.routes - DEBUG - Número de pacientes recuperados: 3
2024-11-14 17:19:19,140 - app.routes - ERROR - Erro na rota index: index.html
Traceback (most recent call last):
  File "/Applications/XAMPP/xamppfiles/htdocs/ss/app/routes.py", line 70, in index
    return render_template('index.html',
  File "/Applications/XAMPP/xamppfiles/htdocs/ss/venv/lib/python3.9/site-packages/flask/templating.py", line 149, in render_template
    template = app.jinja_env.get_or_select_template(template_name_or_list)
  File "/Applications/XAMPP/xamppfiles/htdocs/ss/venv/lib/python3.9/site-packages/jinja2/environment.py", line 1084, in get_or_select_template
    return self.get_template(template_name_or_list, parent, globals)
  File "/Applications/XAMPP/xamppfiles/htdocs/ss/venv/lib/python3.9/site-packages/jinja2/environment.py", line 1013, in get_template
    return self._load_template(name, globals)
  File "/Applications/XAMPP/xamppfiles/htdocs/ss/venv/lib/python3.9/site-packages/jinja2/environment.py", line 972, in _load_template
    template = self.loader.load(self, name, self.make_globals(globals))
  File "/Applications/XAMPP/xamppfiles/htdocs/ss/venv/lib/python3.9/site-packages/jinja2/loaders.py", line 126, in load
    source, filename, uptodate = self.get_source(environment, name)
  File "/Applications/XAMPP/xamppfiles/htdocs/ss/venv/lib/python3.9/site-packages/flask/templating.py", line 65, in get_source
    return self._get_source_fast(environment, template)
  File "/Applications/XAMPP/xamppfiles/htdocs/ss/venv/lib/python3.9/site-packages/flask/templating.py", line 99, in _get_source_fast
    raise TemplateNotFound(template)
jinja2.exceptions.TemplateNotFound: index.html
2024-11-14 17:19:19,141 - app.database - INFO - Conexão com banco de dados fechada
2024-11-14 17:19:19,141 - werkzeug - INFO - 127.0.0.1 - - [14/Nov/2024 17:19:19] "[32mGET / HTTP/1.1[0m" 302 -
2024-11-14 17:19:19,147 - app.database - INFO - Conexão com banco de dados estabelecida
2024-11-14 17:19:19,148 - app.routes - DEBUG - Número de pacientes recuperados: 3
2024-11-14 17:19:19,148 - app.routes - ERROR - Erro na rota index: index.html
Traceback (most recent call last):
  File "/Applications/XAMPP/xamppfiles/htdocs/ss/app/routes.py", line 70, in index
    return render_template('index.html',
  File "/Applications/XAMPP/xamppfiles/htdocs/ss/venv/lib/python3.9/site-packages/flask/templating.py", line 149, in render_template
    template = app.jinja_env.get_or_select_template(template_name_or_list)
  File "/Applications/XAMPP/xamppfiles/htdocs/ss/venv/lib/python3.9/site-packages/jinja2/environment.py", line 1084, in get_or_select_template
    return self.get_template(template_name_or_list, parent, globals)
  File "/Applications/XAMPP/xamppfiles/htdocs/ss/venv/lib/python3.9/site-packages/jinja2/environment.py", line 1013, in get_template
    return self._load_template(name, globals)
  File "/Applications/XAMPP/xamppfiles/htdocs/ss/venv/lib/python3.9/site-packages/jinja2/environment.py", line 972, in _load_template
    template = self.loader.load(self, name, self.make_globals(globals))
  File "/Applications/XAMPP/xamppfiles/htdocs/ss/venv/lib/python3.9/site-packages/jinja2/loaders.py", line 126, in load
    source, filename, uptodate = self.get_source(environment, name)
  File "/Applications/XAMPP/xamppfiles/htdocs/ss/venv/lib/python3.9/site-packages/flask/templating.py", line 65, in get_source
    return self._get_source_fast(environment, template)
  File "/Applications/XAMPP/xamppfiles/htdocs/ss/venv/lib/python3.9/site-packages/flask/templating.py", line 99, in _get_source_fast
    raise TemplateNotFound(template)
jinja2.exceptions.TemplateNotFound: index.html
2024-11-14 17:19:19,149 - app.database - INFO - Conexão com banco de dados fechada
2024-11-14 17:19:19,149 - werkzeug - INFO - 127.0.0.1 - - [14/Nov/2024 17:19:19] "[32mGET / HTTP/1.1[0m" 302 -
2024-11-14 17:19:19,155 - app.database - INFO - Conexão com banco de dados estabelecida
2024-11-14 17:19:19,155 - app.routes - DEBUG - Número de pacientes recuperados: 3
2024-11-14 17:19:19,155 - app.routes - ERROR - Erro na rota index: index.html
Traceback (most recent call last):
  File "/Applications/XAMPP/xamppfiles/htdocs/ss/app/routes.py", line 70, in index
    return render_template('index.html',
  File "/Applications/XAMPP/xamppfiles/htdocs/ss/venv/lib/python3.9/site-packages/flask/templating.py", line 149, in render_template
    template = app.jinja_env.get_or_select_template(template_name_or_list)
  File "/Applications/XAMPP/xamppfiles/htdocs/ss/venv/lib/python3.9/site-packages/jinja2/environment.py", line 1084, in get_or_select_template
    return self.get_template(template_name_or_list, parent, globals)
  File "/Applications/XAMPP/xamppfiles/htdocs/ss/venv/lib/python3.9/site-packages/jinja2/environment.py", line 1013, in get_template
    return self._load_template(name, globals)
  File "/Applications/XAMPP/xamppfiles/htdocs/ss/venv/lib/python3.9/site-packages/jinja2/environment.py", line 972, in _load_template
    template = self.loader.load(self, name, self.make_globals(globals))
  File "/Applications/XAMPP/xamppfiles/htdocs/ss/venv/lib/python3.9/site-packages/jinja2/loaders.py", line 126, in load
    source, filename, uptodate = self.get_source(environment, name)
  File "/Applications/XAMPP/xamppfiles/htdocs/ss/venv/lib/python3.9/site-packages/flask/templating.py", line 65, in get_source
    return self._get_source_fast(environment, template)
  File "/Applications/XAMPP/xamppfiles/htdocs/ss/venv/lib/python3.9/site-packages/flask/templating.py", line 99, in _get_source_fast
    raise TemplateNotFound(template)
jinja2.exceptions.TemplateNotFound: index.html
2024-11-14 17:19:19,156 - app.database - INFO - Conexão com banco de dados fechada
2024-11-14 17:19:19,156 - werkzeug - INFO - 127.0.0.1 - - [14/Nov/2024 17:19:19] "[32mGET / HTTP/1.1[0m" 302 -
2024-11-14 17:19:19,162 - app.database - INFO - Conexão com banco de dados estabelecida
2024-11-14 17:19:19,162 - app.routes - DEBUG - Número de pacientes recuperados: 3
2024-11-14 17:19:19,162 - app.routes - ERROR - Erro na rota index: index.html
Traceback (most recent call last):
  File "/Applications/XAMPP/xamppfiles/htdocs/ss/app/routes.py", line 70, in index
    return render_template('index.html',
  File "/Applications/XAMPP/xamppfiles/htdocs/ss/venv/lib/python3.9/site-packages/flask/templating.py", line 149, in render_template
    template = app.jinja_env.get_or_select_template(template_name_or_list)
  File "/Applications/XAMPP/xamppfiles/htdocs/ss/venv/lib/python3.9/site-packages/jinja2/environment.py", line 1084, in get_or_select_template
    return self.get_template(template_name_or_list, parent, globals)
  File "/Applications/XAMPP/xamppfiles/htdocs/ss/venv/lib/python3.9/site-packages/jinja2/environment.py", line 1013, in get_template
    return self._load_template(name, globals)
  File "/Applications/XAMPP/xamppfiles/htdocs/ss/venv/lib/python3.9/site-packages/jinja2/environment.py", line 972, in _load_template
    template = self.loader.load(self, name, self.make_globals(globals))
  File "/Applications/XAMPP/xamppfiles/htdocs/ss/venv/lib/python3.9/site-packages/jinja2/loaders.py", line 126, in load
    source, filename, uptodate = self.get_source(environment, name)
  File "/Applications/XAMPP/xamppfiles/htdocs/ss/venv/lib/python3.9/site-packages/flask/templating.py", line 65, in get_source
    return self._get_source_fast(environment, template)
  File "/Applications/XAMPP/xamppfiles/htdocs/ss/venv/lib/python3.9/site-packages/flask/templating.py", line 99, in _get_source_fast
    raise TemplateNotFound(template)
jinja2.exceptions.TemplateNotFound: index.html
2024-11-14 17:19:19,163 - app.database - INFO - Conexão com banco de dados fechada
2024-11-14 17:19:19,163 - werkzeug - INFO - 127.0.0.1 - - [14/Nov/2024 17:19:19] "[32mGET / HTTP/1.1[0m" 302 -
2024-11-14 17:19:19,169 - app.database - INFO - Conexão com banco de dados estabelecida
2024-11-14 17:19:19,170 - app.routes - DEBUG - Número de pacientes recuperados: 3
2024-11-14 17:19:19,170 - app.routes - ERROR - Erro na rota index: index.html
Traceback (most recent call last):
  File "/Applications/XAMPP/xamppfiles/htdocs/ss/app/routes.py", line 70, in index
    return render_template('index.html',
  File "/Applications/XAMPP/xamppfiles/htdocs/ss/venv/lib/python3.9/site-packages/flask/templating.py", line 149, in render_template
    template = app.jinja_env.get_or_select_template(template_name_or_list)
  File "/Applications/XAMPP/xamppfiles/htdocs/ss/venv/lib/python3.9/site-packages/jinja2/environment.py", line 1084, in get_or_select_template
    return self.get_template(template_name_or_list, parent, globals)
  File "/Applications/XAMPP/xamppfiles/htdocs/ss/venv/lib/python3.9/site-packages/jinja2/environment.py", line 1013, in get_template
    return self._load_template(name, globals)
  File "/Applications/XAMPP/xamppfiles/htdocs/ss/venv/lib/python3.9/site-packages/jinja2/environment.py", line 972, in _load_template
    template = self.loader.load(self, name, self.make_globals(globals))
  File "/Applications/XAMPP/xamppfiles/htdocs/ss/venv/lib/python3.9/site-packages/jinja2/loaders.py", line 126, in load
    source, filename, uptodate = self.get_source(environment, name)
  File "/Applications/XAMPP/xamppfiles/htdocs/ss/venv/lib/python3.9/site-packages/flask/templating.py", line 65, in get_source
    return self._get_source_fast(environment, template)
  File "/Applications/XAMPP/xamppfiles/htdocs/ss/venv/lib/python3.9/site-packages/flask/templating.py", line 99, in _get_source_fast
    raise TemplateNotFound(template)
jinja2.exceptions.TemplateNotFound: index.html
2024-11-14 17:19:19,171 - app.database - INFO - Conexão com banco de dados fechada
2024-11-14 17:19:19,171 - werkzeug - INFO - 127.0.0.1 - - [14/Nov/2024 17:19:19] "[32mGET / HTTP/1.1[0m" 302 -
2024-11-14 17:19:19,177 - app.database - INFO - Conexão com banco de dados estabelecida
2024-11-14 17:19:19,177 - app.routes - DEBUG - Número de pacientes recuperados: 3
2024-11-14 17:19:19,177 - app.routes - ERROR - Erro na rota index: index.html
Traceback (most recent call last):
  File "/Applications/XAMPP/xamppfiles/htdocs/ss/app/routes.py", line 70, in index
    return render_template('index.html',
  File "/Applications/XAMPP/xamppfiles/htdocs/ss/venv/lib/python3.9/site-packages/flask/templating.py", line 149, in render_template
    template = app.jinja_env.get_or_select_template(template_name_or_list)
  File "/Applications/XAMPP/xamppfiles/htdocs/ss/venv/lib/python3.9/site-packages/jinja2/environment.py", line 1084, in get_or_select_template
    return self.get_template(template_name_or_list, parent, globals)
  File "/Applications/XAMPP/xamppfiles/htdocs/ss/venv/lib/python3.9/site-packages/jinja2/environment.py", line 1013, in get_template
    return self._load_template(name, globals)
  File "/Applications/XAMPP/xamppfiles/htdocs/ss/venv/lib/python3.9/site-packages/jinja2/environment.py", line 972, in _load_template
    template = self.loader.load(self, name, self.make_globals(globals))
  File "/Applications/XAMPP/xamppfiles/htdocs/ss/venv/lib/python3.9/site-packages/jinja2/loaders.py", line 126, in load
    source, filename, uptodate = self.get_source(environment, name)
  File "/Applications/XAMPP/xamppfiles/htdocs/ss/venv/lib/python3.9/site-packages/flask/templating.py", line 65, in get_source
    return self._get_source_fast(environment, template)
  File "/Applications/XAMPP/xamppfiles/htdocs/ss/venv/lib/python3.9/site-packages/flask/templating.py", line 99, in _get_source_fast
    raise TemplateNotFound(template)
jinja2.exceptions.TemplateNotFound: index.html
2024-11-14 17:19:19,178 - app.database - INFO - Conexão com banco de dados fechada
2024-11-14 17:19:19,178 - werkzeug - INFO - 127.0.0.1 - - [14/Nov/2024 17:19:19] "[32mGET / HTTP/1.1[0m" 302 -
2024-11-14 17:19:19,184 - app.database - INFO - Conexão com banco de dados estabelecida
2024-11-14 17:19:19,184 - app.routes - DEBUG - Número de pacientes recuperados: 3
2024-11-14 17:19:19,184 - app.routes - ERROR - Erro na rota index: index.html
Traceback (most recent call last):
  File "/Applications/XAMPP/xamppfiles/htdocs/ss/app/routes.py", line 70, in index
    return render_template('index.html',
  File "/Applications/XAMPP/xamppfiles/htdocs/ss/venv/lib/python3.9/site-packages/flask/templating.py", line 149, in render_template
    template = app.jinja_env.get_or_select_template(template_name_or_list)
  File "/Applications/XAMPP/xamppfiles/htdocs/ss/venv/lib/python3.9/site-packages/jinja2/environment.py", line 1084, in get_or_select_template
    return self.get_template(template_name_or_list, parent, globals)
  File "/Applications/XAMPP/xamppfiles/htdocs/ss/venv/lib/python3.9/site-packages/jinja2/environment.py", line 1013, in get_template
    return self._load_template(name, globals)
  File "/Applications/XAMPP/xamppfiles/htdocs/ss/venv/lib/python3.9/site-packages/jinja2/environment.py", line 972, in _load_template
    template = self.loader.load(self, name, self.make_globals(globals))
  File "/Applications/XAMPP/xamppfiles/htdocs/ss/venv/lib/python3.9/site-packages/jinja2/loaders.py", line 126, in load
    source, filename, uptodate = self.get_source(environment, name)
  File "/Applications/XAMPP/xamppfiles/htdocs/ss/venv/lib/python3.9/site-packages/flask/templating.py", line 65, in get_source
    return self._get_source_fast(environment, template)
  File "/Applications/XAMPP/xamppfiles/htdocs/ss/venv/lib/python3.9/site-packages/flask/templating.py", line 99, in _get_source_fast
    raise TemplateNotFound(template)
jinja2.exceptions.TemplateNotFound: index.html
2024-11-14 17:19:19,185 - app.database - INFO - Conexão com banco de dados fechada
2024-11-14 17:19:19,185 - werkzeug - INFO - 127.0.0.1 - - [14/Nov/2024 17:19:19] "[32mGET / HTTP/1.1[0m" 302 -
2024-11-14 17:19:19,191 - app.database - INFO - Conexão com banco de dados estabelecida
2024-11-14 17:19:19,191 - app.routes - DEBUG - Número de pacientes recuperados: 3
2024-11-14 17:19:19,191 - app.routes - ERROR - Erro na rota index: index.html
Traceback (most recent call last):
  File "/Applications/XAMPP/xamppfiles/htdocs/ss/app/routes.py", line 70, in index
    return render_template('index.html',
  File "/Applications/XAMPP/xamppfiles/htdocs/ss/venv/lib/python3.9/site-packages/flask/templating.py", line 149, in render_template
    template = app.jinja_env.get_or_select_template(template_name_or_list)
  File "/Applications/XAMPP/xamppfiles/htdocs/ss/venv/lib/python3.9/site-packages/jinja2/environment.py", line 1084, in get_or_select_template
    return self.get_template(template_name_or_list, parent, globals)
  File "/Applications/XAMPP/xamppfiles/htdocs/ss/venv/lib/python3.9/site-packages/jinja2/environment.py", line 1013, in get_template
    return self._load_template(name, globals)
  File "/Applications/XAMPP/xamppfiles/htdocs/ss/venv/lib/python3.9/site-packages/jinja2/environment.py", line 972, in _load_template
    template = self.loader.load(self, name, self.make_globals(globals))
  File "/Applications/XAMPP/xamppfiles/htdocs/ss/venv/lib/python3.9/site-packages/jinja2/loaders.py", line 126, in load
    source, filename, uptodate = self.get_source(environment, name)
  File "/Applications/XAMPP/xamppfiles/htdocs/ss/venv/lib/python3.9/site-packages/flask/templating.py", line 65, in get_source
    return self._get_source_fast(environment, template)
  File "/Applications/XAMPP/xamppfiles/htdocs/ss/venv/lib/python3.9/site-packages/flask/templating.py", line 99, in _get_source_fast
    raise TemplateNotFound(template)
jinja2.exceptions.TemplateNotFound: index.html
2024-11-14 17:19:19,192 - app.database - INFO - Conexão com banco de dados fechada
2024-11-14 17:19:19,192 - werkzeug - INFO - 127.0.0.1 - - [14/Nov/2024 17:19:19] "[32mGET / HTTP/1.1[0m" 302 -
2024-11-14 17:19:19,197 - app.database - INFO - Conexão com banco de dados estabelecida
2024-11-14 17:19:19,198 - app.routes - DEBUG - Número de pacientes recuperados: 3
2024-11-14 17:19:19,198 - app.routes - ERROR - Erro na rota index: index.html
Traceback (most recent call last):
  File "/Applications/XAMPP/xamppfiles/htdocs/ss/app/routes.py", line 70, in index
    return render_template('index.html',
  File "/Applications/XAMPP/xamppfiles/htdocs/ss/venv/lib/python3.9/site-packages/flask/templating.py", line 149, in render_template
    template = app.jinja_env.get_or_select_template(template_name_or_list)
  File "/Applications/XAMPP/xamppfiles/htdocs/ss/venv/lib/python3.9/site-packages/jinja2/environment.py", line 1084, in get_or_select_template
    return self.get_template(template_name_or_list, parent, globals)
  File "/Applications/XAMPP/xamppfiles/htdocs/ss/venv/lib/python3.9/site-packages/jinja2/environment.py", line 1013, in get_template
    return self._load_template(name, globals)
  File "/Applications/XAMPP/xamppfiles/htdocs/ss/venv/lib/python3.9/site-packages/jinja2/environment.py", line 972, in _load_template
    template = self.loader.load(self, name, self.make_globals(globals))
  File "/Applications/XAMPP/xamppfiles/htdocs/ss/venv/lib/python3.9/site-packages/jinja2/loaders.py", line 126, in load
    source, filename, uptodate = self.get_source(environment, name)
  File "/Applications/XAMPP/xamppfiles/htdocs/ss/venv/lib/python3.9/site-packages/flask/templating.py", line 65, in get_source
    return self._get_source_fast(environment, template)
  File "/Applications/XAMPP/xamppfiles/htdocs/ss/venv/lib/python3.9/site-packages/flask/templating.py", line 99, in _get_source_fast
    raise TemplateNotFound(template)
jinja2.exceptions.TemplateNotFound: index.html
2024-11-14 17:19:19,199 - app.database - INFO - Conexão com banco de dados fechada
2024-11-14 17:19:19,199 - werkzeug - INFO - 127.0.0.1 - - [14/Nov/2024 17:19:19] "[32mGET / HTTP/1.1[0m" 302 -
2024-11-14 17:19:19,205 - app.database - INFO - Conexão com banco de dados estabelecida
2024-11-14 17:19:19,205 - app.routes - DEBUG - Número de pacientes recuperados: 3
2024-11-14 17:19:19,205 - app.routes - ERROR - Erro na rota index: index.html
Traceback (most recent call last):
  File "/Applications/XAMPP/xamppfiles/htdocs/ss/app/routes.py", line 70, in index
    return render_template('index.html',
  File "/Applications/XAMPP/xamppfiles/htdocs/ss/venv/lib/python3.9/site-packages/flask/templating.py", line 149, in render_template
    template = app.jinja_env.get_or_select_template(template_name_or_list)
  File "/Applications/XAMPP/xamppfiles/htdocs/ss/venv/lib/python3.9/site-packages/jinja2/environment.py", line 1084, in get_or_select_template
    return self.get_template(template_name_or_list, parent, globals)
  File "/Applications/XAMPP/xamppfiles/htdocs/ss/venv/lib/python3.9/site-packages/jinja2/environment.py", line 1013, in get_template
    return self._load_template(name, globals)
  File "/Applications/XAMPP/xamppfiles/htdocs/ss/venv/lib/python3.9/site-packages/jinja2/environment.py", line 972, in _load_template
    template = self.loader.load(self, name, self.make_globals(globals))
  File "/Applications/XAMPP/xamppfiles/htdocs/ss/venv/lib/python3.9/site-packages/jinja2/loaders.py", line 126, in load
    source, filename, uptodate = self.get_source(environment, name)
  File "/Applications/XAMPP/xamppfiles/htdocs/ss/venv/lib/python3.9/site-packages/flask/templating.py", line 65, in get_source
    return self._get_source_fast(environment, template)
  File "/Applications/XAMPP/xamppfiles/htdocs/ss/venv/lib/python3.9/site-packages/flask/templating.py", line 99, in _get_source_fast
    raise TemplateNotFound(template)
jinja2.exceptions.TemplateNotFound: index.html
2024-11-14 17:19:19,206 - app.database - INFO - Conexão com banco de dados fechada
2024-11-14 17:19:19,206 - werkzeug - INFO - 127.0.0.1 - - [14/Nov/2024 17:19:19] "[32mGET / HTTP/1.1[0m" 302 -
2024-11-14 17:19:19,211 - app.database - INFO - Conexão com banco de dados estabelecida
2024-11-14 17:19:19,212 - app.routes - DEBUG - Número de pacientes recuperados: 3
2024-11-14 17:19:19,212 - app.routes - ERROR - Erro na rota index: index.html
Traceback (most recent call last):
  File "/Applications/XAMPP/xamppfiles/htdocs/ss/app/routes.py", line 70, in index
    return render_template('index.html',
  File "/Applications/XAMPP/xamppfiles/htdocs/ss/venv/lib/python3.9/site-packages/flask/templating.py", line 149, in render_template
    template = app.jinja_env.get_or_select_template(template_name_or_list)
  File "/Applications/XAMPP/xamppfiles/htdocs/ss/venv/lib/python3.9/site-packages/jinja2/environment.py", line 1084, in get_or_select_template
    return self.get_template(template_name_or_list, parent, globals)
  File "/Applications/XAMPP/xamppfiles/htdocs/ss/venv/lib/python3.9/site-packages/jinja2/environment.py", line 1013, in get_template
    return self._load_template(name, globals)
  File "/Applications/XAMPP/xamppfiles/htdocs/ss/venv/lib/python3.9/site-packages/jinja2/environment.py", line 972, in _load_template
    template = self.loader.load(self, name, self.make_globals(globals))
  File "/Applications/XAMPP/xamppfiles/htdocs/ss/venv/lib/python3.9/site-packages/jinja2/loaders.py", line 126, in load
    source, filename, uptodate = self.get_source(environment, name)
  File "/Applications/XAMPP/xamppfiles/htdocs/ss/venv/lib/python3.9/site-packages/flask/templating.py", line 65, in get_source
    return self._get_source_fast(environment, template)
  File "/Applications/XAMPP/xamppfiles/htdocs/ss/venv/lib/python3.9/site-packages/flask/templating.py", line 99, in _get_source_fast
    raise TemplateNotFound(template)
jinja2.exceptions.TemplateNotFound: index.html
2024-11-14 17:19:19,213 - app.database - INFO - Conexão com banco de dados fechada
2024-11-14 17:19:19,213 - werkzeug - INFO - 127.0.0.1 - - [14/Nov/2024 17:19:19] "[32mGET / HTTP/1.1[0m" 302 -
2024-11-14 17:19:19,218 - app.database - INFO - Conexão com banco de dados estabelecida
2024-11-14 17:19:19,219 - app.routes - DEBUG - Número de pacientes recuperados: 3
2024-11-14 17:19:19,219 - app.routes - ERROR - Erro na rota index: index.html
Traceback (most recent call last):
  File "/Applications/XAMPP/xamppfiles/htdocs/ss/app/routes.py", line 70, in index
    return render_template('index.html',
  File "/Applications/XAMPP/xamppfiles/htdocs/ss/venv/lib/python3.9/site-packages/flask/templating.py", line 149, in render_template
    template = app.jinja_env.get_or_select_template(template_name_or_list)
  File "/Applications/XAMPP/xamppfiles/htdocs/ss/venv/lib/python3.9/site-packages/jinja2/environment.py", line 1084, in get_or_select_template
    return self.get_template(template_name_or_list, parent, globals)
  File "/Applications/XAMPP/xamppfiles/htdocs/ss/venv/lib/python3.9/site-packages/jinja2/environment.py", line 1013, in get_template
    return self._load_template(name, globals)
  File "/Applications/XAMPP/xamppfiles/htdocs/ss/venv/lib/python3.9/site-packages/jinja2/environment.py", line 972, in _load_template
    template = self.loader.load(self, name, self.make_globals(globals))
  File "/Applications/XAMPP/xamppfiles/htdocs/ss/venv/lib/python3.9/site-packages/jinja2/loaders.py", line 126, in load
    source, filename, uptodate = self.get_source(environment, name)
  File "/Applications/XAMPP/xamppfiles/htdocs/ss/venv/lib/python3.9/site-packages/flask/templating.py", line 65, in get_source
    return self._get_source_fast(environment, template)
  File "/Applications/XAMPP/xamppfiles/htdocs/ss/venv/lib/python3.9/site-packages/flask/templating.py", line 99, in _get_source_fast
    raise TemplateNotFound(template)
jinja2.exceptions.TemplateNotFound: index.html
2024-11-14 17:19:19,220 - app.database - INFO - Conexão com banco de dados fechada
2024-11-14 17:19:19,220 - werkzeug - INFO - 127.0.0.1 - - [14/Nov/2024 17:19:19] "[32mGET / HTTP/1.1[0m" 302 -
2024-11-14 17:20:25,048 - app.database - INFO - Conexão com banco de dados estabelecida
2024-11-14 17:20:25,049 - app.routes - DEBUG - Número de pacientes recuperados: 3
2024-11-14 17:20:25,049 - app.routes - ERROR - Erro na rota index: index.html
Traceback (most recent call last):
  File "/Applications/XAMPP/xamppfiles/htdocs/ss/app/routes.py", line 70, in index
    return render_template('index.html',
  File "/Applications/XAMPP/xamppfiles/htdocs/ss/venv/lib/python3.9/site-packages/flask/templating.py", line 149, in render_template
    template = app.jinja_env.get_or_select_template(template_name_or_list)
  File "/Applications/XAMPP/xamppfiles/htdocs/ss/venv/lib/python3.9/site-packages/jinja2/environment.py", line 1084, in get_or_select_template
    return self.get_template(template_name_or_list, parent, globals)
  File "/Applications/XAMPP/xamppfiles/htdocs/ss/venv/lib/python3.9/site-packages/jinja2/environment.py", line 1013, in get_template
    return self._load_template(name, globals)
  File "/Applications/XAMPP/xamppfiles/htdocs/ss/venv/lib/python3.9/site-packages/jinja2/environment.py", line 972, in _load_template
    template = self.loader.load(self, name, self.make_globals(globals))
  File "/Applications/XAMPP/xamppfiles/htdocs/ss/venv/lib/python3.9/site-packages/jinja2/loaders.py", line 126, in load
    source, filename, uptodate = self.get_source(environment, name)
  File "/Applications/XAMPP/xamppfiles/htdocs/ss/venv/lib/python3.9/site-packages/flask/templating.py", line 65, in get_source
    return self._get_source_fast(environment, template)
  File "/Applications/XAMPP/xamppfiles/htdocs/ss/venv/lib/python3.9/site-packages/flask/templating.py", line 99, in _get_source_fast
    raise TemplateNotFound(template)
jinja2.exceptions.TemplateNotFound: index.html
2024-11-14 17:20:25,050 - app.database - INFO - Conexão com banco de dados fechada
2024-11-14 17:20:25,051 - werkzeug - INFO - 127.0.0.1 - - [14/Nov/2024 17:20:25] "[32mGET / HTTP/1.1[0m" 302 -
2024-11-14 17:20:25,059 - app.database - INFO - Conexão com banco de dados estabelecida
2024-11-14 17:20:25,059 - app.routes - DEBUG - Número de pacientes recuperados: 3
2024-11-14 17:20:25,060 - app.routes - ERROR - Erro na rota index: index.html
Traceback (most recent call last):
  File "/Applications/XAMPP/xamppfiles/htdocs/ss/app/routes.py", line 70, in index
    return render_template('index.html',
  File "/Applications/XAMPP/xamppfiles/htdocs/ss/venv/lib/python3.9/site-packages/flask/templating.py", line 149, in render_template
    template = app.jinja_env.get_or_select_template(template_name_or_list)
  File "/Applications/XAMPP/xamppfiles/htdocs/ss/venv/lib/python3.9/site-packages/jinja2/environment.py", line 1084, in get_or_select_template
    return self.get_template(template_name_or_list, parent, globals)
  File "/Applications/XAMPP/xamppfiles/htdocs/ss/venv/lib/python3.9/site-packages/jinja2/environment.py", line 1013, in get_template
    return self._load_template(name, globals)
  File "/Applications/XAMPP/xamppfiles/htdocs/ss/venv/lib/python3.9/site-packages/jinja2/environment.py", line 972, in _load_template
    template = self.loader.load(self, name, self.make_globals(globals))
  File "/Applications/XAMPP/xamppfiles/htdocs/ss/venv/lib/python3.9/site-packages/jinja2/loaders.py", line 126, in load
    source, filename, uptodate = self.get_source(environment, name)
  File "/Applications/XAMPP/xamppfiles/htdocs/ss/venv/lib/python3.9/site-packages/flask/templating.py", line 65, in get_source
    return self._get_source_fast(environment, template)
  File "/Applications/XAMPP/xamppfiles/htdocs/ss/venv/lib/python3.9/site-packages/flask/templating.py", line 99, in _get_source_fast
    raise TemplateNotFound(template)
jinja2.exceptions.TemplateNotFound: index.html
2024-11-14 17:20:25,060 - app.database - INFO - Conexão com banco de dados fechada
2024-11-14 17:20:25,060 - werkzeug - INFO - 127.0.0.1 - - [14/Nov/2024 17:20:25] "[32mGET / HTTP/1.1[0m" 302 -
2024-11-14 17:20:25,064 - app.database - INFO - Conexão com banco de dados estabelecida
2024-11-14 17:20:25,064 - app.routes - DEBUG - Número de pacientes recuperados: 3
2024-11-14 17:20:25,064 - app.routes - ERROR - Erro na rota index: index.html
Traceback (most recent call last):
  File "/Applications/XAMPP/xamppfiles/htdocs/ss/app/routes.py", line 70, in index
    return render_template('index.html',
  File "/Applications/XAMPP/xamppfiles/htdocs/ss/venv/lib/python3.9/site-packages/flask/templating.py", line 149, in render_template
    template = app.jinja_env.get_or_select_template(template_name_or_list)
  File "/Applications/XAMPP/xamppfiles/htdocs/ss/venv/lib/python3.9/site-packages/jinja2/environment.py", line 1084, in get_or_select_template
    return self.get_template(template_name_or_list, parent, globals)
  File "/Applications/XAMPP/xamppfiles/htdocs/ss/venv/lib/python3.9/site-packages/jinja2/environment.py", line 1013, in get_template
    return self._load_template(name, globals)
  File "/Applications/XAMPP/xamppfiles/htdocs/ss/venv/lib/python3.9/site-packages/jinja2/environment.py", line 972, in _load_template
    template = self.loader.load(self, name, self.make_globals(globals))
  File "/Applications/XAMPP/xamppfiles/htdocs/ss/venv/lib/python3.9/site-packages/jinja2/loaders.py", line 126, in load
    source, filename, uptodate = self.get_source(environment, name)
  File "/Applications/XAMPP/xamppfiles/htdocs/ss/venv/lib/python3.9/site-packages/flask/templating.py", line 65, in get_source
    return self._get_source_fast(environment, template)
  File "/Applications/XAMPP/xamppfiles/htdocs/ss/venv/lib/python3.9/site-packages/flask/templating.py", line 99, in _get_source_fast
    raise TemplateNotFound(template)
jinja2.exceptions.TemplateNotFound: index.html
2024-11-14 17:20:25,065 - app.database - INFO - Conexão com banco de dados fechada
2024-11-14 17:20:25,065 - werkzeug - INFO - 127.0.0.1 - - [14/Nov/2024 17:20:25] "[32mGET / HTTP/1.1[0m" 302 -
2024-11-14 17:20:25,068 - app.database - INFO - Conexão com banco de dados estabelecida
2024-11-14 17:20:25,068 - app.routes - DEBUG - Número de pacientes recuperados: 3
2024-11-14 17:20:25,068 - app.routes - ERROR - Erro na rota index: index.html
Traceback (most recent call last):
  File "/Applications/XAMPP/xamppfiles/htdocs/ss/app/routes.py", line 70, in index
    return render_template('index.html',
  File "/Applications/XAMPP/xamppfiles/htdocs/ss/venv/lib/python3.9/site-packages/flask/templating.py", line 149, in render_template
    template = app.jinja_env.get_or_select_template(template_name_or_list)
  File "/Applications/XAMPP/xamppfiles/htdocs/ss/venv/lib/python3.9/site-packages/jinja2/environment.py", line 1084, in get_or_select_template
    return self.get_template(template_name_or_list, parent, globals)
  File "/Applications/XAMPP/xamppfiles/htdocs/ss/venv/lib/python3.9/site-packages/jinja2/environment.py", line 1013, in get_template
    return self._load_template(name, globals)
  File "/Applications/XAMPP/xamppfiles/htdocs/ss/venv/lib/python3.9/site-packages/jinja2/environment.py", line 972, in _load_template
    template = self.loader.load(self, name, self.make_globals(globals))
  File "/Applications/XAMPP/xamppfiles/htdocs/ss/venv/lib/python3.9/site-packages/jinja2/loaders.py", line 126, in load
    source, filename, uptodate = self.get_source(environment, name)
  File "/Applications/XAMPP/xamppfiles/htdocs/ss/venv/lib/python3.9/site-packages/flask/templating.py", line 65, in get_source
    return self._get_source_fast(environment, template)
  File "/Applications/XAMPP/xamppfiles/htdocs/ss/venv/lib/python3.9/site-packages/flask/templating.py", line 99, in _get_source_fast
    raise TemplateNotFound(template)
jinja2.exceptions.TemplateNotFound: index.html
2024-11-14 17:20:25,069 - app.database - INFO - Conexão com banco de dados fechada
2024-11-14 17:20:25,069 - werkzeug - INFO - 127.0.0.1 - - [14/Nov/2024 17:20:25] "[32mGET / HTTP/1.1[0m" 302 -
2024-11-14 17:20:25,072 - app.database - INFO - Conexão com banco de dados estabelecida
2024-11-14 17:20:25,072 - app.routes - DEBUG - Número de pacientes recuperados: 3
2024-11-14 17:20:25,072 - app.routes - ERROR - Erro na rota index: index.html
Traceback (most recent call last):
  File "/Applications/XAMPP/xamppfiles/htdocs/ss/app/routes.py", line 70, in index
    return render_template('index.html',
  File "/Applications/XAMPP/xamppfiles/htdocs/ss/venv/lib/python3.9/site-packages/flask/templating.py", line 149, in render_template
    template = app.jinja_env.get_or_select_template(template_name_or_list)
  File "/Applications/XAMPP/xamppfiles/htdocs/ss/venv/lib/python3.9/site-packages/jinja2/environment.py", line 1084, in get_or_select_template
    return self.get_template(template_name_or_list, parent, globals)
  File "/Applications/XAMPP/xamppfiles/htdocs/ss/venv/lib/python3.9/site-packages/jinja2/environment.py", line 1013, in get_template
    return self._load_template(name, globals)
  File "/Applications/XAMPP/xamppfiles/htdocs/ss/venv/lib/python3.9/site-packages/jinja2/environment.py", line 972, in _load_template
    template = self.loader.load(self, name, self.make_globals(globals))
  File "/Applications/XAMPP/xamppfiles/htdocs/ss/venv/lib/python3.9/site-packages/jinja2/loaders.py", line 126, in load
    source, filename, uptodate = self.get_source(environment, name)
  File "/Applications/XAMPP/xamppfiles/htdocs/ss/venv/lib/python3.9/site-packages/flask/templating.py", line 65, in get_source
    return self._get_source_fast(environment, template)
  File "/Applications/XAMPP/xamppfiles/htdocs/ss/venv/lib/python3.9/site-packages/flask/templating.py", line 99, in _get_source_fast
    raise TemplateNotFound(template)
jinja2.exceptions.TemplateNotFound: index.html
2024-11-14 17:20:25,073 - app.database - INFO - Conexão com banco de dados fechada
2024-11-14 17:20:25,073 - werkzeug - INFO - 127.0.0.1 - - [14/Nov/2024 17:20:25] "[32mGET / HTTP/1.1[0m" 302 -
2024-11-14 17:20:25,076 - app.database - INFO - Conexão com banco de dados estabelecida
2024-11-14 17:20:25,076 - app.routes - DEBUG - Número de pacientes recuperados: 3
2024-11-14 17:20:25,076 - app.routes - ERROR - Erro na rota index: index.html
Traceback (most recent call last):
  File "/Applications/XAMPP/xamppfiles/htdocs/ss/app/routes.py", line 70, in index
    return render_template('index.html',
  File "/Applications/XAMPP/xamppfiles/htdocs/ss/venv/lib/python3.9/site-packages/flask/templating.py", line 149, in render_template
    template = app.jinja_env.get_or_select_template(template_name_or_list)
  File "/Applications/XAMPP/xamppfiles/htdocs/ss/venv/lib/python3.9/site-packages/jinja2/environment.py", line 1084, in get_or_select_template
    return self.get_template(template_name_or_list, parent, globals)
  File "/Applications/XAMPP/xamppfiles/htdocs/ss/venv/lib/python3.9/site-packages/jinja2/environment.py", line 1013, in get_template
    return self._load_template(name, globals)
  File "/Applications/XAMPP/xamppfiles/htdocs/ss/venv/lib/python3.9/site-packages/jinja2/environment.py", line 972, in _load_template
    template = self.loader.load(self, name, self.make_globals(globals))
  File "/Applications/XAMPP/xamppfiles/htdocs/ss/venv/lib/python3.9/site-packages/jinja2/loaders.py", line 126, in load
    source, filename, uptodate = self.get_source(environment, name)
  File "/Applications/XAMPP/xamppfiles/htdocs/ss/venv/lib/python3.9/site-packages/flask/templating.py", line 65, in get_source
    return self._get_source_fast(environment, template)
  File "/Applications/XAMPP/xamppfiles/htdocs/ss/venv/lib/python3.9/site-packages/flask/templating.py", line 99, in _get_source_fast
    raise TemplateNotFound(template)
jinja2.exceptions.TemplateNotFound: index.html
2024-11-14 17:20:25,077 - app.database - INFO - Conexão com banco de dados fechada
2024-11-14 17:20:25,077 - werkzeug - INFO - 127.0.0.1 - - [14/Nov/2024 17:20:25] "[32mGET / HTTP/1.1[0m" 302 -
2024-11-14 17:20:25,080 - app.database - INFO - Conexão com banco de dados estabelecida
2024-11-14 17:20:25,080 - app.routes - DEBUG - Número de pacientes recuperados: 3
2024-11-14 17:20:25,080 - app.routes - ERROR - Erro na rota index: index.html
Traceback (most recent call last):
  File "/Applications/XAMPP/xamppfiles/htdocs/ss/app/routes.py", line 70, in index
    return render_template('index.html',
  File "/Applications/XAMPP/xamppfiles/htdocs/ss/venv/lib/python3.9/site-packages/flask/templating.py", line 149, in render_template
    template = app.jinja_env.get_or_select_template(template_name_or_list)
  File "/Applications/XAMPP/xamppfiles/htdocs/ss/venv/lib/python3.9/site-packages/jinja2/environment.py", line 1084, in get_or_select_template
    return self.get_template(template_name_or_list, parent, globals)
  File "/Applications/XAMPP/xamppfiles/htdocs/ss/venv/lib/python3.9/site-packages/jinja2/environment.py", line 1013, in get_template
    return self._load_template(name, globals)
  File "/Applications/XAMPP/xamppfiles/htdocs/ss/venv/lib/python3.9/site-packages/jinja2/environment.py", line 972, in _load_template
    template = self.loader.load(self, name, self.make_globals(globals))
  File "/Applications/XAMPP/xamppfiles/htdocs/ss/venv/lib/python3.9/site-packages/jinja2/loaders.py", line 126, in load
    source, filename, uptodate = self.get_source(environment, name)
  File "/Applications/XAMPP/xamppfiles/htdocs/ss/venv/lib/python3.9/site-packages/flask/templating.py", line 65, in get_source
    return self._get_source_fast(environment, template)
  File "/Applications/XAMPP/xamppfiles/htdocs/ss/venv/lib/python3.9/site-packages/flask/templating.py", line 99, in _get_source_fast
    raise TemplateNotFound(template)
jinja2.exceptions.TemplateNotFound: index.html
2024-11-14 17:20:25,081 - app.database - INFO - Conexão com banco de dados fechada
2024-11-14 17:20:25,081 - werkzeug - INFO - 127.0.0.1 - - [14/Nov/2024 17:20:25] "[32mGET / HTTP/1.1[0m" 302 -
2024-11-14 17:20:25,085 - app.database - INFO - Conexão com banco de dados estabelecida
2024-11-14 17:20:25,085 - app.routes - DEBUG - Número de pacientes recuperados: 3
2024-11-14 17:20:25,085 - app.routes - ERROR - Erro na rota index: index.html
Traceback (most recent call last):
  File "/Applications/XAMPP/xamppfiles/htdocs/ss/app/routes.py", line 70, in index
    return render_template('index.html',
  File "/Applications/XAMPP/xamppfiles/htdocs/ss/venv/lib/python3.9/site-packages/flask/templating.py", line 149, in render_template
    template = app.jinja_env.get_or_select_template(template_name_or_list)
  File "/Applications/XAMPP/xamppfiles/htdocs/ss/venv/lib/python3.9/site-packages/jinja2/environment.py", line 1084, in get_or_select_template
    return self.get_template(template_name_or_list, parent, globals)
  File "/Applications/XAMPP/xamppfiles/htdocs/ss/venv/lib/python3.9/site-packages/jinja2/environment.py", line 1013, in get_template
    return self._load_template(name, globals)
  File "/Applications/XAMPP/xamppfiles/htdocs/ss/venv/lib/python3.9/site-packages/jinja2/environment.py", line 972, in _load_template
    template = self.loader.load(self, name, self.make_globals(globals))
  File "/Applications/XAMPP/xamppfiles/htdocs/ss/venv/lib/python3.9/site-packages/jinja2/loaders.py", line 126, in load
    source, filename, uptodate = self.get_source(environment, name)
  File "/Applications/XAMPP/xamppfiles/htdocs/ss/venv/lib/python3.9/site-packages/flask/templating.py", line 65, in get_source
    return self._get_source_fast(environment, template)
  File "/Applications/XAMPP/xamppfiles/htdocs/ss/venv/lib/python3.9/site-packages/flask/templating.py", line 99, in _get_source_fast
    raise TemplateNotFound(template)
jinja2.exceptions.TemplateNotFound: index.html
2024-11-14 17:20:25,086 - app.database - INFO - Conexão com banco de dados fechada
2024-11-14 17:20:25,086 - werkzeug - INFO - 127.0.0.1 - - [14/Nov/2024 17:20:25] "[32mGET / HTTP/1.1[0m" 302 -
2024-11-14 17:20:25,089 - app.database - INFO - Conexão com banco de dados estabelecida
2024-11-14 17:20:25,089 - app.routes - DEBUG - Número de pacientes recuperados: 3
2024-11-14 17:20:25,089 - app.routes - ERROR - Erro na rota index: index.html
Traceback (most recent call last):
  File "/Applications/XAMPP/xamppfiles/htdocs/ss/app/routes.py", line 70, in index
    return render_template('index.html',
  File "/Applications/XAMPP/xamppfiles/htdocs/ss/venv/lib/python3.9/site-packages/flask/templating.py", line 149, in render_template
    template = app.jinja_env.get_or_select_template(template_name_or_list)
  File "/Applications/XAMPP/xamppfiles/htdocs/ss/venv/lib/python3.9/site-packages/jinja2/environment.py", line 1084, in get_or_select_template
    return self.get_template(template_name_or_list, parent, globals)
  File "/Applications/XAMPP/xamppfiles/htdocs/ss/venv/lib/python3.9/site-packages/jinja2/environment.py", line 1013, in get_template
    return self._load_template(name, globals)
  File "/Applications/XAMPP/xamppfiles/htdocs/ss/venv/lib/python3.9/site-packages/jinja2/environment.py", line 972, in _load_template
    template = self.loader.load(self, name, self.make_globals(globals))
  File "/Applications/XAMPP/xamppfiles/htdocs/ss/venv/lib/python3.9/site-packages/jinja2/loaders.py", line 126, in load
    source, filename, uptodate = self.get_source(environment, name)
  File "/Applications/XAMPP/xamppfiles/htdocs/ss/venv/lib/python3.9/site-packages/flask/templating.py", line 65, in get_source
    return self._get_source_fast(environment, template)
  File "/Applications/XAMPP/xamppfiles/htdocs/ss/venv/lib/python3.9/site-packages/flask/templating.py", line 99, in _get_source_fast
    raise TemplateNotFound(template)
jinja2.exceptions.TemplateNotFound: index.html
2024-11-14 17:20:25,090 - app.database - INFO - Conexão com banco de dados fechada
2024-11-14 17:20:25,090 - werkzeug - INFO - 127.0.0.1 - - [14/Nov/2024 17:20:25] "[32mGET / HTTP/1.1[0m" 302 -
2024-11-14 17:20:25,093 - app.database - INFO - Conexão com banco de dados estabelecida
2024-11-14 17:20:25,094 - app.routes - DEBUG - Número de pacientes recuperados: 3
2024-11-14 17:20:25,094 - app.routes - ERROR - Erro na rota index: index.html
Traceback (most recent call last):
  File "/Applications/XAMPP/xamppfiles/htdocs/ss/app/routes.py", line 70, in index
    return render_template('index.html',
  File "/Applications/XAMPP/xamppfiles/htdocs/ss/venv/lib/python3.9/site-packages/flask/templating.py", line 149, in render_template
    template = app.jinja_env.get_or_select_template(template_name_or_list)
  File "/Applications/XAMPP/xamppfiles/htdocs/ss/venv/lib/python3.9/site-packages/jinja2/environment.py", line 1084, in get_or_select_template
    return self.get_template(template_name_or_list, parent, globals)
  File "/Applications/XAMPP/xamppfiles/htdocs/ss/venv/lib/python3.9/site-packages/jinja2/environment.py", line 1013, in get_template
    return self._load_template(name, globals)
  File "/Applications/XAMPP/xamppfiles/htdocs/ss/venv/lib/python3.9/site-packages/jinja2/environment.py", line 972, in _load_template
    template = self.loader.load(self, name, self.make_globals(globals))
  File "/Applications/XAMPP/xamppfiles/htdocs/ss/venv/lib/python3.9/site-packages/jinja2/loaders.py", line 126, in load
    source, filename, uptodate = self.get_source(environment, name)
  File "/Applications/XAMPP/xamppfiles/htdocs/ss/venv/lib/python3.9/site-packages/flask/templating.py", line 65, in get_source
    return self._get_source_fast(environment, template)
  File "/Applications/XAMPP/xamppfiles/htdocs/ss/venv/lib/python3.9/site-packages/flask/templating.py", line 99, in _get_source_fast
    raise TemplateNotFound(template)
jinja2.exceptions.TemplateNotFound: index.html
2024-11-14 17:20:25,094 - app.database - INFO - Conexão com banco de dados fechada
2024-11-14 17:20:25,094 - werkzeug - INFO - 127.0.0.1 - - [14/Nov/2024 17:20:25] "[32mGET / HTTP/1.1[0m" 302 -
2024-11-14 17:20:25,097 - app.database - INFO - Conexão com banco de dados estabelecida
2024-11-14 17:20:25,097 - app.routes - DEBUG - Número de pacientes recuperados: 3
2024-11-14 17:20:25,098 - app.routes - ERROR - Erro na rota index: index.html
Traceback (most recent call last):
  File "/Applications/XAMPP/xamppfiles/htdocs/ss/app/routes.py", line 70, in index
    return render_template('index.html',
  File "/Applications/XAMPP/xamppfiles/htdocs/ss/venv/lib/python3.9/site-packages/flask/templating.py", line 149, in render_template
    template = app.jinja_env.get_or_select_template(template_name_or_list)
  File "/Applications/XAMPP/xamppfiles/htdocs/ss/venv/lib/python3.9/site-packages/jinja2/environment.py", line 1084, in get_or_select_template
    return self.get_template(template_name_or_list, parent, globals)
  File "/Applications/XAMPP/xamppfiles/htdocs/ss/venv/lib/python3.9/site-packages/jinja2/environment.py", line 1013, in get_template
    return self._load_template(name, globals)
  File "/Applications/XAMPP/xamppfiles/htdocs/ss/venv/lib/python3.9/site-packages/jinja2/environment.py", line 972, in _load_template
    template = self.loader.load(self, name, self.make_globals(globals))
  File "/Applications/XAMPP/xamppfiles/htdocs/ss/venv/lib/python3.9/site-packages/jinja2/loaders.py", line 126, in load
    source, filename, uptodate = self.get_source(environment, name)
  File "/Applications/XAMPP/xamppfiles/htdocs/ss/venv/lib/python3.9/site-packages/flask/templating.py", line 65, in get_source
    return self._get_source_fast(environment, template)
  File "/Applications/XAMPP/xamppfiles/htdocs/ss/venv/lib/python3.9/site-packages/flask/templating.py", line 99, in _get_source_fast
    raise TemplateNotFound(template)
jinja2.exceptions.TemplateNotFound: index.html
2024-11-14 17:20:25,099 - app.database - INFO - Conexão com banco de dados fechada
2024-11-14 17:20:25,099 - werkzeug - INFO - 127.0.0.1 - - [14/Nov/2024 17:20:25] "[32mGET / HTTP/1.1[0m" 302 -
2024-11-14 17:20:25,102 - app.database - INFO - Conexão com banco de dados estabelecida
2024-11-14 17:20:25,103 - app.routes - DEBUG - Número de pacientes recuperados: 3
2024-11-14 17:20:25,103 - app.routes - ERROR - Erro na rota index: index.html
Traceback (most recent call last):
  File "/Applications/XAMPP/xamppfiles/htdocs/ss/app/routes.py", line 70, in index
    return render_template('index.html',
  File "/Applications/XAMPP/xamppfiles/htdocs/ss/venv/lib/python3.9/site-packages/flask/templating.py", line 149, in render_template
    template = app.jinja_env.get_or_select_template(template_name_or_list)
  File "/Applications/XAMPP/xamppfiles/htdocs/ss/venv/lib/python3.9/site-packages/jinja2/environment.py", line 1084, in get_or_select_template
    return self.get_template(template_name_or_list, parent, globals)
  File "/Applications/XAMPP/xamppfiles/htdocs/ss/venv/lib/python3.9/site-packages/jinja2/environment.py", line 1013, in get_template
    return self._load_template(name, globals)
  File "/Applications/XAMPP/xamppfiles/htdocs/ss/venv/lib/python3.9/site-packages/jinja2/environment.py", line 972, in _load_template
    template = self.loader.load(self, name, self.make_globals(globals))
  File "/Applications/XAMPP/xamppfiles/htdocs/ss/venv/lib/python3.9/site-packages/jinja2/loaders.py", line 126, in load
    source, filename, uptodate = self.get_source(environment, name)
  File "/Applications/XAMPP/xamppfiles/htdocs/ss/venv/lib/python3.9/site-packages/flask/templating.py", line 65, in get_source
    return self._get_source_fast(environment, template)
  File "/Applications/XAMPP/xamppfiles/htdocs/ss/venv/lib/python3.9/site-packages/flask/templating.py", line 99, in _get_source_fast
    raise TemplateNotFound(template)
jinja2.exceptions.TemplateNotFound: index.html
2024-11-14 17:20:25,103 - app.database - INFO - Conexão com banco de dados fechada
2024-11-14 17:20:25,103 - werkzeug - INFO - 127.0.0.1 - - [14/Nov/2024 17:20:25] "[32mGET / HTTP/1.1[0m" 302 -
2024-11-14 17:20:25,106 - app.database - INFO - Conexão com banco de dados estabelecida
2024-11-14 17:20:25,107 - app.routes - DEBUG - Número de pacientes recuperados: 3
2024-11-14 17:20:25,107 - app.routes - ERROR - Erro na rota index: index.html
Traceback (most recent call last):
  File "/Applications/XAMPP/xamppfiles/htdocs/ss/app/routes.py", line 70, in index
    return render_template('index.html',
  File "/Applications/XAMPP/xamppfiles/htdocs/ss/venv/lib/python3.9/site-packages/flask/templating.py", line 149, in render_template
    template = app.jinja_env.get_or_select_template(template_name_or_list)
  File "/Applications/XAMPP/xamppfiles/htdocs/ss/venv/lib/python3.9/site-packages/jinja2/environment.py", line 1084, in get_or_select_template
    return self.get_template(template_name_or_list, parent, globals)
  File "/Applications/XAMPP/xamppfiles/htdocs/ss/venv/lib/python3.9/site-packages/jinja2/environment.py", line 1013, in get_template
    return self._load_template(name, globals)
  File "/Applications/XAMPP/xamppfiles/htdocs/ss/venv/lib/python3.9/site-packages/jinja2/environment.py", line 972, in _load_template
    template = self.loader.load(self, name, self.make_globals(globals))
  File "/Applications/XAMPP/xamppfiles/htdocs/ss/venv/lib/python3.9/site-packages/jinja2/loaders.py", line 126, in load
    source, filename, uptodate = self.get_source(environment, name)
  File "/Applications/XAMPP/xamppfiles/htdocs/ss/venv/lib/python3.9/site-packages/flask/templating.py", line 65, in get_source
    return self._get_source_fast(environment, template)
  File "/Applications/XAMPP/xamppfiles/htdocs/ss/venv/lib/python3.9/site-packages/flask/templating.py", line 99, in _get_source_fast
    raise TemplateNotFound(template)
jinja2.exceptions.TemplateNotFound: index.html
2024-11-14 17:20:25,107 - app.database - INFO - Conexão com banco de dados fechada
2024-11-14 17:20:25,107 - werkzeug - INFO - 127.0.0.1 - - [14/Nov/2024 17:20:25] "[32mGET / HTTP/1.1[0m" 302 -
2024-11-14 17:20:25,111 - app.database - INFO - Conexão com banco de dados estabelecida
2024-11-14 17:20:25,111 - app.routes - DEBUG - Número de pacientes recuperados: 3
2024-11-14 17:20:25,111 - app.routes - ERROR - Erro na rota index: index.html
Traceback (most recent call last):
  File "/Applications/XAMPP/xamppfiles/htdocs/ss/app/routes.py", line 70, in index
    return render_template('index.html',
  File "/Applications/XAMPP/xamppfiles/htdocs/ss/venv/lib/python3.9/site-packages/flask/templating.py", line 149, in render_template
    template = app.jinja_env.get_or_select_template(template_name_or_list)
  File "/Applications/XAMPP/xamppfiles/htdocs/ss/venv/lib/python3.9/site-packages/jinja2/environment.py", line 1084, in get_or_select_template
    return self.get_template(template_name_or_list, parent, globals)
  File "/Applications/XAMPP/xamppfiles/htdocs/ss/venv/lib/python3.9/site-packages/jinja2/environment.py", line 1013, in get_template
    return self._load_template(name, globals)
  File "/Applications/XAMPP/xamppfiles/htdocs/ss/venv/lib/python3.9/site-packages/jinja2/environment.py", line 972, in _load_template
    template = self.loader.load(self, name, self.make_globals(globals))
  File "/Applications/XAMPP/xamppfiles/htdocs/ss/venv/lib/python3.9/site-packages/jinja2/loaders.py", line 126, in load
    source, filename, uptodate = self.get_source(environment, name)
  File "/Applications/XAMPP/xamppfiles/htdocs/ss/venv/lib/python3.9/site-packages/flask/templating.py", line 65, in get_source
    return self._get_source_fast(environment, template)
  File "/Applications/XAMPP/xamppfiles/htdocs/ss/venv/lib/python3.9/site-packages/flask/templating.py", line 99, in _get_source_fast
    raise TemplateNotFound(template)
jinja2.exceptions.TemplateNotFound: index.html
2024-11-14 17:20:25,111 - app.database - INFO - Conexão com banco de dados fechada
2024-11-14 17:20:25,111 - werkzeug - INFO - 127.0.0.1 - - [14/Nov/2024 17:20:25] "[32mGET / HTTP/1.1[0m" 302 -
2024-11-14 17:20:25,115 - app.database - INFO - Conexão com banco de dados estabelecida
2024-11-14 17:20:25,115 - app.routes - DEBUG - Número de pacientes recuperados: 3
2024-11-14 17:20:25,115 - app.routes - ERROR - Erro na rota index: index.html
Traceback (most recent call last):
  File "/Applications/XAMPP/xamppfiles/htdocs/ss/app/routes.py", line 70, in index
    return render_template('index.html',
  File "/Applications/XAMPP/xamppfiles/htdocs/ss/venv/lib/python3.9/site-packages/flask/templating.py", line 149, in render_template
    template = app.jinja_env.get_or_select_template(template_name_or_list)
  File "/Applications/XAMPP/xamppfiles/htdocs/ss/venv/lib/python3.9/site-packages/jinja2/environment.py", line 1084, in get_or_select_template
    return self.get_template(template_name_or_list, parent, globals)
  File "/Applications/XAMPP/xamppfiles/htdocs/ss/venv/lib/python3.9/site-packages/jinja2/environment.py", line 1013, in get_template
    return self._load_template(name, globals)
  File "/Applications/XAMPP/xamppfiles/htdocs/ss/venv/lib/python3.9/site-packages/jinja2/environment.py", line 972, in _load_template
    template = self.loader.load(self, name, self.make_globals(globals))
  File "/Applications/XAMPP/xamppfiles/htdocs/ss/venv/lib/python3.9/site-packages/jinja2/loaders.py", line 126, in load
    source, filename, uptodate = self.get_source(environment, name)
  File "/Applications/XAMPP/xamppfiles/htdocs/ss/venv/lib/python3.9/site-packages/flask/templating.py", line 65, in get_source
    return self._get_source_fast(environment, template)
  File "/Applications/XAMPP/xamppfiles/htdocs/ss/venv/lib/python3.9/site-packages/flask/templating.py", line 99, in _get_source_fast
    raise TemplateNotFound(template)
jinja2.exceptions.TemplateNotFound: index.html
2024-11-14 17:20:25,116 - app.database - INFO - Conexão com banco de dados fechada
2024-11-14 17:20:25,116 - werkzeug - INFO - 127.0.0.1 - - [14/Nov/2024 17:20:25] "[32mGET / HTTP/1.1[0m" 302 -
2024-11-14 17:20:25,120 - app.database - INFO - Conexão com banco de dados estabelecida
2024-11-14 17:20:25,120 - app.routes - DEBUG - Número de pacientes recuperados: 3
2024-11-14 17:20:25,120 - app.routes - ERROR - Erro na rota index: index.html
Traceback (most recent call last):
  File "/Applications/XAMPP/xamppfiles/htdocs/ss/app/routes.py", line 70, in index
    return render_template('index.html',
  File "/Applications/XAMPP/xamppfiles/htdocs/ss/venv/lib/python3.9/site-packages/flask/templating.py", line 149, in render_template
    template = app.jinja_env.get_or_select_template(template_name_or_list)
  File "/Applications/XAMPP/xamppfiles/htdocs/ss/venv/lib/python3.9/site-packages/jinja2/environment.py", line 1084, in get_or_select_template
    return self.get_template(template_name_or_list, parent, globals)
  File "/Applications/XAMPP/xamppfiles/htdocs/ss/venv/lib/python3.9/site-packages/jinja2/environment.py", line 1013, in get_template
    return self._load_template(name, globals)
  File "/Applications/XAMPP/xamppfiles/htdocs/ss/venv/lib/python3.9/site-packages/jinja2/environment.py", line 972, in _load_template
    template = self.loader.load(self, name, self.make_globals(globals))
  File "/Applications/XAMPP/xamppfiles/htdocs/ss/venv/lib/python3.9/site-packages/jinja2/loaders.py", line 126, in load
    source, filename, uptodate = self.get_source(environment, name)
  File "/Applications/XAMPP/xamppfiles/htdocs/ss/venv/lib/python3.9/site-packages/flask/templating.py", line 65, in get_source
    return self._get_source_fast(environment, template)
  File "/Applications/XAMPP/xamppfiles/htdocs/ss/venv/lib/python3.9/site-packages/flask/templating.py", line 99, in _get_source_fast
    raise TemplateNotFound(template)
jinja2.exceptions.TemplateNotFound: index.html
2024-11-14 17:20:25,120 - app.database - INFO - Conexão com banco de dados fechada
2024-11-14 17:20:25,120 - werkzeug - INFO - 127.0.0.1 - - [14/Nov/2024 17:20:25] "[32mGET / HTTP/1.1[0m" 302 -
2024-11-14 17:20:25,124 - app.database - INFO - Conexão com banco de dados estabelecida
2024-11-14 17:20:25,124 - app.routes - DEBUG - Número de pacientes recuperados: 3
2024-11-14 17:20:25,124 - app.routes - ERROR - Erro na rota index: index.html
Traceback (most recent call last):
  File "/Applications/XAMPP/xamppfiles/htdocs/ss/app/routes.py", line 70, in index
    return render_template('index.html',
  File "/Applications/XAMPP/xamppfiles/htdocs/ss/venv/lib/python3.9/site-packages/flask/templating.py", line 149, in render_template
    template = app.jinja_env.get_or_select_template(template_name_or_list)
  File "/Applications/XAMPP/xamppfiles/htdocs/ss/venv/lib/python3.9/site-packages/jinja2/environment.py", line 1084, in get_or_select_template
    return self.get_template(template_name_or_list, parent, globals)
  File "/Applications/XAMPP/xamppfiles/htdocs/ss/venv/lib/python3.9/site-packages/jinja2/environment.py", line 1013, in get_template
    return self._load_template(name, globals)
  File "/Applications/XAMPP/xamppfiles/htdocs/ss/venv/lib/python3.9/site-packages/jinja2/environment.py", line 972, in _load_template
    template = self.loader.load(self, name, self.make_globals(globals))
  File "/Applications/XAMPP/xamppfiles/htdocs/ss/venv/lib/python3.9/site-packages/jinja2/loaders.py", line 126, in load
    source, filename, uptodate = self.get_source(environment, name)
  File "/Applications/XAMPP/xamppfiles/htdocs/ss/venv/lib/python3.9/site-packages/flask/templating.py", line 65, in get_source
    return self._get_source_fast(environment, template)
  File "/Applications/XAMPP/xamppfiles/htdocs/ss/venv/lib/python3.9/site-packages/flask/templating.py", line 99, in _get_source_fast
    raise TemplateNotFound(template)
jinja2.exceptions.TemplateNotFound: index.html
2024-11-14 17:20:25,125 - app.database - INFO - Conexão com banco de dados fechada
2024-11-14 17:20:25,125 - werkzeug - INFO - 127.0.0.1 - - [14/Nov/2024 17:20:25] "[32mGET / HTTP/1.1[0m" 302 -
2024-11-14 17:20:25,128 - app.database - INFO - Conexão com banco de dados estabelecida
2024-11-14 17:20:25,128 - app.routes - DEBUG - Número de pacientes recuperados: 3
2024-11-14 17:20:25,128 - app.routes - ERROR - Erro na rota index: index.html
Traceback (most recent call last):
  File "/Applications/XAMPP/xamppfiles/htdocs/ss/app/routes.py", line 70, in index
    return render_template('index.html',
  File "/Applications/XAMPP/xamppfiles/htdocs/ss/venv/lib/python3.9/site-packages/flask/templating.py", line 149, in render_template
    template = app.jinja_env.get_or_select_template(template_name_or_list)
  File "/Applications/XAMPP/xamppfiles/htdocs/ss/venv/lib/python3.9/site-packages/jinja2/environment.py", line 1084, in get_or_select_template
    return self.get_template(template_name_or_list, parent, globals)
  File "/Applications/XAMPP/xamppfiles/htdocs/ss/venv/lib/python3.9/site-packages/jinja2/environment.py", line 1013, in get_template
    return self._load_template(name, globals)
  File "/Applications/XAMPP/xamppfiles/htdocs/ss/venv/lib/python3.9/site-packages/jinja2/environment.py", line 972, in _load_template
    template = self.loader.load(self, name, self.make_globals(globals))
  File "/Applications/XAMPP/xamppfiles/htdocs/ss/venv/lib/python3.9/site-packages/jinja2/loaders.py", line 126, in load
    source, filename, uptodate = self.get_source(environment, name)
  File "/Applications/XAMPP/xamppfiles/htdocs/ss/venv/lib/python3.9/site-packages/flask/templating.py", line 65, in get_source
    return self._get_source_fast(environment, template)
  File "/Applications/XAMPP/xamppfiles/htdocs/ss/venv/lib/python3.9/site-packages/flask/templating.py", line 99, in _get_source_fast
    raise TemplateNotFound(template)
jinja2.exceptions.TemplateNotFound: index.html
2024-11-14 17:20:25,129 - app.database - INFO - Conexão com banco de dados fechada
2024-11-14 17:20:25,129 - werkzeug - INFO - 127.0.0.1 - - [14/Nov/2024 17:20:25] "[32mGET / HTTP/1.1[0m" 302 -
2024-11-14 17:20:25,133 - app.database - INFO - Conexão com banco de dados estabelecida
2024-11-14 17:20:25,133 - app.routes - DEBUG - Número de pacientes recuperados: 3
2024-11-14 17:20:25,133 - app.routes - ERROR - Erro na rota index: index.html
Traceback (most recent call last):
  File "/Applications/XAMPP/xamppfiles/htdocs/ss/app/routes.py", line 70, in index
    return render_template('index.html',
  File "/Applications/XAMPP/xamppfiles/htdocs/ss/venv/lib/python3.9/site-packages/flask/templating.py", line 149, in render_template
    template = app.jinja_env.get_or_select_template(template_name_or_list)
  File "/Applications/XAMPP/xamppfiles/htdocs/ss/venv/lib/python3.9/site-packages/jinja2/environment.py", line 1084, in get_or_select_template
    return self.get_template(template_name_or_list, parent, globals)
  File "/Applications/XAMPP/xamppfiles/htdocs/ss/venv/lib/python3.9/site-packages/jinja2/environment.py", line 1013, in get_template
    return self._load_template(name, globals)
  File "/Applications/XAMPP/xamppfiles/htdocs/ss/venv/lib/python3.9/site-packages/jinja2/environment.py", line 972, in _load_template
    template = self.loader.load(self, name, self.make_globals(globals))
  File "/Applications/XAMPP/xamppfiles/htdocs/ss/venv/lib/python3.9/site-packages/jinja2/loaders.py", line 126, in load
    source, filename, uptodate = self.get_source(environment, name)
  File "/Applications/XAMPP/xamppfiles/htdocs/ss/venv/lib/python3.9/site-packages/flask/templating.py", line 65, in get_source
    return self._get_source_fast(environment, template)
  File "/Applications/XAMPP/xamppfiles/htdocs/ss/venv/lib/python3.9/site-packages/flask/templating.py", line 99, in _get_source_fast
    raise TemplateNotFound(template)
jinja2.exceptions.TemplateNotFound: index.html
2024-11-14 17:20:25,134 - app.database - INFO - Conexão com banco de dados fechada
2024-11-14 17:20:25,134 - werkzeug - INFO - 127.0.0.1 - - [14/Nov/2024 17:20:25] "[32mGET / HTTP/1.1[0m" 302 -
2024-11-14 17:20:25,137 - app.database - INFO - Conexão com banco de dados estabelecida
2024-11-14 17:20:25,137 - app.routes - DEBUG - Número de pacientes recuperados: 3
2024-11-14 17:20:25,137 - app.routes - ERROR - Erro na rota index: index.html
Traceback (most recent call last):
  File "/Applications/XAMPP/xamppfiles/htdocs/ss/app/routes.py", line 70, in index
    return render_template('index.html',
  File "/Applications/XAMPP/xamppfiles/htdocs/ss/venv/lib/python3.9/site-packages/flask/templating.py", line 149, in render_template
    template = app.jinja_env.get_or_select_template(template_name_or_list)
  File "/Applications/XAMPP/xamppfiles/htdocs/ss/venv/lib/python3.9/site-packages/jinja2/environment.py", line 1084, in get_or_select_template
    return self.get_template(template_name_or_list, parent, globals)
  File "/Applications/XAMPP/xamppfiles/htdocs/ss/venv/lib/python3.9/site-packages/jinja2/environment.py", line 1013, in get_template
    return self._load_template(name, globals)
  File "/Applications/XAMPP/xamppfiles/htdocs/ss/venv/lib/python3.9/site-packages/jinja2/environment.py", line 972, in _load_template
    template = self.loader.load(self, name, self.make_globals(globals))
  File "/Applications/XAMPP/xamppfiles/htdocs/ss/venv/lib/python3.9/site-packages/jinja2/loaders.py", line 126, in load
    source, filename, uptodate = self.get_source(environment, name)
  File "/Applications/XAMPP/xamppfiles/htdocs/ss/venv/lib/python3.9/site-packages/flask/templating.py", line 65, in get_source
    return self._get_source_fast(environment, template)
  File "/Applications/XAMPP/xamppfiles/htdocs/ss/venv/lib/python3.9/site-packages/flask/templating.py", line 99, in _get_source_fast
    raise TemplateNotFound(template)
jinja2.exceptions.TemplateNotFound: index.html
2024-11-14 17:20:25,138 - app.database - INFO - Conexão com banco de dados fechada
2024-11-14 17:20:25,138 - werkzeug - INFO - 127.0.0.1 - - [14/Nov/2024 17:20:25] "[32mGET / HTTP/1.1[0m" 302 -
2024-11-14 17:20:25,141 - app.database - INFO - Conexão com banco de dados estabelecida
2024-11-14 17:20:25,141 - app.routes - DEBUG - Número de pacientes recuperados: 3
2024-11-14 17:20:25,141 - app.routes - ERROR - Erro na rota index: index.html
Traceback (most recent call last):
  File "/Applications/XAMPP/xamppfiles/htdocs/ss/app/routes.py", line 70, in index
    return render_template('index.html',
  File "/Applications/XAMPP/xamppfiles/htdocs/ss/venv/lib/python3.9/site-packages/flask/templating.py", line 149, in render_template
    template = app.jinja_env.get_or_select_template(template_name_or_list)
  File "/Applications/XAMPP/xamppfiles/htdocs/ss/venv/lib/python3.9/site-packages/jinja2/environment.py", line 1084, in get_or_select_template
    return self.get_template(template_name_or_list, parent, globals)
  File "/Applications/XAMPP/xamppfiles/htdocs/ss/venv/lib/python3.9/site-packages/jinja2/environment.py", line 1013, in get_template
    return self._load_template(name, globals)
  File "/Applications/XAMPP/xamppfiles/htdocs/ss/venv/lib/python3.9/site-packages/jinja2/environment.py", line 972, in _load_template
    template = self.loader.load(self, name, self.make_globals(globals))
  File "/Applications/XAMPP/xamppfiles/htdocs/ss/venv/lib/python3.9/site-packages/jinja2/loaders.py", line 126, in load
    source, filename, uptodate = self.get_source(environment, name)
  File "/Applications/XAMPP/xamppfiles/htdocs/ss/venv/lib/python3.9/site-packages/flask/templating.py", line 65, in get_source
    return self._get_source_fast(environment, template)
  File "/Applications/XAMPP/xamppfiles/htdocs/ss/venv/lib/python3.9/site-packages/flask/templating.py", line 99, in _get_source_fast
    raise TemplateNotFound(template)
jinja2.exceptions.TemplateNotFound: index.html
2024-11-14 17:20:25,142 - app.database - INFO - Conexão com banco de dados fechada
2024-11-14 17:20:25,142 - werkzeug - INFO - 127.0.0.1 - - [14/Nov/2024 17:20:25] "[32mGET / HTTP/1.1[0m" 302 -
